2026-09-22 18:13:19.798660 ?     Out ifindex 9 b2:c3:0b:a3:22:33 ethertype IPv4 (0x0800), length 264: (tos 0x0, ttl 64, id 40460, offset 0, flags [none], proto RSVP (46), length 244, options (RA))
    198.18.1.1 > 198.18.3.1: 
	RSVPv1 Path Message (1), Flags: [none], length: 220, ttl: 64, checksum: 0xef01
	  Session Object (1) Flags: [reject if unknown], Class-Type: Tunnel IPv4 (7), length: 16
	    IPv4 Tunnel EndPoint: 198.18.3.1, Tunnel ID: 0x005b, Extended Tunnel ID: 198.18.1.1
	    0x0000:  c612 0301 0000 005b c612 0101
	  RSVP Hop Object (3) Flags: [reject if unknown], Class-Type: IPv4 (1), length: 12
	    Previous/Next Interface: 10.11.0.1, Logical Interface Handle: 0x00000000
	    0x0000:  0a0b 0001 0000 0000
	  Time Values Object (5) Flags: [reject if unknown], Class-Type: 1 (1), length: 8
	    Refresh Period: 1000ms
	    0x0000:  0000 03e8
	  ERO Object (20) Flags: [reject if unknown], Class-Type: IPv4 (1), length: 20
	    Subobject Type: IPv4 prefix, length 8, Strict, 198.18.2.1/32, Flags: [none]
	    Subobject Type: IPv4 prefix, length 8, Loose, 198.18.3.1/32, Flags: [none]
	    0x0000:  0108 c612 0201 2000 8108 c612 0301 2000
	  Label Request Object (19) Flags: [reject if unknown], Class-Type: without label range (1), length: 8
	    L3 Protocol ID: IPv4
	    0x0000:  0000 0800
	  Session Attribute Object (207) Flags: [ignore and forward if unknown], Class-Type: Tunnel IPv4 (7), length: 16
	    Session Name: denied
	    Setup Priority: 7, Holding Priority: 7, Flags: [Local Protection, Label Recording, SE Style] (0x7)
	    0x0000:  0707 0706 6465 6e69 6564 0000
	  Fast Re-Route Object (205) Flags: [ignore and forward if unknown], Class-Type: 1 (1), length: 24
	    Setup Priority: 7, Holding Priority: 7, Hop-limit: 16, Bandwidth: 0.001000000047 Mbps
	    Include-any: 0x00000000, Exclude-any: 0x00000000, Include-all: 0x00000000
	    0x0000:  0707 1002 42fa 0000 0000 0000 0000 0000
	    0x0010:  0000 0000
	  Sender Template Object (11) Flags: [reject if unknown], Class-Type: Tunnel IPv4 (7), length: 12
	    IPv4 Tunnel Sender Address: 198.18.1.1, LSP-ID: 0x0001
	    0x0000:  c612 0101 0000 0001
	  Sender TSpec Object (12) Flags: [reject if unknown], Class-Type: IntServ (2), length: 36
	    Msg-Version: 0, length: 28
	    Service Type: Default/Global Information (1), break bit not set, Service length: 24
	      Parameter ID: Token Bucket TSpec (127), length: 20, Flags: [0x00]
		Token Bucket Rate: 0.001000000047 Mbps
		Token Bucket Size: 125 bytes
		Peak Data Rate: 0.001000000047 Mbps
		Minimum Policed Unit: 20 bytes
		Maximum Packet Size: 65535 bytes
	    0x0000:  0000 0007 0100 0006 7f00 0005 42fa 0000
	    0x0010:  42fa 0000 42fa 0000 0000 0014 0000 ffff
	  Adspec Object (13) Flags: [reject if unknown], Class-Type: IntServ (2), length: 48
	    Msg-Version: 0, length: 40
	    Service Type: Default/Global Information (1), break bit not set, Service length: 32
	      Parameter ID: IS hop cnt (4), length: 4, Flags: [0x00]
		IS hop count: 1
	      Parameter ID: Path b/w estimate (6), length: 4, Flags: [0x00]
		Path b/w estimate: 0 Mbps
	      Parameter ID: Minimum path latency (8), length: 4, Flags: [0x00]
		Minimum path latency: don't care
	      Parameter ID: Composed MTU (10), length: 4, Flags: [0x00]
		Composed MTU: 1500 bytes
	    Service Type: Controlled Load (5), break bit not set, Service length: 0
	    0x0000:  0000 000a 0100 0008 0400 0001 0000 0001
	    0x0010:  0600 0001 0000 0000 0800 0001 ffff ffff
	    0x0020:  0a00 0001 0000 05dc 0500 0000
	  RRO Object (21) Flags: [reject if unknown], Class-Type: IPv4 (1), length: 12
	    Subobject Type: IPv4 prefix, length 8, Strict, 198.18.1.1/32, Flags: [none]
	    0x0000:  0108 c612 0101 2000
2026-09-22 18:13:19.809964 ?     In  ifindex 9 c2:9e:95:20:4a:9c ethertype IPv4 (0x0800), length 124: (tos 0x0, ttl 64, id 22944, offset 0, flags [DF], proto RSVP (46), length 104)
    10.11.0.2 > 10.11.0.1: 
	RSVPv1 PathErr Message (3), Flags: [none], length: 84, ttl: 64, checksum: 0x2775
	  Session Object (1) Flags: [reject if unknown], Class-Type: Tunnel IPv4 (7), length: 16
	    IPv4 Tunnel EndPoint: 198.18.3.1, Tunnel ID: 0x005b, Extended Tunnel ID: 198.18.1.1
	    0x0000:  c612 0301 0000 005b c612 0101
	  Error Spec Object (6) Flags: [reject if unknown], Class-Type: IPv4 (1), length: 12
	    Error Node Address: 198.18.3.1, Flags: [0x00]
	    Error Code: unknown (22), Unknown Error Value (0)
	    0x0000:  c612 0301 0016 0000
	  Sender Template Object (11) Flags: [reject if unknown], Class-Type: Tunnel IPv4 (7), length: 12
	    IPv4 Tunnel Sender Address: 198.18.1.1, LSP-ID: 0x0001
	    0x0000:  c612 0101 0000 0001
	  Sender TSpec Object (12) Flags: [reject if unknown], Class-Type: IntServ (2), length: 36
	    Msg-Version: 0, length: 28
	    Service Type: Default/Global Information (1), break bit not set, Service length: 24
	      Parameter ID: Token Bucket TSpec (127), length: 20, Flags: [0x00]
		Token Bucket Rate: 0.001000000047 Mbps
		Token Bucket Size: 125 bytes
		Peak Data Rate: 0.001000000047 Mbps
		Minimum Policed Unit: 20 bytes
		Maximum Packet Size: 65535 bytes
	    0x0000:  0000 0007 0100 0006 7f00 0005 42fa 0000
	    0x0010:  42fa 0000 42fa 0000 0000 0014 0000 ffff
2026-09-22 18:13:20.794506 ?     Out ifindex 9 b2:c3:0b:a3:22:33 ethertype IPv4 (0x0800), length 264: (tos 0x0, ttl 64, id 40651, offset 0, flags [none], proto RSVP (46), length 244, options (RA))
    198.18.1.1 > 198.18.3.1: 
	RSVPv1 Path Message (1), Flags: [none], length: 220, ttl: 64, checksum: 0xef01
	  Session Object (1) Flags: [reject if unknown], Class-Type: Tunnel IPv4 (7), length: 16
	    IPv4 Tunnel EndPoint: 198.18.3.1, Tunnel ID: 0x005b, Extended Tunnel ID: 198.18.1.1
	    0x0000:  c612 0301 0000 005b c612 0101
	  RSVP Hop Object (3) Flags: [reject if unknown], Class-Type: IPv4 (1), length: 12
	    Previous/Next Interface: 10.11.0.1, Logical Interface Handle: 0x00000000
	    0x0000:  0a0b 0001 0000 0000
	  Time Values Object (5) Flags: [reject if unknown], Class-Type: 1 (1), length: 8
	    Refresh Period: 1000ms
	    0x0000:  0000 03e8
	  ERO Object (20) Flags: [reject if unknown], Class-Type: IPv4 (1), length: 20
	    Subobject Type: IPv4 prefix, length 8, Strict, 198.18.2.1/32, Flags: [none]
	    Subobject Type: IPv4 prefix, length 8, Loose, 198.18.3.1/32, Flags: [none]
	    0x0000:  0108 c612 0201 2000 8108 c612 0301 2000
	  Label Request Object (19) Flags: [reject if unknown], Class-Type: without label range (1), length: 8
	    L3 Protocol ID: IPv4
	    0x0000:  0000 0800
	  Session Attribute Object (207) Flags: [ignore and forward if unknown], Class-Type: Tunnel IPv4 (7), length: 16
	    Session Name: denied
	    Setup Priority: 7, Holding Priority: 7, Flags: [Local Protection, Label Recording, SE Style] (0x7)
	    0x0000:  0707 0706 6465 6e69 6564 0000
	  Fast Re-Route Object (205) Flags: [ignore and forward if unknown], Class-Type: 1 (1), length: 24
	    Setup Priority: 7, Holding Priority: 7, Hop-limit: 16, Bandwidth: 0.001000000047 Mbps
	    Include-any: 0x00000000, Exclude-any: 0x00000000, Include-all: 0x00000000
	    0x0000:  0707 1002 42fa 0000 0000 0000 0000 0000
	    0x0010:  0000 0000
	  Sender Template Object (11) Flags: [reject if unknown], Class-Type: Tunnel IPv4 (7), length: 12
	    IPv4 Tunnel Sender Address: 198.18.1.1, LSP-ID: 0x0001
	    0x0000:  c612 0101 0000 0001
	  Sender TSpec Object (12) Flags: [reject if unknown], Class-Type: IntServ (2), length: 36
	    Msg-Version: 0, length: 28
	    Service Type: Default/Global Information (1), break bit not set, Service length: 24
	      Parameter ID: Token Bucket TSpec (127), length: 20, Flags: [0x00]
		Token Bucket Rate: 0.001000000047 Mbps
		Token Bucket Size: 125 bytes
		Peak Data Rate: 0.001000000047 Mbps
		Minimum Policed Unit: 20 bytes
		Maximum Packet Size: 65535 bytes
	    0x0000:  0000 0007 0100 0006 7f00 0005 42fa 0000
	    0x0010:  42fa 0000 42fa 0000 0000 0014 0000 ffff
	  Adspec Object (13) Flags: [reject if unknown], Class-Type: IntServ (2), length: 48
	    Msg-Version: 0, length: 40
	    Service Type: Default/Global Information (1), break bit not set, Service length: 32
	      Parameter ID: IS hop cnt (4), length: 4, Flags: [0x00]
		IS hop count: 1
	      Parameter ID: Path b/w estimate (6), length: 4, Flags: [0x00]
		Path b/w estimate: 0 Mbps
	      Parameter ID: Minimum path latency (8), length: 4, Flags: [0x00]
		Minimum path latency: don't care
	      Parameter ID: Composed MTU (10), length: 4, Flags: [0x00]
		Composed MTU: 1500 bytes
	    Service Type: Controlled Load (5), break bit not set, Service length: 0
	    0x0000:  0000 000a 0100 0008 0400 0001 0000 0001
	    0x0010:  0600 0001 0000 0000 0800 0001 ffff ffff
	    0x0020:  0a00 0001 0000 05dc 0500 0000
	  RRO Object (21) Flags: [reject if unknown], Class-Type: IPv4 (1), length: 12
	    Subobject Type: IPv4 prefix, length 8, Strict, 198.18.1.1/32, Flags: [none]
	    0x0000:  0108 c612 0101 2000
2026-09-22 18:13:20.798523 ?     In  ifindex 9 c2:9e:95:20:4a:9c ethertype IPv4 (0x0800), length 124: (tos 0x0, ttl 64, id 23905, offset 0, flags [DF], proto RSVP (46), length 104)
    10.11.0.2 > 10.11.0.1: 
	RSVPv1 PathErr Message (3), Flags: [none], length: 84, ttl: 64, checksum: 0x2775
	  Session Object (1) Flags: [reject if unknown], Class-Type: Tunnel IPv4 (7), length: 16
	    IPv4 Tunnel EndPoint: 198.18.3.1, Tunnel ID: 0x005b, Extended Tunnel ID: 198.18.1.1
	    0x0000:  c612 0301 0000 005b c612 0101
	  Error Spec Object (6) Flags: [reject if unknown], Class-Type: IPv4 (1), length: 12
	    Error Node Address: 198.18.3.1, Flags: [0x00]
	    Error Code: unknown (22), Unknown Error Value (0)
	    0x0000:  c612 0301 0016 0000
	  Sender Template Object (11) Flags: [reject if unknown], Class-Type: Tunnel IPv4 (7), length: 12
	    IPv4 Tunnel Sender Address: 198.18.1.1, LSP-ID: 0x0001
	    0x0000:  c612 0101 0000 0001
	  Sender TSpec Object (12) Flags: [reject if unknown], Class-Type: IntServ (2), length: 36
	    Msg-Version: 0, length: 28
	    Service Type: Default/Global Information (1), break bit not set, Service length: 24
	      Parameter ID: Token Bucket TSpec (127), length: 20, Flags: [0x00]
		Token Bucket Rate: 0.001000000047 Mbps
		Token Bucket Size: 125 bytes
		Peak Data Rate: 0.001000000047 Mbps
		Minimum Policed Unit: 20 bytes
		Maximum Packet Size: 65535 bytes
	    0x0000:  0000 0007 0100 0006 7f00 0005 42fa 0000
	    0x0010:  42fa 0000 42fa 0000 0000 0014 0000 ffff
2026-09-22 18:13:21.001662 ?     Out ifindex 9 b2:c3:0b:a3:22:33 ethertype IPv4 (0x0800), length 128: (tos 0x0, ttl 64, id 40728, offset 0, flags [none], proto RSVP (46), length 108, options (RA))
    198.18.1.1 > 198.18.3.1: 
	RSVPv1 PathTear Message (5), Flags: [none], length: 84, ttl: 64, checksum: 0xe990
	  Session Object (1) Flags: [reject if unknown], Class-Type: Tunnel IPv4 (7), length: 16
	    IPv4 Tunnel EndPoint: 198.18.3.1, Tunnel ID: 0x005b, Extended Tunnel ID: 198.18.1.1
	    0x0000:  c612 0301 0000 005b c612 0101
	  RSVP Hop Object (3) Flags: [reject if unknown], Class-Type: IPv4 (1), length: 12
	    Previous/Next Interface: 10.11.0.1, Logical Interface Handle: 0x00000000
	    0x0000:  0a0b 0001 0000 0000
	  Sender Template Object (11) Flags: [reject if unknown], Class-Type: Tunnel IPv4 (7), length: 12
	    IPv4 Tunnel Sender Address: 198.18.1.1, LSP-ID: 0x0001
	    0x0000:  c612 0101 0000 0001
	  Sender TSpec Object (12) Flags: [reject if unknown], Class-Type: IntServ (2), length: 36
	    Msg-Version: 0, length: 28
	    Service Type: Default/Global Information (1), break bit not set, Service length: 24
	      Parameter ID: Token Bucket TSpec (127), length: 20, Flags: [0x00]
		Token Bucket Rate: 0.001000000047 Mbps
		Token Bucket Size: 125 bytes
		Peak Data Rate: 0.001000000047 Mbps
		Minimum Policed Unit: 20 bytes
		Maximum Packet Size: 65535 bytes
	    0x0000:  0000 0007 0100 0006 7f00 0005 42fa 0000
	    0x0010:  42fa 0000 42fa 0000 0000 0014 0000 ffff
2026-09-22 18:13:21.368161 ?     Out ifindex 9 b2:c3:0b:a3:22:33 ethertype IPv4 (0x0800), length 224: (tos 0x0, ttl 64, id 3847, offset 0, flags [none], proto RSVP (46), length 204, options (RA))
    198.18.1.1 > 198.18.3.2: 
	RSVPv1 Path Message (1), Flags: [none], length: 180, ttl: 64, checksum: 0xe9a2
	  Session Object (1) Flags: [reject if unknown], Class-Type: Tunnel IPv4 (7), length: 16
	    IPv4 Tunnel EndPoint: 198.18.3.2, Tunnel ID: 0x005c, Extended Tunnel ID: 198.18.1.1
	    0x0000:  c612 0302 0000 005c c612 0101
	  RSVP Hop Object (3) Flags: [reject if unknown], Class-Type: IPv4 (1), length: 12
	    Previous/Next Interface: 10.11.0.1, Logical Interface Handle: 0x00000000
	    0x0000:  0a0b 0001 0000 0000
	  Time Values Object (5) Flags: [reject if unknown], Class-Type: 1 (1), length: 8
	    Refresh Period: 1000ms
	    0x0000:  0000 03e8
	  ERO Object (20) Flags: [reject if unknown], Class-Type: IPv4 (1), length: 20
	    Subobject Type: IPv4 prefix, length 8, Strict, 10.11.0.2/32, Flags: [none]
	    Subobject Type: IPv4 prefix, length 8, Loose, 198.18.3.2/32, Flags: [none]
	    0x0000:  0108 0a0b 0002 2000 8108 c612 0302 2000
	  Label Request Object (19) Flags: [reject if unknown], Class-Type: without label range (1), length: 8
	    L3 Protocol ID: IPv4
	    0x0000:  0000 0800
	  Sender Template Object (11) Flags: [reject if unknown], Class-Type: Tunnel IPv4 (7), length: 12
	    IPv4 Tunnel Sender Address: 198.18.1.1, LSP-ID: 0x0001
	    0x0000:  c612 0101 0000 0001
	  Sender TSpec Object (12) Flags: [reject if unknown], Class-Type: IntServ (2), length: 36
	    Msg-Version: 0, length: 28
	    Service Type: Default/Global Information (1), break bit not set, Service length: 24
	      Parameter ID: Token Bucket TSpec (127), length: 20, Flags: [0x00]
		Token Bucket Rate: 0.001000000047 Mbps
		Token Bucket Size: 125 bytes
		Peak Data Rate: 0.001000000047 Mbps
		Minimum Policed Unit: 20 bytes
		Maximum Packet Size: 65535 bytes
	    0x0000:  0000 0007 0100 0006 7f00 0005 42fa 0000
	    0x0010:  42fa 0000 42fa 0000 0000 0014 0000 ffff
	  Adspec Object (13) Flags: [reject if unknown], Class-Type: IntServ (2), length: 48
	    Msg-Version: 0, length: 40
	    Service Type: Default/Global Information (1), break bit not set, Service length: 32
	      Parameter ID: IS hop cnt (4), length: 4, Flags: [0x00]
		IS hop count: 1
	      Parameter ID: Path b/w estimate (6), length: 4, Flags: [0x00]
		Path b/w estimate: 0 Mbps
	      Parameter ID: Minimum path latency (8), length: 4, Flags: [0x00]
		Minimum path latency: don't care
	      Parameter ID: Composed MTU (10), length: 4, Flags: [0x00]
		Composed MTU: 1500 bytes
	    Service Type: Controlled Load (5), break bit not set, Service length: 0
	    0x0000:  0000 000a 0100 0008 0400 0001 0000 0001
	    0x0010:  0600 0001 0000 0000 0800 0001 ffff ffff
	    0x0020:  0a00 0001 0000 05dc 0500 0000
	  RRO Object (21) Flags: [reject if unknown], Class-Type: IPv4 (1), length: 12
	    Subobject Type: IPv4 prefix, length 8, Strict, 198.18.1.1/32, Flags: [none]
	    0x0000:  0108 c612 0101 2000
2026-09-22 18:13:21.374721 ?     In  ifindex 9 c2:9e:95:20:4a:9c ethertype IPv4 (0x0800), length 168: (tos 0x0, ttl 64, id 24075, offset 0, flags [DF], proto RSVP (46), length 148)
    10.11.0.2 > 10.11.0.1: 
	RSVPv1 Resv Message (2), Flags: [none], length: 128, ttl: 64, checksum: 0xd63e
	  Session Object (1) Flags: [reject if unknown], Class-Type: Tunnel IPv4 (7), length: 16
	    IPv4 Tunnel EndPoint: 198.18.3.2, Tunnel ID: 0x005c, Extended Tunnel ID: 198.18.1.1
	    0x0000:  c612 0302 0000 005c c612 0101
	  RSVP Hop Object (3) Flags: [reject if unknown], Class-Type: IPv4 (1), length: 12
	    Previous/Next Interface: 10.11.0.2, Logical Interface Handle: 0x00000000
	    0x0000:  0a0b 0002 0000 0000
	  Time Values Object (5) Flags: [reject if unknown], Class-Type: 1 (1), length: 8
	    Refresh Period: 1000ms
	    0x0000:  0000 03e8
	  Style Object (8) Flags: [reject if unknown], Class-Type: 1 (1), length: 8
	    Reservation Style: Shared Explicit, Flags: [0x00]
	    0x0000:  0000 0012
	  Flowspec Object (9) Flags: [reject if unknown], Class-Type: IntServ (2), length: 36
	    Msg-Version: 0, length: 28
	    Service Type: Controlled Load (5), break bit not set, Service length: 24
	      Parameter ID: Token Bucket TSpec (127), length: 20, Flags: [0x00]
		Token Bucket Rate: 0.001000000047 Mbps
		Token Bucket Size: 125 bytes
		Peak Data Rate: 0.001000000047 Mbps
		Minimum Policed Unit: 20 bytes
		Maximum Packet Size: 1500 bytes
	    0x0000:  0000 0007 0500 0006 7f00 0005 42fa 0000
	    0x0010:  42fa 0000 42fa 0000 0000 0014 0000 05dc
	  FilterSpec Object (10) Flags: [reject if unknown], Class-Type: Tunnel IPv4 (7), length: 12
	    Source Address: 198.18.1.1, LSP-ID: 0x0001
	    0x0000:  c612 0101 0000 0001
	  Label Object (16) Flags: [reject if unknown], Class-Type: Label (1), length: 8
	    Label: 1000
	    0x0000:  0000 03e8
	  RRO Object (21) Flags: [reject if unknown], Class-Type: IPv4 (1), length: 20
	    Subobject Type: IPv4 prefix, length 8, Strict, 198.18.2.1/32, Flags: [none]
	    Subobject Type: IPv4 prefix, length 8, Strict, 198.18.3.1/32, Flags: [none]
	    0x0000:  0108 c612 0201 2000 0108 c612 0301 2000
2026-09-22 18:13:21.423275 ?     In  ifindex 9 c2:9e:95:20:4a:9c ethertype IPv4 (0x0800), length 168: (tos 0x0, ttl 64, id 24076, offset 0, flags [DF], proto RSVP (46), length 148)
    10.11.0.2 > 10.11.0.1: 
	RSVPv1 Resv Message (2), Flags: [none], length: 128, ttl: 64, checksum: 0xd63e
	  Session Object (1) Flags: [reject if unknown], Class-Type: Tunnel IPv4 (7), length: 16
	    IPv4 Tunnel EndPoint: 198.18.3.2, Tunnel ID: 0x005c, Extended Tunnel ID: 198.18.1.1
	    0x0000:  c612 0302 0000 005c c612 0101
	  RSVP Hop Object (3) Flags: [reject if unknown], Class-Type: IPv4 (1), length: 12
	    Previous/Next Interface: 10.11.0.2, Logical Interface Handle: 0x00000000
	    0x0000:  0a0b 0002 0000 0000
	  Time Values Object (5) Flags: [reject if unknown], Class-Type: 1 (1), length: 8
	    Refresh Period: 1000ms
	    0x0000:  0000 03e8
	  Style Object (8) Flags: [reject if unknown], Class-Type: 1 (1), length: 8
	    Reservation Style: Shared Explicit, Flags: [0x00]
	    0x0000:  0000 0012
	  Flowspec Object (9) Flags: [reject if unknown], Class-Type: IntServ (2), length: 36
	    Msg-Version: 0, length: 28
	    Service Type: Controlled Load (5), break bit not set, Service length: 24
	      Parameter ID: Token Bucket TSpec (127), length: 20, Flags: [0x00]
		Token Bucket Rate: 0.001000000047 Mbps
		Token Bucket Size: 125 bytes
		Peak Data Rate: 0.001000000047 Mbps
		Minimum Policed Unit: 20 bytes
		Maximum Packet Size: 1500 bytes
	    0x0000:  0000 0007 0500 0006 7f00 0005 42fa 0000
	    0x0010:  42fa 0000 42fa 0000 0000 0014 0000 05dc
	  FilterSpec Object (10) Flags: [reject if unknown], Class-Type: Tunnel IPv4 (7), length: 12
	    Source Address: 198.18.1.1, LSP-ID: 0x0001
	    0x0000:  c612 0101 0000 0001
	  Label Object (16) Flags: [reject if unknown], Class-Type: Label (1), length: 8
	    Label: 1000
	    0x0000:  0000 03e8
	  RRO Object (21) Flags: [reject if unknown], Class-Type: IPv4 (1), length: 20
	    Subobject Type: IPv4 prefix, length 8, Strict, 198.18.2.1/32, Flags: [none]
	    Subobject Type: IPv4 prefix, length 8, Strict, 198.18.3.1/32, Flags: [none]
	    0x0000:  0108 c612 0201 2000 0108 c612 0301 2000
2026-09-22 18:13:21.556523 ?     Out ifindex 9 b2:c3:0b:a3:22:33 ethertype MPLS unicast (0x8847), length 64: MPLS (label 1000, tc 0, [S], ttl 64)
	(tos 0x0, ttl 64, id 31187, offset 0, flags [DF], proto UDP (17), length 40)
    198.18.1.1.60078 > 198.18.3.2.37777: [bad udp cksum 0x904d -> 0x571d!] UDP, length 12
2026-09-22 18:13:21.720421 ?     Out ifindex 9 b2:c3:0b:a3:22:33 ethertype IPv4 (0x0800), length 128: (tos 0x0, ttl 64, id 3867, offset 0, flags [none], proto RSVP (46), length 108, options (RA))
    198.18.1.1 > 198.18.3.2: 
	RSVPv1 PathTear Message (5), Flags: [none], length: 84, ttl: 64, checksum: 0xe98e
	  Session Object (1) Flags: [reject if unknown], Class-Type: Tunnel IPv4 (7), length: 16
	    IPv4 Tunnel EndPoint: 198.18.3.2, Tunnel ID: 0x005c, Extended Tunnel ID: 198.18.1.1
	    0x0000:  c612 0302 0000 005c c612 0101
	  RSVP Hop Object (3) Flags: [reject if unknown], Class-Type: IPv4 (1), length: 12
	    Previous/Next Interface: 10.11.0.1, Logical Interface Handle: 0x00000000
	    0x0000:  0a0b 0001 0000 0000
	  Sender Template Object (11) Flags: [reject if unknown], Class-Type: Tunnel IPv4 (7), length: 12
	    IPv4 Tunnel Sender Address: 198.18.1.1, LSP-ID: 0x0001
	    0x0000:  c612 0101 0000 0001
	  Sender TSpec Object (12) Flags: [reject if unknown], Class-Type: IntServ (2), length: 36
	    Msg-Version: 0, length: 28
	    Service Type: Default/Global Information (1), break bit not set, Service length: 24
	      Parameter ID: Token Bucket TSpec (127), length: 20, Flags: [0x00]
		Token Bucket Rate: 0.001000000047 Mbps
		Token Bucket Size: 125 bytes
		Peak Data Rate: 0.001000000047 Mbps
		Minimum Policed Unit: 20 bytes
		Maximum Packet Size: 65535 bytes
	    0x0000:  0000 0007 0100 0006 7f00 0005 42fa 0000
	    0x0010:  42fa 0000 42fa 0000 0000 0014 0000 ffff
2026-09-22 18:13:22.080564 ?     Out ifindex 9 b2:c3:0b:a3:22:33 ethertype IPv4 (0x0800), length 268: (tos 0x0, ttl 64, id 41455, offset 0, flags [none], proto RSVP (46), length 248, options (RA))
    198.18.1.1 > 198.18.3.1: 
	RSVPv1 Path Message (1), Flags: [none], length: 224, ttl: 64, checksum: 0x0978
	  Session Object (1) Flags: [reject if unknown], Class-Type: Tunnel IPv4 (7), length: 16
	    IPv4 Tunnel EndPoint: 198.18.3.1, Tunnel ID: 0x005d, Extended Tunnel ID: 198.18.1.1
	    0x0000:  c612 0301 0000 005d c612 0101
	  RSVP Hop Object (3) Flags: [reject if unknown], Class-Type: IPv4 (1), length: 12
	    Previous/Next Interface: 10.11.0.1, Logical Interface Handle: 0x00000000
	    0x0000:  0a0b 0001 0000 0000
	  Time Values Object (5) Flags: [reject if unknown], Class-Type: 1 (1), length: 8
	    Refresh Period: 1000ms
	    0x0000:  0000 03e8
	  ERO Object (20) Flags: [reject if unknown], Class-Type: IPv4 (1), length: 20
	    Subobject Type: IPv4 prefix, length 8, Strict, 198.18.2.1/32, Flags: [none]
	    Subobject Type: IPv4 prefix, length 8, Loose, 198.18.3.1/32, Flags: [none]
	    0x0000:  0108 c612 0201 2000 8108 c612 0301 2000
	  Label Request Object (19) Flags: [reject if unknown], Class-Type: without label range (1), length: 8
	    L3 Protocol ID: IPv4
	    0x0000:  0000 0800
	  Session Attribute Object (207) Flags: [ignore and forward if unknown], Class-Type: Tunnel IPv4 (7), length: 20
	    Session Name: protected
	    Setup Priority: 7, Holding Priority: 7, Flags: [Local Protection, Label Recording, SE Style] (0x7)
	    0x0000:  0707 0709 7072 6f74 6563 7465 6400 0000
	  Fast Re-Route Object (205) Flags: [ignore and forward if unknown], Class-Type: 1 (1), length: 24
	    Setup Priority: 7, Holding Priority: 7, Hop-limit: 16, Bandwidth: 0.001000000047 Mbps
	    Include-any: 0x00000000, Exclude-any: 0x00000000, Include-all: 0x00000000
	    0x0000:  0707 1002 42fa 0000 0000 0000 0000 0000
	    0x0010:  0000 0000
	  Sender Template Object (11) Flags: [reject if unknown], Class-Type: Tunnel IPv4 (7), length: 12
	    IPv4 Tunnel Sender Address: 198.18.1.1, LSP-ID: 0x0001
	    0x0000:  c612 0101 0000 0001
	  Sender TSpec Object (12) Flags: [reject if unknown], Class-Type: IntServ (2), length: 36
	    Msg-Version: 0, length: 28
	    Service Type: Default/Global Information (1), break bit not set, Service length: 24
	      Parameter ID: Token Bucket TSpec (127), length: 20, Flags: [0x00]
		Token Bucket Rate: 0.001000000047 Mbps
		Token Bucket Size: 125 bytes
		Peak Data Rate: 0.001000000047 Mbps
		Minimum Policed Unit: 20 bytes
		Maximum Packet Size: 65535 bytes
	    0x0000:  0000 0007 0100 0006 7f00 0005 42fa 0000
	    0x0010:  42fa 0000 42fa 0000 0000 0014 0000 ffff
	  Adspec Object (13) Flags: [reject if unknown], Class-Type: IntServ (2), length: 48
	    Msg-Version: 0, length: 40
	    Service Type: Default/Global Information (1), break bit not set, Service length: 32
	      Parameter ID: IS hop cnt (4), length: 4, Flags: [0x00]
		IS hop count: 1
	      Parameter ID: Path b/w estimate (6), length: 4, Flags: [0x00]
		Path b/w estimate: 0 Mbps
	      Parameter ID: Minimum path latency (8), length: 4, Flags: [0x00]
		Minimum path latency: don't care
	      Parameter ID: Composed MTU (10), length: 4, Flags: [0x00]
		Composed MTU: 1500 bytes
	    Service Type: Controlled Load (5), break bit not set, Service length: 0
	    0x0000:  0000 000a 0100 0008 0400 0001 0000 0001
	    0x0010:  0600 0001 0000 0000 0800 0001 ffff ffff
	    0x0020:  0a00 0001 0000 05dc 0500 0000
	  RRO Object (21) Flags: [reject if unknown], Class-Type: IPv4 (1), length: 12
	    Subobject Type: IPv4 prefix, length 8, Strict, 198.18.1.1/32, Flags: [none]
	    0x0000:  0108 c612 0101 2000
2026-09-22 18:13:22.081437 ?     Out ifindex 10 3e:af:b2:df:f7:9c ethertype IPv4 (0x0800), length 216: (tos 0x0, ttl 64, id 52440, offset 0, flags [none], proto RSVP (46), length 196, options (RA))
    198.18.1.1 > 198.18.2.1: 
	RSVPv1 Path Message (1), Flags: [none], length: 172, ttl: 64, checksum: 0x24ed
	  Session Object (1) Flags: [reject if unknown], Class-Type: Tunnel IPv4 (7), length: 16
	    IPv4 Tunnel EndPoint: 198.18.2.1, Tunnel ID: 0xf92c, Extended Tunnel ID: 198.18.1.1
	    0x0000:  c612 0201 0000 f92c c612 0101
	  RSVP Hop Object (3) Flags: [reject if unknown], Class-Type: IPv4 (1), length: 12
	    Previous/Next Interface: 10.12.0.1, Logical Interface Handle: 0x00000000
	    0x0000:  0a0c 0001 0000 0000
	  Time Values Object (5) Flags: [reject if unknown], Class-Type: 1 (1), length: 8
	    Refresh Period: 1000ms
	    0x0000:  0000 03e8
	  ERO Object (20) Flags: [reject if unknown], Class-Type: IPv4 (1), length: 12
	    Subobject Type: IPv4 prefix, length 8, Strict, 10.12.0.2/32, Flags: [none]
	    0x0000:  0108 0a0c 0002 2000
	  Label Request Object (19) Flags: [reject if unknown], Class-Type: without label range (1), length: 8
	    L3 Protocol ID: IPv4
	    0x0000:  0000 0800
	  Sender Template Object (11) Flags: [reject if unknown], Class-Type: Tunnel IPv4 (7), length: 12
	    IPv4 Tunnel Sender Address: 198.18.1.1, LSP-ID: 0x0001
	    0x0000:  c612 0101 0000 0001
	  Sender TSpec Object (12) Flags: [reject if unknown], Class-Type: IntServ (2), length: 36
	    Msg-Version: 0, length: 28
	    Service Type: Default/Global Information (1), break bit not set, Service length: 24
	      Parameter ID: Token Bucket TSpec (127), length: 20, Flags: [0x00]
		Token Bucket Rate: 0 Mbps
		Token Bucket Size: 0 bytes
		Peak Data Rate: 0 Mbps
		Minimum Policed Unit: 20 bytes
		Maximum Packet Size: 65535 bytes
	    0x0000:  0000 0007 0100 0006 7f00 0005 0000 0000
	    0x0010:  0000 0000 0000 0000 0000 0014 0000 ffff
	  Adspec Object (13) Flags: [reject if unknown], Class-Type: IntServ (2), length: 48
	    Msg-Version: 0, length: 40
	    Service Type: Default/Global Information (1), break bit not set, Service length: 32
	      Parameter ID: IS hop cnt (4), length: 4, Flags: [0x00]
		IS hop count: 1
	      Parameter ID: Path b/w estimate (6), length: 4, Flags: [0x00]
		Path b/w estimate: 0 Mbps
	      Parameter ID: Minimum path latency (8), length: 4, Flags: [0x00]
		Minimum path latency: don't care
	      Parameter ID: Composed MTU (10), length: 4, Flags: [0x00]
		Composed MTU: 1500 bytes
	    Service Type: Controlled Load (5), break bit not set, Service length: 0
	    0x0000:  0000 000a 0100 0008 0400 0001 0000 0001
	    0x0010:  0600 0001 0000 0000 0800 0001 ffff ffff
	    0x0020:  0a00 0001 0000 05dc 0500 0000
	  RRO Object (21) Flags: [reject if unknown], Class-Type: IPv4 (1), length: 12
	    Subobject Type: IPv4 prefix, length 8, Strict, 198.18.1.1/32, Flags: [none]
	    0x0000:  0108 c612 0101 2000
2026-09-22 18:13:22.082112 ?     Out ifindex 11 36:59:02:b0:0d:9e ethertype IPv4 (0x0800), length 216: (tos 0x0, ttl 64, id 52441, offset 0, flags [none], proto RSVP (46), length 196, options (RA))
    198.18.1.1 > 198.18.2.1: 
	RSVPv1 Path Message (1), Flags: [none], length: 172, ttl: 64, checksum: 0x2032
	  Session Object (1) Flags: [reject if unknown], Class-Type: Tunnel IPv4 (7), length: 16
	    IPv4 Tunnel EndPoint: 198.18.2.1, Tunnel ID: 0xfde5, Extended Tunnel ID: 198.18.1.1
	    0x0000:  c612 0201 0000 fde5 c612 0101
	  RSVP Hop Object (3) Flags: [reject if unknown], Class-Type: IPv4 (1), length: 12
	    Previous/Next Interface: 10.13.0.1, Logical Interface Handle: 0x00000000
	    0x0000:  0a0d 0001 0000 0000
	  Time Values Object (5) Flags: [reject if unknown], Class-Type: 1 (1), length: 8
	    Refresh Period: 1000ms
	    0x0000:  0000 03e8
	  ERO Object (20) Flags: [reject if unknown], Class-Type: IPv4 (1), length: 12
	    Subobject Type: IPv4 prefix, length 8, Strict, 10.13.0.2/32, Flags: [none]
	    0x0000:  0108 0a0d 0002 2000
	  Label Request Object (19) Flags: [reject if unknown], Class-Type: without label range (1), length: 8
	    L3 Protocol ID: IPv4
	    0x0000:  0000 0800
	  Sender Template Object (11) Flags: [reject if unknown], Class-Type: Tunnel IPv4 (7), length: 12
	    IPv4 Tunnel Sender Address: 198.18.1.1, LSP-ID: 0x0001
	    0x0000:  c612 0101 0000 0001
	  Sender TSpec Object (12) Flags: [reject if unknown], Class-Type: IntServ (2), length: 36
	    Msg-Version: 0, length: 28
	    Service Type: Default/Global Information (1), break bit not set, Service length: 24
	      Parameter ID: Token Bucket TSpec (127), length: 20, Flags: [0x00]
		Token Bucket Rate: 0 Mbps
		Token Bucket Size: 0 bytes
		Peak Data Rate: 0 Mbps
		Minimum Policed Unit: 20 bytes
		Maximum Packet Size: 65535 bytes
	    0x0000:  0000 0007 0100 0006 7f00 0005 0000 0000
	    0x0010:  0000 0000 0000 0000 0000 0014 0000 ffff
	  Adspec Object (13) Flags: [reject if unknown], Class-Type: IntServ (2), length: 48
	    Msg-Version: 0, length: 40
	    Service Type: Default/Global Information (1), break bit not set, Service length: 32
	      Parameter ID: IS hop cnt (4), length: 4, Flags: [0x00]
		IS hop count: 1
	      Parameter ID: Path b/w estimate (6), length: 4, Flags: [0x00]
		Path b/w estimate: 0 Mbps
	      Parameter ID: Minimum path latency (8), length: 4, Flags: [0x00]
		Minimum path latency: don't care
	      Parameter ID: Composed MTU (10), length: 4, Flags: [0x00]
		Composed MTU: 1500 bytes
	    Service Type: Controlled Load (5), break bit not set, Service length: 0
	    0x0000:  0000 000a 0100 0008 0400 0001 0000 0001
	    0x0010:  0600 0001 0000 0000 0800 0001 ffff ffff
	    0x0020:  0a00 0001 0000 05dc 0500 0000
	  RRO Object (21) Flags: [reject if unknown], Class-Type: IPv4 (1), length: 12
	    Subobject Type: IPv4 prefix, length 8, Strict, 198.18.1.1/32, Flags: [none]
	    0x0000:  0108 c612 0101 2000
2026-09-22 18:13:22.082247 ?     In  ifindex 10 26:4e:a0:4e:a5:e8 ethertype IPv4 (0x0800), length 160: (tos 0x0, ttl 64, id 27935, offset 0, flags [DF], proto RSVP (46), length 140)
    10.12.0.2 > 10.12.0.1: 
	RSVPv1 Resv Message (2), Flags: [none], length: 120, ttl: 64, checksum: 0x9188
	  Session Object (1) Flags: [reject if unknown], Class-Type: Tunnel IPv4 (7), length: 16
	    IPv4 Tunnel EndPoint: 198.18.2.1, Tunnel ID: 0xf92c, Extended Tunnel ID: 198.18.1.1
	    0x0000:  c612 0201 0000 f92c c612 0101
	  RSVP Hop Object (3) Flags: [reject if unknown], Class-Type: IPv4 (1), length: 12
	    Previous/Next Interface: 10.12.0.2, Logical Interface Handle: 0x00000000
	    0x0000:  0a0c 0002 0000 0000
	  Time Values Object (5) Flags: [reject if unknown], Class-Type: 1 (1), length: 8
	    Refresh Period: 1000ms
	    0x0000:  0000 03e8
	  Style Object (8) Flags: [reject if unknown], Class-Type: 1 (1), length: 8
	    Reservation Style: Shared Explicit, Flags: [0x00]
	    0x0000:  0000 0012
	  Flowspec Object (9) Flags: [reject if unknown], Class-Type: IntServ (2), length: 36
	    Msg-Version: 0, length: 28
	    Service Type: Controlled Load (5), break bit not set, Service length: 24
	      Parameter ID: Token Bucket TSpec (127), length: 20, Flags: [0x00]
		Token Bucket Rate: 0 Mbps
		Token Bucket Size: 0 bytes
		Peak Data Rate: 0 Mbps
		Minimum Policed Unit: 20 bytes
		Maximum Packet Size: 1500 bytes
	    0x0000:  0000 0007 0500 0006 7f00 0005 0000 0000
	    0x0010:  0000 0000 0000 0000 0000 0014 0000 05dc
	  FilterSpec Object (10) Flags: [reject if unknown], Class-Type: Tunnel IPv4 (7), length: 12
	    Source Address: 198.18.1.1, LSP-ID: 0x0001
	    0x0000:  c612 0101 0000 0001
	  Label Object (16) Flags: [reject if unknown], Class-Type: Label (1), length: 8
	    Label: 1000
	    0x0000:  0000 03e8
	  RRO Object (21) Flags: [reject if unknown], Class-Type: IPv4 (1), length: 12
	    Subobject Type: IPv4 prefix, length 8, Strict, 198.18.2.1/32, Flags: [none]
	    0x0000:  0108 c612 0201 2000
2026-09-22 18:13:22.082840 ?     In  ifindex 11 86:b9:5b:6f:41:00 ethertype IPv4 (0x0800), length 160: (tos 0x0, ttl 64, id 19095, offset 0, flags [DF], proto RSVP (46), length 140)
    10.13.0.2 > 10.13.0.1: 
	RSVPv1 Resv Message (2), Flags: [none], length: 120, ttl: 64, checksum: 0x8ccd
	  Session Object (1) Flags: [reject if unknown], Class-Type: Tunnel IPv4 (7), length: 16
	    IPv4 Tunnel EndPoint: 198.18.2.1, Tunnel ID: 0xfde5, Extended Tunnel ID: 198.18.1.1
	    0x0000:  c612 0201 0000 fde5 c612 0101
	  RSVP Hop Object (3) Flags: [reject if unknown], Class-Type: IPv4 (1), length: 12
	    Previous/Next Interface: 10.13.0.2, Logical Interface Handle: 0x00000000
	    0x0000:  0a0d 0002 0000 0000
	  Time Values Object (5) Flags: [reject if unknown], Class-Type: 1 (1), length: 8
	    Refresh Period: 1000ms
	    0x0000:  0000 03e8
	  Style Object (8) Flags: [reject if unknown], Class-Type: 1 (1), length: 8
	    Reservation Style: Shared Explicit, Flags: [0x00]
	    0x0000:  0000 0012
	  Flowspec Object (9) Flags: [reject if unknown], Class-Type: IntServ (2), length: 36
	    Msg-Version: 0, length: 28
	    Service Type: Controlled Load (5), break bit not set, Service length: 24
	      Parameter ID: Token Bucket TSpec (127), length: 20, Flags: [0x00]
		Token Bucket Rate: 0 Mbps
		Token Bucket Size: 0 bytes
		Peak Data Rate: 0 Mbps
		Minimum Policed Unit: 20 bytes
		Maximum Packet Size: 1500 bytes
	    0x0000:  0000 0007 0500 0006 7f00 0005 0000 0000
	    0x0010:  0000 0000 0000 0000 0000 0014 0000 05dc
	  FilterSpec Object (10) Flags: [reject if unknown], Class-Type: Tunnel IPv4 (7), length: 12
	    Source Address: 198.18.1.1, LSP-ID: 0x0001
	    0x0000:  c612 0101 0000 0001
	  Label Object (16) Flags: [reject if unknown], Class-Type: Label (1), length: 8
	    Label: 1001
	    0x0000:  0000 03e9
	  RRO Object (21) Flags: [reject if unknown], Class-Type: IPv4 (1), length: 12
	    Subobject Type: IPv4 prefix, length 8, Strict, 198.18.2.1/32, Flags: [none]
	    0x0000:  0108 c612 0201 2000
2026-09-22 18:13:22.083557 ?     In  ifindex 9 c2:9e:95:20:4a:9c ethertype IPv4 (0x0800), length 184: (tos 0x0, ttl 64, id 24244, offset 0, flags [DF], proto RSVP (46), length 164)
    10.11.0.2 > 10.11.0.1: 
	RSVPv1 Resv Message (2), Flags: [none], length: 144, ttl: 64, checksum: 0xc83a
	  Session Object (1) Flags: [reject if unknown], Class-Type: Tunnel IPv4 (7), length: 16
	    IPv4 Tunnel EndPoint: 198.18.3.1, Tunnel ID: 0x005d, Extended Tunnel ID: 198.18.1.1
	    0x0000:  c612 0301 0000 005d c612 0101
	  RSVP Hop Object (3) Flags: [reject if unknown], Class-Type: IPv4 (1), length: 12
	    Previous/Next Interface: 10.11.0.2, Logical Interface Handle: 0x00000000
	    0x0000:  0a0b 0002 0000 0000
	  Time Values Object (5) Flags: [reject if unknown], Class-Type: 1 (1), length: 8
	    Refresh Period: 1000ms
	    0x0000:  0000 03e8
	  Style Object (8) Flags: [reject if unknown], Class-Type: 1 (1), length: 8
	    Reservation Style: Shared Explicit, Flags: [0x00]
	    0x0000:  0000 0012
	  Flowspec Object (9) Flags: [reject if unknown], Class-Type: IntServ (2), length: 36
	    Msg-Version: 0, length: 28
	    Service Type: Controlled Load (5), break bit not set, Service length: 24
	      Parameter ID: Token Bucket TSpec (127), length: 20, Flags: [0x00]
		Token Bucket Rate: 0.001000000047 Mbps
		Token Bucket Size: 125 bytes
		Peak Data Rate: 0.001000000047 Mbps
		Minimum Policed Unit: 20 bytes
		Maximum Packet Size: 1500 bytes
	    0x0000:  0000 0007 0500 0006 7f00 0005 42fa 0000
	    0x0010:  42fa 0000 42fa 0000 0000 0014 0000 05dc
	  FilterSpec Object (10) Flags: [reject if unknown], Class-Type: Tunnel IPv4 (7), length: 12
	    Source Address: 198.18.1.1, LSP-ID: 0x0001
	    0x0000:  c612 0101 0000 0001
	  Label Object (16) Flags: [reject if unknown], Class-Type: Label (1), length: 8
	    Label: 1002
	    0x0000:  0000 03ea
	  RRO Object (21) Flags: [reject if unknown], Class-Type: IPv4 (1), length: 36
	    Subobject Type: IPv4 prefix, length 8, Strict, 198.18.2.1/32, Flags: [none]
	    Subobject Type: Label, length 8, Flags: [none] (0), Class-Type: Unknown (0), 1002
	    Subobject Type: IPv4 prefix, length 8, Strict, 198.18.3.1/32, Flags: [none]
	    Subobject Type: Label, length 8, Flags: [none] (0), Class-Type: Unknown (0), 1000
	    0x0000:  0108 c612 0201 2000 0308 0000 0000 03ea
	    0x0010:  0108 c612 0301 2000 0308 0000 0000 03e8
2026-09-22 18:13:22.276642 ?     Out ifindex 10 3e:af:b2:df:f7:9c ethertype MPLS unicast (0x8847), length 61: MPLS (label 1000, tc 0, [S], ttl 64)
	(tos 0x0, ttl 64, id 47857, offset 0, flags [DF], proto UDP (17), length 37)
    198.18.1.1.44943 > 198.18.2.1.52966: [bad udp cksum 0x8f49 -> 0xe5a4!] UDP, length 9
2026-09-22 18:13:22.327496 ?     Out ifindex 11 36:59:02:b0:0d:9e ethertype MPLS unicast (0x8847), length 61: MPLS (label 1001, tc 0, [S], ttl 64)
	(tos 0x0, ttl 64, id 47903, offset 0, flags [DF], proto UDP (17), length 37)
    198.18.1.1.57123 > 198.18.2.1.49447: [bad udp cksum 0x8f49 -> 0xc2cf!] UDP, length 9
2026-09-22 18:13:22.378148 ?     Out ifindex 9 b2:c3:0b:a3:22:33 ethertype MPLS unicast (0x8847), length 66: MPLS (label 1002, tc 0, [S], ttl 64)
	(tos 0x0, ttl 64, id 11891, offset 0, flags [DF], proto UDP (17), length 42)
    198.18.1.1.54013 > 198.18.3.1.41633: [bad udp cksum 0x904e -> 0xec4b!] UDP, length 14
2026-09-22 18:13:22.423350 ?     In  ifindex 9 c2:9e:95:20:4a:9c ethertype IPv4 (0x0800), length 184: (tos 0x0, ttl 64, id 24440, offset 0, flags [DF], proto RSVP (46), length 164)
    10.11.0.2 > 10.11.0.1: 
	RSVPv1 Resv Message (2), Flags: [none], length: 144, ttl: 64, checksum: 0xc83a
	  Session Object (1) Flags: [reject if unknown], Class-Type: Tunnel IPv4 (7), length: 16
	    IPv4 Tunnel EndPoint: 198.18.3.1, Tunnel ID: 0x005d, Extended Tunnel ID: 198.18.1.1
	    0x0000:  c612 0301 0000 005d c612 0101
	  RSVP Hop Object (3) Flags: [reject if unknown], Class-Type: IPv4 (1), length: 12
	    Previous/Next Interface: 10.11.0.2, Logical Interface Handle: 0x00000000
	    0x0000:  0a0b 0002 0000 0000
	  Time Values Object (5) Flags: [reject if unknown], Class-Type: 1 (1), length: 8
	    Refresh Period: 1000ms
	    0x0000:  0000 03e8
	  Style Object (8) Flags: [reject if unknown], Class-Type: 1 (1), length: 8
	    Reservation Style: Shared Explicit, Flags: [0x00]
	    0x0000:  0000 0012
	  Flowspec Object (9) Flags: [reject if unknown], Class-Type: IntServ (2), length: 36
	    Msg-Version: 0, length: 28
	    Service Type: Controlled Load (5), break bit not set, Service length: 24
	      Parameter ID: Token Bucket TSpec (127), length: 20, Flags: [0x00]
		Token Bucket Rate: 0.001000000047 Mbps
		Token Bucket Size: 125 bytes
		Peak Data Rate: 0.001000000047 Mbps
		Minimum Policed Unit: 20 bytes
		Maximum Packet Size: 1500 bytes
	    0x0000:  0000 0007 0500 0006 7f00 0005 42fa 0000
	    0x0010:  42fa 0000 42fa 0000 0000 0014 0000 05dc
	  FilterSpec Object (10) Flags: [reject if unknown], Class-Type: Tunnel IPv4 (7), length: 12
	    Source Address: 198.18.1.1, LSP-ID: 0x0001
	    0x0000:  c612 0101 0000 0001
	  Label Object (16) Flags: [reject if unknown], Class-Type: Label (1), length: 8
	    Label: 1002
	    0x0000:  0000 03ea
	  RRO Object (21) Flags: [reject if unknown], Class-Type: IPv4 (1), length: 36
	    Subobject Type: IPv4 prefix, length 8, Strict, 198.18.2.1/32, Flags: [none]
	    Subobject Type: Label, length 8, Flags: [none] (0), Class-Type: Unknown (0), 1002
	    Subobject Type: IPv4 prefix, length 8, Strict, 198.18.3.1/32, Flags: [none]
	    Subobject Type: Label, length 8, Flags: [none] (0), Class-Type: Unknown (0), 1000
	    0x0000:  0108 c612 0201 2000 0308 0000 0000 03ea
	    0x0010:  0108 c612 0301 2000 0308 0000 0000 03e8
2026-09-22 18:13:22.423483 ?     In  ifindex 10 26:4e:a0:4e:a5:e8 ethertype IPv4 (0x0800), length 160: (tos 0x0, ttl 64, id 28153, offset 0, flags [DF], proto RSVP (46), length 140)
    10.12.0.2 > 10.12.0.1: 
	RSVPv1 Resv Message (2), Flags: [none], length: 120, ttl: 64, checksum: 0x9188
	  Session Object (1) Flags: [reject if unknown], Class-Type: Tunnel IPv4 (7), length: 16
	    IPv4 Tunnel EndPoint: 198.18.2.1, Tunnel ID: 0xf92c, Extended Tunnel ID: 198.18.1.1
	    0x0000:  c612 0201 0000 f92c c612 0101
	  RSVP Hop Object (3) Flags: [reject if unknown], Class-Type: IPv4 (1), length: 12
	    Previous/Next Interface: 10.12.0.2, Logical Interface Handle: 0x00000000
	    0x0000:  0a0c 0002 0000 0000
	  Time Values Object (5) Flags: [reject if unknown], Class-Type: 1 (1), length: 8
	    Refresh Period: 1000ms
	    0x0000:  0000 03e8
	  Style Object (8) Flags: [reject if unknown], Class-Type: 1 (1), length: 8
	    Reservation Style: Shared Explicit, Flags: [0x00]
	    0x0000:  0000 0012
	  Flowspec Object (9) Flags: [reject if unknown], Class-Type: IntServ (2), length: 36
	    Msg-Version: 0, length: 28
	    Service Type: Controlled Load (5), break bit not set, Service length: 24
	      Parameter ID: Token Bucket TSpec (127), length: 20, Flags: [0x00]
		Token Bucket Rate: 0 Mbps
		Token Bucket Size: 0 bytes
		Peak Data Rate: 0 Mbps
		Minimum Policed Unit: 20 bytes
		Maximum Packet Size: 1500 bytes
	    0x0000:  0000 0007 0500 0006 7f00 0005 0000 0000
	    0x0010:  0000 0000 0000 0000 0000 0014 0000 05dc
	  FilterSpec Object (10) Flags: [reject if unknown], Class-Type: Tunnel IPv4 (7), length: 12
	    Source Address: 198.18.1.1, LSP-ID: 0x0001
	    0x0000:  c612 0101 0000 0001
	  Label Object (16) Flags: [reject if unknown], Class-Type: Label (1), length: 8
	    Label: 1000
	    0x0000:  0000 03e8
	  RRO Object (21) Flags: [reject if unknown], Class-Type: IPv4 (1), length: 12
	    Subobject Type: IPv4 prefix, length 8, Strict, 198.18.2.1/32, Flags: [none]
	    0x0000:  0108 c612 0201 2000
2026-09-22 18:13:22.423631 ?     In  ifindex 11 86:b9:5b:6f:41:00 ethertype IPv4 (0x0800), length 160: (tos 0x0, ttl 64, id 19383, offset 0, flags [DF], proto RSVP (46), length 140)
    10.13.0.2 > 10.13.0.1: 
	RSVPv1 Resv Message (2), Flags: [none], length: 120, ttl: 64, checksum: 0x8ccd
	  Session Object (1) Flags: [reject if unknown], Class-Type: Tunnel IPv4 (7), length: 16
	    IPv4 Tunnel EndPoint: 198.18.2.1, Tunnel ID: 0xfde5, Extended Tunnel ID: 198.18.1.1
	    0x0000:  c612 0201 0000 fde5 c612 0101
	  RSVP Hop Object (3) Flags: [reject if unknown], Class-Type: IPv4 (1), length: 12
	    Previous/Next Interface: 10.13.0.2, Logical Interface Handle: 0x00000000
	    0x0000:  0a0d 0002 0000 0000
	  Time Values Object (5) Flags: [reject if unknown], Class-Type: 1 (1), length: 8
	    Refresh Period: 1000ms
	    0x0000:  0000 03e8
	  Style Object (8) Flags: [reject if unknown], Class-Type: 1 (1), length: 8
	    Reservation Style: Shared Explicit, Flags: [0x00]
	    0x0000:  0000 0012
	  Flowspec Object (9) Flags: [reject if unknown], Class-Type: IntServ (2), length: 36
	    Msg-Version: 0, length: 28
	    Service Type: Controlled Load (5), break bit not set, Service length: 24
	      Parameter ID: Token Bucket TSpec (127), length: 20, Flags: [0x00]
		Token Bucket Rate: 0 Mbps
		Token Bucket Size: 0 bytes
		Peak Data Rate: 0 Mbps
		Minimum Policed Unit: 20 bytes
		Maximum Packet Size: 1500 bytes
	    0x0000:  0000 0007 0500 0006 7f00 0005 0000 0000
	    0x0010:  0000 0000 0000 0000 0000 0014 0000 05dc
	  FilterSpec Object (10) Flags: [reject if unknown], Class-Type: Tunnel IPv4 (7), length: 12
	    Source Address: 198.18.1.1, LSP-ID: 0x0001
	    0x0000:  c612 0101 0000 0001
	  Label Object (16) Flags: [reject if unknown], Class-Type: Label (1), length: 8
	    Label: 1001
	    0x0000:  0000 03e9
	  RRO Object (21) Flags: [reject if unknown], Class-Type: IPv4 (1), length: 12
	    Subobject Type: IPv4 prefix, length 8, Strict, 198.18.2.1/32, Flags: [none]
	    0x0000:  0108 c612 0201 2000
2026-09-22 18:13:22.433984 ?     Out ifindex 10 3e:af:b2:df:f7:9c ethertype MPLS unicast (0x8847), length 248: MPLS (label 1000, tc 0, [S], ttl 64)
	(tos 0x0, ttl 64, id 21573, offset 0, flags [none], proto RSVP (46), length 224, options (RA))
    10.12.0.1 > 198.18.3.1: 
	RSVPv1 Path Message (1), Flags: [none], length: 200, ttl: 64, checksum: 0xeeaf
	  Session Object (1) Flags: [reject if unknown], Class-Type: Tunnel IPv4 (7), length: 16
	    IPv4 Tunnel EndPoint: 198.18.3.1, Tunnel ID: 0x005d, Extended Tunnel ID: 198.18.1.1
	    0x0000:  c612 0301 0000 005d c612 0101
	  RSVP Hop Object (3) Flags: [reject if unknown], Class-Type: IPv4 (1), length: 12
	    Previous/Next Interface: 10.12.0.1, Logical Interface Handle: 0x00000000
	    0x0000:  0a0c 0001 0000 0000
	  Time Values Object (5) Flags: [reject if unknown], Class-Type: 1 (1), length: 8
	    Refresh Period: 1000ms
	    0x0000:  0000 03e8
	  ERO Object (20) Flags: [reject if unknown], Class-Type: IPv4 (1), length: 20
	    Subobject Type: IPv4 prefix, length 8, Strict, 198.18.2.1/32, Flags: [none]
	    Subobject Type: IPv4 prefix, length 8, Loose, 198.18.3.1/32, Flags: [none]
	    0x0000:  0108 c612 0201 2000 8108 c612 0301 2000
	  Label Request Object (19) Flags: [reject if unknown], Class-Type: without label range (1), length: 8
	    L3 Protocol ID: IPv4
	    0x0000:  0000 0800
	  Session Attribute Object (207) Flags: [ignore and forward if unknown], Class-Type: Tunnel IPv4 (7), length: 20
	    Session Name: protected
	    Setup Priority: 7, Holding Priority: 7, Flags: [Label Recording, SE Style] (0x6)
	    0x0000:  0707 0609 7072 6f74 6563 7465 6400 0000
	  Sender Template Object (11) Flags: [reject if unknown], Class-Type: Tunnel IPv4 (7), length: 12
	    IPv4 Tunnel Sender Address: 10.12.0.1, LSP-ID: 0x0001
	    0x0000:  0a0c 0001 0000 0001
	  Sender TSpec Object (12) Flags: [reject if unknown], Class-Type: IntServ (2), length: 36
	    Msg-Version: 0, length: 28
	    Service Type: Default/Global Information (1), break bit not set, Service length: 24
	      Parameter ID: Token Bucket TSpec (127), length: 20, Flags: [0x00]
		Token Bucket Rate: 0.001000000047 Mbps
		Token Bucket Size: 125 bytes
		Peak Data Rate: 0.001000000047 Mbps
		Minimum Policed Unit: 20 bytes
		Maximum Packet Size: 65535 bytes
	    0x0000:  0000 0007 0100 0006 7f00 0005 42fa 0000
	    0x0010:  42fa 0000 42fa 0000 0000 0014 0000 ffff
	  Adspec Object (13) Flags: [reject if unknown], Class-Type: IntServ (2), length: 48
	    Msg-Version: 0, length: 40
	    Service Type: Default/Global Information (1), break bit not set, Service length: 32
	      Parameter ID: IS hop cnt (4), length: 4, Flags: [0x00]
		IS hop count: 1
	      Parameter ID: Path b/w estimate (6), length: 4, Flags: [0x00]
		Path b/w estimate: 0 Mbps
	      Parameter ID: Minimum path latency (8), length: 4, Flags: [0x00]
		Minimum path latency: don't care
	      Parameter ID: Composed MTU (10), length: 4, Flags: [0x00]
		Composed MTU: 1500 bytes
	    Service Type: Controlled Load (5), break bit not set, Service length: 0
	    0x0000:  0000 000a 0100 0008 0400 0001 0000 0001
	    0x0010:  0600 0001 0000 0000 0800 0001 ffff ffff
	    0x0020:  0a00 0001 0000 05dc 0500 0000
	  RRO Object (21) Flags: [reject if unknown], Class-Type: IPv4 (1), length: 12
	    Subobject Type: IPv4 prefix, length 8, Strict, 198.18.1.1/32, Flags: [Local protection available, Local protection in use]
	    0x0000:  0108 c612 0101 2003
2026-09-22 18:13:22.434788 ?     Out ifindex 11 36:59:02:b0:0d:9e ethertype IPv4 (0x0800), length 268: (tos 0x0, ttl 64, id 41739, offset 0, flags [none], proto RSVP (46), length 248, options (RA))
    198.18.1.1 > 198.18.3.1: 
	RSVPv1 Path Message (1), Flags: [none], length: 224, ttl: 64, checksum: 0x0975
	  Session Object (1) Flags: [reject if unknown], Class-Type: Tunnel IPv4 (7), length: 16
	    IPv4 Tunnel EndPoint: 198.18.3.1, Tunnel ID: 0x005d, Extended Tunnel ID: 198.18.1.1
	    0x0000:  c612 0301 0000 005d c612 0101
	  RSVP Hop Object (3) Flags: [reject if unknown], Class-Type: IPv4 (1), length: 12
	    Previous/Next Interface: 10.13.0.1, Logical Interface Handle: 0x00000000
	    0x0000:  0a0d 0001 0000 0000
	  Time Values Object (5) Flags: [reject if unknown], Class-Type: 1 (1), length: 8
	    Refresh Period: 1000ms
	    0x0000:  0000 03e8
	  ERO Object (20) Flags: [reject if unknown], Class-Type: IPv4 (1), length: 20
	    Subobject Type: IPv4 prefix, length 8, Strict, 198.18.2.1/32, Flags: [none]
	    Subobject Type: IPv4 prefix, length 8, Loose, 198.18.3.1/32, Flags: [none]
	    0x0000:  0108 c612 0201 2000 8108 c612 0301 2000
	  Label Request Object (19) Flags: [reject if unknown], Class-Type: without label range (1), length: 8
	    L3 Protocol ID: IPv4
	    0x0000:  0000 0800
	  Session Attribute Object (207) Flags: [ignore and forward if unknown], Class-Type: Tunnel IPv4 (7), length: 20
	    Session Name: protected
	    Setup Priority: 7, Holding Priority: 7, Flags: [Local Protection, Label Recording, SE Style] (0x7)
	    0x0000:  0707 0709 7072 6f74 6563 7465 6400 0000
	  Fast Re-Route Object (205) Flags: [ignore and forward if unknown], Class-Type: 1 (1), length: 24
	    Setup Priority: 7, Holding Priority: 7, Hop-limit: 16, Bandwidth: 0.001000000047 Mbps
	    Include-any: 0x00000000, Exclude-any: 0x00000000, Include-all: 0x00000000
	    0x0000:  0707 1002 42fa 0000 0000 0000 0000 0000
	    0x0010:  0000 0000
	  Sender Template Object (11) Flags: [reject if unknown], Class-Type: Tunnel IPv4 (7), length: 12
	    IPv4 Tunnel Sender Address: 198.18.1.1, LSP-ID: 0x0002
	    0x0000:  c612 0101 0000 0002
	  Sender TSpec Object (12) Flags: [reject if unknown], Class-Type: IntServ (2), length: 36
	    Msg-Version: 0, length: 28
	    Service Type: Default/Global Information (1), break bit not set, Service length: 24
	      Parameter ID: Token Bucket TSpec (127), length: 20, Flags: [0x00]
		Token Bucket Rate: 0.001000000047 Mbps
		Token Bucket Size: 125 bytes
		Peak Data Rate: 0.001000000047 Mbps
		Minimum Policed Unit: 20 bytes
		Maximum Packet Size: 65535 bytes
	    0x0000:  0000 0007 0100 0006 7f00 0005 42fa 0000
	    0x0010:  42fa 0000 42fa 0000 0000 0014 0000 ffff
	  Adspec Object (13) Flags: [reject if unknown], Class-Type: IntServ (2), length: 48
	    Msg-Version: 0, length: 40
	    Service Type: Default/Global Information (1), break bit not set, Service length: 32
	      Parameter ID: IS hop cnt (4), length: 4, Flags: [0x00]
		IS hop count: 1
	      Parameter ID: Path b/w estimate (6), length: 4, Flags: [0x00]
		Path b/w estimate: 0 Mbps
	      Parameter ID: Minimum path latency (8), length: 4, Flags: [0x00]
		Minimum path latency: don't care
	      Parameter ID: Composed MTU (10), length: 4, Flags: [0x00]
		Composed MTU: 1500 bytes
	    Service Type: Controlled Load (5), break bit not set, Service length: 0
	    0x0000:  0000 000a 0100 0008 0400 0001 0000 0001
	    0x0010:  0600 0001 0000 0000 0800 0001 ffff ffff
	    0x0020:  0a00 0001 0000 05dc 0500 0000
	  RRO Object (21) Flags: [reject if unknown], Class-Type: IPv4 (1), length: 12
	    Subobject Type: IPv4 prefix, length 8, Strict, 198.18.1.1/32, Flags: [none]
	    0x0000:  0108 c612 0101 2000
2026-09-22 18:13:22.435269 ?     In  ifindex 10 26:4e:a0:4e:a5:e8 ethertype IPv4 (0x0800), length 184: (tos 0x0, ttl 64, id 28165, offset 0, flags [DF], proto RSVP (46), length 164)
    10.12.0.2 > 10.12.0.1: 
	RSVPv1 Resv Message (2), Flags: [none], length: 144, ttl: 64, checksum: 0x8540
	  Session Object (1) Flags: [reject if unknown], Class-Type: Tunnel IPv4 (7), length: 16
	    IPv4 Tunnel EndPoint: 198.18.3.1, Tunnel ID: 0x005d, Extended Tunnel ID: 198.18.1.1
	    0x0000:  c612 0301 0000 005d c612 0101
	  RSVP Hop Object (3) Flags: [reject if unknown], Class-Type: IPv4 (1), length: 12
	    Previous/Next Interface: 10.12.0.2, Logical Interface Handle: 0x00000000
	    0x0000:  0a0c 0002 0000 0000
	  Time Values Object (5) Flags: [reject if unknown], Class-Type: 1 (1), length: 8
	    Refresh Period: 1000ms
	    0x0000:  0000 03e8
	  Style Object (8) Flags: [reject if unknown], Class-Type: 1 (1), length: 8
	    Reservation Style: Shared Explicit, Flags: [0x00]
	    0x0000:  0000 0012
	  Flowspec Object (9) Flags: [reject if unknown], Class-Type: IntServ (2), length: 36
	    Msg-Version: 0, length: 28
	    Service Type: Controlled Load (5), break bit not set, Service length: 24
	      Parameter ID: Token Bucket TSpec (127), length: 20, Flags: [0x00]
		Token Bucket Rate: 0.001000000047 Mbps
		Token Bucket Size: 125 bytes
		Peak Data Rate: 0.001000000047 Mbps
		Minimum Policed Unit: 20 bytes
		Maximum Packet Size: 1500 bytes
	    0x0000:  0000 0007 0500 0006 7f00 0005 42fa 0000
	    0x0010:  42fa 0000 42fa 0000 0000 0014 0000 05dc
	  FilterSpec Object (10) Flags: [reject if unknown], Class-Type: Tunnel IPv4 (7), length: 12
	    Source Address: 10.12.0.1, LSP-ID: 0x0001
	    0x0000:  0a0c 0001 0000 0001
	  Label Object (16) Flags: [reject if unknown], Class-Type: Label (1), length: 8
	    Label: 1002
	    0x0000:  0000 03ea
	  RRO Object (21) Flags: [reject if unknown], Class-Type: IPv4 (1), length: 36
	    Subobject Type: IPv4 prefix, length 8, Strict, 198.18.2.1/32, Flags: [none]
	    Subobject Type: Label, length 8, Flags: [none] (0), Class-Type: Unknown (0), 1002
	    Subobject Type: IPv4 prefix, length 8, Strict, 198.18.3.1/32, Flags: [none]
	    Subobject Type: Label, length 8, Flags: [none] (0), Class-Type: Unknown (0), 1000
	    0x0000:  0108 c612 0201 2000 0308 0000 0000 03ea
	    0x0010:  0108 c612 0301 2000 0308 0000 0000 03e8
2026-09-22 18:13:22.437459 ?     Out ifindex 10 3e:af:b2:df:f7:9c ethertype MPLS unicast (0x8847), length 71: MPLS (label 1000, tc 0, ttl 64)
	(label 1002, tc 0, [S], ttl 64)
	(tos 0x0, ttl 64, id 11892, offset 0, flags [DF], proto UDP (17), length 43)
    198.18.1.1.40891 > 198.18.3.1.32856: [bad udp cksum 0x904f -> 0x408e!] UDP, length 15
2026-09-22 18:13:22.437549 ?     In  ifindex 10 26:4e:a0:4e:a5:e8 ethertype IPv4 (0x0800), length 192: (tos 0x0, ttl 64, id 28167, offset 0, flags [DF], proto RSVP (46), length 172)
    10.12.0.2 > 10.12.0.1: 
	RSVPv1 Resv Message (2), Flags: [none], length: 152, ttl: 64, checksum: 0xad1b
	  Session Object (1) Flags: [reject if unknown], Class-Type: Tunnel IPv4 (7), length: 16
	    IPv4 Tunnel EndPoint: 198.18.3.1, Tunnel ID: 0x005d, Extended Tunnel ID: 198.18.1.1
	    0x0000:  c612 0301 0000 005d c612 0101
	  RSVP Hop Object (3) Flags: [reject if unknown], Class-Type: IPv4 (1), length: 12
	    Previous/Next Interface: 10.12.0.2, Logical Interface Handle: 0x00000000
	    0x0000:  0a0c 0002 0000 0000
	  Time Values Object (5) Flags: [reject if unknown], Class-Type: 1 (1), length: 8
	    Refresh Period: 1000ms
	    0x0000:  0000 03e8
	  Confirm Object (15) Flags: [reject if unknown], Class-Type: IPv4 (1), length: 8
	    IPv4 Receiver Address: 198.18.3.1
	    0x0000:  c612 0301
	  Style Object (8) Flags: [reject if unknown], Class-Type: 1 (1), length: 8
	    Reservation Style: Shared Explicit, Flags: [0x00]
	    0x0000:  0000 0012
	  Flowspec Object (9) Flags: [reject if unknown], Class-Type: IntServ (2), length: 36
	    Msg-Version: 0, length: 28
	    Service Type: Controlled Load (5), break bit not set, Service length: 24
	      Parameter ID: Token Bucket TSpec (127), length: 20, Flags: [0x00]
		Token Bucket Rate: 0.001000000047 Mbps
		Token Bucket Size: 125 bytes
		Peak Data Rate: 0.001000000047 Mbps
		Minimum Policed Unit: 20 bytes
		Maximum Packet Size: 1500 bytes
	    0x0000:  0000 0007 0500 0006 7f00 0005 42fa 0000
	    0x0010:  42fa 0000 42fa 0000 0000 0014 0000 05dc
	  FilterSpec Object (10) Flags: [reject if unknown], Class-Type: Tunnel IPv4 (7), length: 12
	    Source Address: 10.12.0.1, LSP-ID: 0x0001
	    0x0000:  0a0c 0001 0000 0001
	  Label Object (16) Flags: [reject if unknown], Class-Type: Label (1), length: 8
	    Label: 1002
	    0x0000:  0000 03ea
	  RRO Object (21) Flags: [reject if unknown], Class-Type: IPv4 (1), length: 36
	    Subobject Type: IPv4 prefix, length 8, Strict, 198.18.2.1/32, Flags: [none]
	    Subobject Type: Label, length 8, Flags: [none] (0), Class-Type: Unknown (0), 1002
	    Subobject Type: IPv4 prefix, length 8, Strict, 198.18.3.1/32, Flags: [none]
	    Subobject Type: Label, length 8, Flags: [none] (0), Class-Type: Unknown (0), 1000
	    0x0000:  0108 c612 0201 2000 0308 0000 0000 03ea
	    0x0010:  0108 c612 0301 2000 0308 0000 0000 03e8
2026-09-22 18:13:22.438794 ?     Out ifindex 10 3e:af:b2:df:f7:9c ethertype MPLS unicast (0x8847), length 148: MPLS (label 1000, tc 0, [S], ttl 64)
	(tos 0x0, ttl 64, id 41740, offset 0, flags [none], proto RSVP (46), length 124, options (RA))
    198.18.1.1 > 198.18.3.1: 
	RSVPv1 ResvConf Message (7), Flags: [none], length: 100, ttl: 64, checksum: 0x0068
	  Session Object (1) Flags: [reject if unknown], Class-Type: Tunnel IPv4 (7), length: 16
	    IPv4 Tunnel EndPoint: 198.18.3.1, Tunnel ID: 0x005d, Extended Tunnel ID: 198.18.1.1
	    0x0000:  c612 0301 0000 005d c612 0101
	  Error Spec Object (6) Flags: [reject if unknown], Class-Type: IPv4 (1), length: 12
	    Error Node Address: 198.18.1.1, Flags: [0x00]
	    Error Code: unknown (0), Unknown Error Value (0)
	    0x0000:  c612 0101 0000 0000
	  Confirm Object (15) Flags: [reject if unknown], Class-Type: IPv4 (1), length: 8
	    IPv4 Receiver Address: 198.18.3.1
	    0x0000:  c612 0301
	  Style Object (8) Flags: [reject if unknown], Class-Type: 1 (1), length: 8
	    Reservation Style: Shared Explicit, Flags: [0x00]
	    0x0000:  0000 0012
	  Flowspec Object (9) Flags: [reject if unknown], Class-Type: IntServ (2), length: 36
	    Msg-Version: 0, length: 28
	    Service Type: Controlled Load (5), break bit not set, Service length: 24
	      Parameter ID: Token Bucket TSpec (127), length: 20, Flags: [0x00]
		Token Bucket Rate: 0.001000000047 Mbps
		Token Bucket Size: 125 bytes
		Peak Data Rate: 0.001000000047 Mbps
		Minimum Policed Unit: 20 bytes
		Maximum Packet Size: 1500 bytes
	    0x0000:  0000 0007 0500 0006 7f00 0005 42fa 0000
	    0x0010:  42fa 0000 42fa 0000 0000 0014 0000 05dc
	  FilterSpec Object (10) Flags: [reject if unknown], Class-Type: Tunnel IPv4 (7), length: 12
	    Source Address: 10.12.0.1, LSP-ID: 0x0001
	    0x0000:  0a0c 0001 0000 0001
2026-09-22 18:13:22.440031 ?     In  ifindex 10 26:4e:a0:4e:a5:e8 ethertype IPv4 (0x0800), length 184: (tos 0x0, ttl 64, id 28169, offset 0, flags [DF], proto RSVP (46), length 164)
    10.12.0.2 > 10.12.0.1: 
	RSVPv1 Resv Message (2), Flags: [none], length: 144, ttl: 64, checksum: 0x8540
	  Session Object (1) Flags: [reject if unknown], Class-Type: Tunnel IPv4 (7), length: 16
	    IPv4 Tunnel EndPoint: 198.18.3.1, Tunnel ID: 0x005d, Extended Tunnel ID: 198.18.1.1
	    0x0000:  c612 0301 0000 005d c612 0101
	  RSVP Hop Object (3) Flags: [reject if unknown], Class-Type: IPv4 (1), length: 12
	    Previous/Next Interface: 10.12.0.2, Logical Interface Handle: 0x00000000
	    0x0000:  0a0c 0002 0000 0000
	  Time Values Object (5) Flags: [reject if unknown], Class-Type: 1 (1), length: 8
	    Refresh Period: 1000ms
	    0x0000:  0000 03e8
	  Style Object (8) Flags: [reject if unknown], Class-Type: 1 (1), length: 8
	    Reservation Style: Shared Explicit, Flags: [0x00]
	    0x0000:  0000 0012
	  Flowspec Object (9) Flags: [reject if unknown], Class-Type: IntServ (2), length: 36
	    Msg-Version: 0, length: 28
	    Service Type: Controlled Load (5), break bit not set, Service length: 24
	      Parameter ID: Token Bucket TSpec (127), length: 20, Flags: [0x00]
		Token Bucket Rate: 0.001000000047 Mbps
		Token Bucket Size: 125 bytes
		Peak Data Rate: 0.001000000047 Mbps
		Minimum Policed Unit: 20 bytes
		Maximum Packet Size: 1500 bytes
	    0x0000:  0000 0007 0500 0006 7f00 0005 42fa 0000
	    0x0010:  42fa 0000 42fa 0000 0000 0014 0000 05dc
	  FilterSpec Object (10) Flags: [reject if unknown], Class-Type: Tunnel IPv4 (7), length: 12
	    Source Address: 10.12.0.1, LSP-ID: 0x0001
	    0x0000:  0a0c 0001 0000 0001
	  Label Object (16) Flags: [reject if unknown], Class-Type: Label (1), length: 8
	    Label: 1002
	    0x0000:  0000 03ea
	  RRO Object (21) Flags: [reject if unknown], Class-Type: IPv4 (1), length: 36
	    Subobject Type: IPv4 prefix, length 8, Strict, 198.18.2.1/32, Flags: [none]
	    Subobject Type: Label, length 8, Flags: [none] (0), Class-Type: Unknown (0), 1002
	    Subobject Type: IPv4 prefix, length 8, Strict, 198.18.3.1/32, Flags: [none]
	    Subobject Type: Label, length 8, Flags: [none] (0), Class-Type: Unknown (0), 1000
	    0x0000:  0108 c612 0201 2000 0308 0000 0000 03ea
	    0x0010:  0108 c612 0301 2000 0308 0000 0000 03e8
2026-09-22 18:13:22.441025 ?     In  ifindex 11 86:b9:5b:6f:41:00 ethertype IPv4 (0x0800), length 184: (tos 0x0, ttl 64, id 19388, offset 0, flags [DF], proto RSVP (46), length 164)
    10.13.0.2 > 10.13.0.1: 
	RSVPv1 Resv Message (2), Flags: [none], length: 144, ttl: 64, checksum: 0xc834
	  Session Object (1) Flags: [reject if unknown], Class-Type: Tunnel IPv4 (7), length: 16
	    IPv4 Tunnel EndPoint: 198.18.3.1, Tunnel ID: 0x005d, Extended Tunnel ID: 198.18.1.1
	    0x0000:  c612 0301 0000 005d c612 0101
	  RSVP Hop Object (3) Flags: [reject if unknown], Class-Type: IPv4 (1), length: 12
	    Previous/Next Interface: 10.13.0.2, Logical Interface Handle: 0x00000000
	    0x0000:  0a0d 0002 0000 0000
	  Time Values Object (5) Flags: [reject if unknown], Class-Type: 1 (1), length: 8
	    Refresh Period: 1000ms
	    0x0000:  0000 03e8
	  Style Object (8) Flags: [reject if unknown], Class-Type: 1 (1), length: 8
	    Reservation Style: Shared Explicit, Flags: [0x00]
	    0x0000:  0000 0012
	  Flowspec Object (9) Flags: [reject if unknown], Class-Type: IntServ (2), length: 36
	    Msg-Version: 0, length: 28
	    Service Type: Controlled Load (5), break bit not set, Service length: 24
	      Parameter ID: Token Bucket TSpec (127), length: 20, Flags: [0x00]
		Token Bucket Rate: 0.001000000047 Mbps
		Token Bucket Size: 125 bytes
		Peak Data Rate: 0.001000000047 Mbps
		Minimum Policed Unit: 20 bytes
		Maximum Packet Size: 1500 bytes
	    0x0000:  0000 0007 0500 0006 7f00 0005 42fa 0000
	    0x0010:  42fa 0000 42fa 0000 0000 0014 0000 05dc
	  FilterSpec Object (10) Flags: [reject if unknown], Class-Type: Tunnel IPv4 (7), length: 12
	    Source Address: 198.18.1.1, LSP-ID: 0x0002
	    0x0000:  c612 0101 0000 0002
	  Label Object (16) Flags: [reject if unknown], Class-Type: Label (1), length: 8
	    Label: 1003
	    0x0000:  0000 03eb
	  RRO Object (21) Flags: [reject if unknown], Class-Type: IPv4 (1), length: 36
	    Subobject Type: IPv4 prefix, length 8, Strict, 198.18.2.1/32, Flags: [none]
	    Subobject Type: Label, length 8, Flags: [none] (0), Class-Type: Unknown (0), 1003
	    Subobject Type: IPv4 prefix, length 8, Strict, 198.18.3.1/32, Flags: [none]
	    Subobject Type: Label, length 8, Flags: [none] (0), Class-Type: Unknown (0), 1001
	    0x0000:  0108 c612 0201 2000 0308 0000 0000 03eb
	    0x0010:  0108 c612 0301 2000 0308 0000 0000 03e9
2026-09-22 18:13:22.442423 ?     Out ifindex 10 3e:af:b2:df:f7:9c ethertype MPLS unicast (0x8847), length 132: MPLS (label 1000, tc 0, [S], ttl 64)
	(tos 0x0, ttl 64, id 21579, offset 0, flags [none], proto RSVP (46), length 108, options (RA))
    10.12.0.1 > 198.18.3.1: 
	RSVPv1 PathTear Message (5), Flags: [none], length: 84, ttl: 64, checksum: 0xa694
	  Session Object (1) Flags: [reject if unknown], Class-Type: Tunnel IPv4 (7), length: 16
	    IPv4 Tunnel EndPoint: 198.18.3.1, Tunnel ID: 0x005d, Extended Tunnel ID: 198.18.1.1
	    0x0000:  c612 0301 0000 005d c612 0101
	  RSVP Hop Object (3) Flags: [reject if unknown], Class-Type: IPv4 (1), length: 12
	    Previous/Next Interface: 10.12.0.1, Logical Interface Handle: 0x00000000
	    0x0000:  0a0c 0001 0000 0000
	  Sender Template Object (11) Flags: [reject if unknown], Class-Type: Tunnel IPv4 (7), length: 12
	    IPv4 Tunnel Sender Address: 10.12.0.1, LSP-ID: 0x0001
	    0x0000:  0a0c 0001 0000 0001
	  Sender TSpec Object (12) Flags: [reject if unknown], Class-Type: IntServ (2), length: 36
	    Msg-Version: 0, length: 28
	    Service Type: Default/Global Information (1), break bit not set, Service length: 24
	      Parameter ID: Token Bucket TSpec (127), length: 20, Flags: [0x00]
		Token Bucket Rate: 0.001000000047 Mbps
		Token Bucket Size: 125 bytes
		Peak Data Rate: 0.001000000047 Mbps
		Minimum Policed Unit: 20 bytes
		Maximum Packet Size: 65535 bytes
	    0x0000:  0000 0007 0100 0006 7f00 0005 42fa 0000
	    0x0010:  42fa 0000 42fa 0000 0000 0014 0000 ffff
2026-09-22 18:13:22.636528 ?     Out ifindex 11 36:59:02:b0:0d:9e ethertype IPv4 (0x0800), length 128: (tos 0x0, ttl 64, id 41752, offset 0, flags [none], proto RSVP (46), length 108, options (RA))
    198.18.1.1 > 198.18.3.1: 
	RSVPv1 PathTear Message (5), Flags: [none], length: 84, ttl: 64, checksum: 0xe98b
	  Session Object (1) Flags: [reject if unknown], Class-Type: Tunnel IPv4 (7), length: 16
	    IPv4 Tunnel EndPoint: 198.18.3.1, Tunnel ID: 0x005d, Extended Tunnel ID: 198.18.1.1
	    0x0000:  c612 0301 0000 005d c612 0101
	  RSVP Hop Object (3) Flags: [reject if unknown], Class-Type: IPv4 (1), length: 12
	    Previous/Next Interface: 10.13.0.1, Logical Interface Handle: 0x00000000
	    0x0000:  0a0d 0001 0000 0000
	  Sender Template Object (11) Flags: [reject if unknown], Class-Type: Tunnel IPv4 (7), length: 12
	    IPv4 Tunnel Sender Address: 198.18.1.1, LSP-ID: 0x0002
	    0x0000:  c612 0101 0000 0002
	  Sender TSpec Object (12) Flags: [reject if unknown], Class-Type: IntServ (2), length: 36
	    Msg-Version: 0, length: 28
	    Service Type: Default/Global Information (1), break bit not set, Service length: 24
	      Parameter ID: Token Bucket TSpec (127), length: 20, Flags: [0x00]
		Token Bucket Rate: 0.001000000047 Mbps
		Token Bucket Size: 125 bytes
		Peak Data Rate: 0.001000000047 Mbps
		Minimum Policed Unit: 20 bytes
		Maximum Packet Size: 65535 bytes
	    0x0000:  0000 0007 0100 0006 7f00 0005 42fa 0000
	    0x0010:  42fa 0000 42fa 0000 0000 0014 0000 ffff
2026-09-22 18:13:22.794536 ?     Out ifindex 10 3e:af:b2:df:f7:9c ethertype IPv4 (0x0800), length 216: (tos 0x0, ttl 64, id 52955, offset 0, flags [none], proto RSVP (46), length 196, options (RA))
    198.18.1.1 > 198.18.2.1: 
	RSVPv1 Path Message (1), Flags: [none], length: 172, ttl: 64, checksum: 0x24ed
	  Session Object (1) Flags: [reject if unknown], Class-Type: Tunnel IPv4 (7), length: 16
	    IPv4 Tunnel EndPoint: 198.18.2.1, Tunnel ID: 0xf92c, Extended Tunnel ID: 198.18.1.1
	    0x0000:  c612 0201 0000 f92c c612 0101
	  RSVP Hop Object (3) Flags: [reject if unknown], Class-Type: IPv4 (1), length: 12
	    Previous/Next Interface: 10.12.0.1, Logical Interface Handle: 0x00000000
	    0x0000:  0a0c 0001 0000 0000
	  Time Values Object (5) Flags: [reject if unknown], Class-Type: 1 (1), length: 8
	    Refresh Period: 1000ms
	    0x0000:  0000 03e8
	  ERO Object (20) Flags: [reject if unknown], Class-Type: IPv4 (1), length: 12
	    Subobject Type: IPv4 prefix, length 8, Strict, 10.12.0.2/32, Flags: [none]
	    0x0000:  0108 0a0c 0002 2000
	  Label Request Object (19) Flags: [reject if unknown], Class-Type: without label range (1), length: 8
	    L3 Protocol ID: IPv4
	    0x0000:  0000 0800
	  Sender Template Object (11) Flags: [reject if unknown], Class-Type: Tunnel IPv4 (7), length: 12
	    IPv4 Tunnel Sender Address: 198.18.1.1, LSP-ID: 0x0001
	    0x0000:  c612 0101 0000 0001
	  Sender TSpec Object (12) Flags: [reject if unknown], Class-Type: IntServ (2), length: 36
	    Msg-Version: 0, length: 28
	    Service Type: Default/Global Information (1), break bit not set, Service length: 24
	      Parameter ID: Token Bucket TSpec (127), length: 20, Flags: [0x00]
		Token Bucket Rate: 0 Mbps
		Token Bucket Size: 0 bytes
		Peak Data Rate: 0 Mbps
		Minimum Policed Unit: 20 bytes
		Maximum Packet Size: 65535 bytes
	    0x0000:  0000 0007 0100 0006 7f00 0005 0000 0000
	    0x0010:  0000 0000 0000 0000 0000 0014 0000 ffff
	  Adspec Object (13) Flags: [reject if unknown], Class-Type: IntServ (2), length: 48
	    Msg-Version: 0, length: 40
	    Service Type: Default/Global Information (1), break bit not set, Service length: 32
	      Parameter ID: IS hop cnt (4), length: 4, Flags: [0x00]
		IS hop count: 1
	      Parameter ID: Path b/w estimate (6), length: 4, Flags: [0x00]
		Path b/w estimate: 0 Mbps
	      Parameter ID: Minimum path latency (8), length: 4, Flags: [0x00]
		Minimum path latency: don't care
	      Parameter ID: Composed MTU (10), length: 4, Flags: [0x00]
		Composed MTU: 1500 bytes
	    Service Type: Controlled Load (5), break bit not set, Service length: 0
	    0x0000:  0000 000a 0100 0008 0400 0001 0000 0001
	    0x0010:  0600 0001 0000 0000 0800 0001 ffff ffff
	    0x0020:  0a00 0001 0000 05dc 0500 0000
	  RRO Object (21) Flags: [reject if unknown], Class-Type: IPv4 (1), length: 12
	    Subobject Type: IPv4 prefix, length 8, Strict, 198.18.1.1/32, Flags: [none]
	    0x0000:  0108 c612 0101 2000
2026-09-22 18:13:22.795241 ?     Out ifindex 11 36:59:02:b0:0d:9e ethertype IPv4 (0x0800), length 216: (tos 0x0, ttl 64, id 52956, offset 0, flags [none], proto RSVP (46), length 196, options (RA))
    198.18.1.1 > 198.18.2.1: 
	RSVPv1 Path Message (1), Flags: [none], length: 172, ttl: 64, checksum: 0x2032
	  Session Object (1) Flags: [reject if unknown], Class-Type: Tunnel IPv4 (7), length: 16
	    IPv4 Tunnel EndPoint: 198.18.2.1, Tunnel ID: 0xfde5, Extended Tunnel ID: 198.18.1.1
	    0x0000:  c612 0201 0000 fde5 c612 0101
	  RSVP Hop Object (3) Flags: [reject if unknown], Class-Type: IPv4 (1), length: 12
	    Previous/Next Interface: 10.13.0.1, Logical Interface Handle: 0x00000000
	    0x0000:  0a0d 0001 0000 0000
	  Time Values Object (5) Flags: [reject if unknown], Class-Type: 1 (1), length: 8
	    Refresh Period: 1000ms
	    0x0000:  0000 03e8
	  ERO Object (20) Flags: [reject if unknown], Class-Type: IPv4 (1), length: 12
	    Subobject Type: IPv4 prefix, length 8, Strict, 10.13.0.2/32, Flags: [none]
	    0x0000:  0108 0a0d 0002 2000
	  Label Request Object (19) Flags: [reject if unknown], Class-Type: without label range (1), length: 8
	    L3 Protocol ID: IPv4
	    0x0000:  0000 0800
	  Sender Template Object (11) Flags: [reject if unknown], Class-Type: Tunnel IPv4 (7), length: 12
	    IPv4 Tunnel Sender Address: 198.18.1.1, LSP-ID: 0x0001
	    0x0000:  c612 0101 0000 0001
	  Sender TSpec Object (12) Flags: [reject if unknown], Class-Type: IntServ (2), length: 36
	    Msg-Version: 0, length: 28
	    Service Type: Default/Global Information (1), break bit not set, Service length: 24
	      Parameter ID: Token Bucket TSpec (127), length: 20, Flags: [0x00]
		Token Bucket Rate: 0 Mbps
		Token Bucket Size: 0 bytes
		Peak Data Rate: 0 Mbps
		Minimum Policed Unit: 20 bytes
		Maximum Packet Size: 65535 bytes
	    0x0000:  0000 0007 0100 0006 7f00 0005 0000 0000
	    0x0010:  0000 0000 0000 0000 0000 0014 0000 ffff
	  Adspec Object (13) Flags: [reject if unknown], Class-Type: IntServ (2), length: 48
	    Msg-Version: 0, length: 40
	    Service Type: Default/Global Information (1), break bit not set, Service length: 32
	      Parameter ID: IS hop cnt (4), length: 4, Flags: [0x00]
		IS hop count: 1
	      Parameter ID: Path b/w estimate (6), length: 4, Flags: [0x00]
		Path b/w estimate: 0 Mbps
	      Parameter ID: Minimum path latency (8), length: 4, Flags: [0x00]
		Minimum path latency: don't care
	      Parameter ID: Composed MTU (10), length: 4, Flags: [0x00]
		Composed MTU: 1500 bytes
	    Service Type: Controlled Load (5), break bit not set, Service length: 0
	    0x0000:  0000 000a 0100 0008 0400 0001 0000 0001
	    0x0010:  0600 0001 0000 0000 0800 0001 ffff ffff
	    0x0020:  0a00 0001 0000 05dc 0500 0000
	  RRO Object (21) Flags: [reject if unknown], Class-Type: IPv4 (1), length: 12
	    Subobject Type: IPv4 prefix, length 8, Strict, 198.18.1.1/32, Flags: [none]
	    0x0000:  0108 c612 0101 2000
2026-09-22 18:13:22.796106 ?     In  ifindex 10 26:4e:a0:4e:a5:e8 ethertype IPv4 (0x0800), length 160: (tos 0x0, ttl 64, id 28255, offset 0, flags [DF], proto RSVP (46), length 140)
    10.12.0.2 > 10.12.0.1: 
	RSVPv1 Resv Message (2), Flags: [none], length: 120, ttl: 64, checksum: 0x9188
	  Session Object (1) Flags: [reject if unknown], Class-Type: Tunnel IPv4 (7), length: 16
	    IPv4 Tunnel EndPoint: 198.18.2.1, Tunnel ID: 0xf92c, Extended Tunnel ID: 198.18.1.1
	    0x0000:  c612 0201 0000 f92c c612 0101
	  RSVP Hop Object (3) Flags: [reject if unknown], Class-Type: IPv4 (1), length: 12
	    Previous/Next Interface: 10.12.0.2, Logical Interface Handle: 0x00000000
	    0x0000:  0a0c 0002 0000 0000
	  Time Values Object (5) Flags: [reject if unknown], Class-Type: 1 (1), length: 8
	    Refresh Period: 1000ms
	    0x0000:  0000 03e8
	  Style Object (8) Flags: [reject if unknown], Class-Type: 1 (1), length: 8
	    Reservation Style: Shared Explicit, Flags: [0x00]
	    0x0000:  0000 0012
	  Flowspec Object (9) Flags: [reject if unknown], Class-Type: IntServ (2), length: 36
	    Msg-Version: 0, length: 28
	    Service Type: Controlled Load (5), break bit not set, Service length: 24
	      Parameter ID: Token Bucket TSpec (127), length: 20, Flags: [0x00]
		Token Bucket Rate: 0 Mbps
		Token Bucket Size: 0 bytes
		Peak Data Rate: 0 Mbps
		Minimum Policed Unit: 20 bytes
		Maximum Packet Size: 1500 bytes
	    0x0000:  0000 0007 0500 0006 7f00 0005 0000 0000
	    0x0010:  0000 0000 0000 0000 0000 0014 0000 05dc
	  FilterSpec Object (10) Flags: [reject if unknown], Class-Type: Tunnel IPv4 (7), length: 12
	    Source Address: 198.18.1.1, LSP-ID: 0x0001
	    0x0000:  c612 0101 0000 0001
	  Label Object (16) Flags: [reject if unknown], Class-Type: Label (1), length: 8
	    Label: 1000
	    0x0000:  0000 03e8
	  RRO Object (21) Flags: [reject if unknown], Class-Type: IPv4 (1), length: 12
	    Subobject Type: IPv4 prefix, length 8, Strict, 198.18.2.1/32, Flags: [none]
	    0x0000:  0108 c612 0201 2000
2026-09-22 18:13:22.796534 ?     In  ifindex 11 86:b9:5b:6f:41:00 ethertype IPv4 (0x0800), length 160: (tos 0x0, ttl 64, id 19525, offset 0, flags [DF], proto RSVP (46), length 140)
    10.13.0.2 > 10.13.0.1: 
	RSVPv1 Resv Message (2), Flags: [none], length: 120, ttl: 64, checksum: 0x8ccd
	  Session Object (1) Flags: [reject if unknown], Class-Type: Tunnel IPv4 (7), length: 16
	    IPv4 Tunnel EndPoint: 198.18.2.1, Tunnel ID: 0xfde5, Extended Tunnel ID: 198.18.1.1
	    0x0000:  c612 0201 0000 fde5 c612 0101
	  RSVP Hop Object (3) Flags: [reject if unknown], Class-Type: IPv4 (1), length: 12
	    Previous/Next Interface: 10.13.0.2, Logical Interface Handle: 0x00000000
	    0x0000:  0a0d 0002 0000 0000
	  Time Values Object (5) Flags: [reject if unknown], Class-Type: 1 (1), length: 8
	    Refresh Period: 1000ms
	    0x0000:  0000 03e8
	  Style Object (8) Flags: [reject if unknown], Class-Type: 1 (1), length: 8
	    Reservation Style: Shared Explicit, Flags: [0x00]
	    0x0000:  0000 0012
	  Flowspec Object (9) Flags: [reject if unknown], Class-Type: IntServ (2), length: 36
	    Msg-Version: 0, length: 28
	    Service Type: Controlled Load (5), break bit not set, Service length: 24
	      Parameter ID: Token Bucket TSpec (127), length: 20, Flags: [0x00]
		Token Bucket Rate: 0 Mbps
		Token Bucket Size: 0 bytes
		Peak Data Rate: 0 Mbps
		Minimum Policed Unit: 20 bytes
		Maximum Packet Size: 1500 bytes
	    0x0000:  0000 0007 0500 0006 7f00 0005 0000 0000
	    0x0010:  0000 0000 0000 0000 0000 0014 0000 05dc
	  FilterSpec Object (10) Flags: [reject if unknown], Class-Type: Tunnel IPv4 (7), length: 12
	    Source Address: 198.18.1.1, LSP-ID: 0x0001
	    0x0000:  c612 0101 0000 0001
	  Label Object (16) Flags: [reject if unknown], Class-Type: Label (1), length: 8
	    Label: 1001
	    0x0000:  0000 03e9
	  RRO Object (21) Flags: [reject if unknown], Class-Type: IPv4 (1), length: 12
	    Subobject Type: IPv4 prefix, length 8, Strict, 198.18.2.1/32, Flags: [none]
	    0x0000:  0108 c612 0201 2000
2026-09-22 18:13:23.424150 ?     In  ifindex 10 26:4e:a0:4e:a5:e8 ethertype IPv4 (0x0800), length 160: (tos 0x0, ttl 64, id 28715, offset 0, flags [DF], proto RSVP (46), length 140)
    10.12.0.2 > 10.12.0.1: 
	RSVPv1 Resv Message (2), Flags: [none], length: 120, ttl: 64, checksum: 0x9188
	  Session Object (1) Flags: [reject if unknown], Class-Type: Tunnel IPv4 (7), length: 16
	    IPv4 Tunnel EndPoint: 198.18.2.1, Tunnel ID: 0xf92c, Extended Tunnel ID: 198.18.1.1
	    0x0000:  c612 0201 0000 f92c c612 0101
	  RSVP Hop Object (3) Flags: [reject if unknown], Class-Type: IPv4 (1), length: 12
	    Previous/Next Interface: 10.12.0.2, Logical Interface Handle: 0x00000000
	    0x0000:  0a0c 0002 0000 0000
	  Time Values Object (5) Flags: [reject if unknown], Class-Type: 1 (1), length: 8
	    Refresh Period: 1000ms
	    0x0000:  0000 03e8
	  Style Object (8) Flags: [reject if unknown], Class-Type: 1 (1), length: 8
	    Reservation Style: Shared Explicit, Flags: [0x00]
	    0x0000:  0000 0012
	  Flowspec Object (9) Flags: [reject if unknown], Class-Type: IntServ (2), length: 36
	    Msg-Version: 0, length: 28
	    Service Type: Controlled Load (5), break bit not set, Service length: 24
	      Parameter ID: Token Bucket TSpec (127), length: 20, Flags: [0x00]
		Token Bucket Rate: 0 Mbps
		Token Bucket Size: 0 bytes
		Peak Data Rate: 0 Mbps
		Minimum Policed Unit: 20 bytes
		Maximum Packet Size: 1500 bytes
	    0x0000:  0000 0007 0500 0006 7f00 0005 0000 0000
	    0x0010:  0000 0000 0000 0000 0000 0014 0000 05dc
	  FilterSpec Object (10) Flags: [reject if unknown], Class-Type: Tunnel IPv4 (7), length: 12
	    Source Address: 198.18.1.1, LSP-ID: 0x0001
	    0x0000:  c612 0101 0000 0001
	  Label Object (16) Flags: [reject if unknown], Class-Type: Label (1), length: 8
	    Label: 1000
	    0x0000:  0000 03e8
	  RRO Object (21) Flags: [reject if unknown], Class-Type: IPv4 (1), length: 12
	    Subobject Type: IPv4 prefix, length 8, Strict, 198.18.2.1/32, Flags: [none]
	    0x0000:  0108 c612 0201 2000
2026-09-22 18:13:23.424306 ?     In  ifindex 11 86:b9:5b:6f:41:00 ethertype IPv4 (0x0800), length 160: (tos 0x0, ttl 64, id 20085, offset 0, flags [DF], proto RSVP (46), length 140)
    10.13.0.2 > 10.13.0.1: 
	RSVPv1 Resv Message (2), Flags: [none], length: 120, ttl: 64, checksum: 0x8ccd
	  Session Object (1) Flags: [reject if unknown], Class-Type: Tunnel IPv4 (7), length: 16
	    IPv4 Tunnel EndPoint: 198.18.2.1, Tunnel ID: 0xfde5, Extended Tunnel ID: 198.18.1.1
	    0x0000:  c612 0201 0000 fde5 c612 0101
	  RSVP Hop Object (3) Flags: [reject if unknown], Class-Type: IPv4 (1), length: 12
	    Previous/Next Interface: 10.13.0.2, Logical Interface Handle: 0x00000000
	    0x0000:  0a0d 0002 0000 0000
	  Time Values Object (5) Flags: [reject if unknown], Class-Type: 1 (1), length: 8
	    Refresh Period: 1000ms
	    0x0000:  0000 03e8
	  Style Object (8) Flags: [reject if unknown], Class-Type: 1 (1), length: 8
	    Reservation Style: Shared Explicit, Flags: [0x00]
	    0x0000:  0000 0012
	  Flowspec Object (9) Flags: [reject if unknown], Class-Type: IntServ (2), length: 36
	    Msg-Version: 0, length: 28
	    Service Type: Controlled Load (5), break bit not set, Service length: 24
	      Parameter ID: Token Bucket TSpec (127), length: 20, Flags: [0x00]
		Token Bucket Rate: 0 Mbps
		Token Bucket Size: 0 bytes
		Peak Data Rate: 0 Mbps
		Minimum Policed Unit: 20 bytes
		Maximum Packet Size: 1500 bytes
	    0x0000:  0000 0007 0500 0006 7f00 0005 0000 0000
	    0x0010:  0000 0000 0000 0000 0000 0014 0000 05dc
	  FilterSpec Object (10) Flags: [reject if unknown], Class-Type: Tunnel IPv4 (7), length: 12
	    Source Address: 198.18.1.1, LSP-ID: 0x0001
	    0x0000:  c612 0101 0000 0001
	  Label Object (16) Flags: [reject if unknown], Class-Type: Label (1), length: 8
	    Label: 1001
	    0x0000:  0000 03e9
	  RRO Object (21) Flags: [reject if unknown], Class-Type: IPv4 (1), length: 12
	    Subobject Type: IPv4 prefix, length 8, Strict, 198.18.2.1/32, Flags: [none]
	    0x0000:  0108 c612 0201 2000
2026-09-22 18:13:23.794655 ?     Out ifindex 10 3e:af:b2:df:f7:9c ethertype IPv4 (0x0800), length 216: (tos 0x0, ttl 64, id 53023, offset 0, flags [none], proto RSVP (46), length 196, options (RA))
    198.18.1.1 > 198.18.2.1: 
	RSVPv1 Path Message (1), Flags: [none], length: 172, ttl: 64, checksum: 0x24ed
	  Session Object (1) Flags: [reject if unknown], Class-Type: Tunnel IPv4 (7), length: 16
	    IPv4 Tunnel EndPoint: 198.18.2.1, Tunnel ID: 0xf92c, Extended Tunnel ID: 198.18.1.1
	    0x0000:  c612 0201 0000 f92c c612 0101
	  RSVP Hop Object (3) Flags: [reject if unknown], Class-Type: IPv4 (1), length: 12
	    Previous/Next Interface: 10.12.0.1, Logical Interface Handle: 0x00000000
	    0x0000:  0a0c 0001 0000 0000
	  Time Values Object (5) Flags: [reject if unknown], Class-Type: 1 (1), length: 8
	    Refresh Period: 1000ms
	    0x0000:  0000 03e8
	  ERO Object (20) Flags: [reject if unknown], Class-Type: IPv4 (1), length: 12
	    Subobject Type: IPv4 prefix, length 8, Strict, 10.12.0.2/32, Flags: [none]
	    0x0000:  0108 0a0c 0002 2000
	  Label Request Object (19) Flags: [reject if unknown], Class-Type: without label range (1), length: 8
	    L3 Protocol ID: IPv4
	    0x0000:  0000 0800
	  Sender Template Object (11) Flags: [reject if unknown], Class-Type: Tunnel IPv4 (7), length: 12
	    IPv4 Tunnel Sender Address: 198.18.1.1, LSP-ID: 0x0001
	    0x0000:  c612 0101 0000 0001
	  Sender TSpec Object (12) Flags: [reject if unknown], Class-Type: IntServ (2), length: 36
	    Msg-Version: 0, length: 28
	    Service Type: Default/Global Information (1), break bit not set, Service length: 24
	      Parameter ID: Token Bucket TSpec (127), length: 20, Flags: [0x00]
		Token Bucket Rate: 0 Mbps
		Token Bucket Size: 0 bytes
		Peak Data Rate: 0 Mbps
		Minimum Policed Unit: 20 bytes
		Maximum Packet Size: 65535 bytes
	    0x0000:  0000 0007 0100 0006 7f00 0005 0000 0000
	    0x0010:  0000 0000 0000 0000 0000 0014 0000 ffff
	  Adspec Object (13) Flags: [reject if unknown], Class-Type: IntServ (2), length: 48
	    Msg-Version: 0, length: 40
	    Service Type: Default/Global Information (1), break bit not set, Service length: 32
	      Parameter ID: IS hop cnt (4), length: 4, Flags: [0x00]
		IS hop count: 1
	      Parameter ID: Path b/w estimate (6), length: 4, Flags: [0x00]
		Path b/w estimate: 0 Mbps
	      Parameter ID: Minimum path latency (8), length: 4, Flags: [0x00]
		Minimum path latency: don't care
	      Parameter ID: Composed MTU (10), length: 4, Flags: [0x00]
		Composed MTU: 1500 bytes
	    Service Type: Controlled Load (5), break bit not set, Service length: 0
	    0x0000:  0000 000a 0100 0008 0400 0001 0000 0001
	    0x0010:  0600 0001 0000 0000 0800 0001 ffff ffff
	    0x0020:  0a00 0001 0000 05dc 0500 0000
	  RRO Object (21) Flags: [reject if unknown], Class-Type: IPv4 (1), length: 12
	    Subobject Type: IPv4 prefix, length 8, Strict, 198.18.1.1/32, Flags: [none]
	    0x0000:  0108 c612 0101 2000
2026-09-22 18:13:23.795258 ?     Out ifindex 11 36:59:02:b0:0d:9e ethertype IPv4 (0x0800), length 216: (tos 0x0, ttl 64, id 53024, offset 0, flags [none], proto RSVP (46), length 196, options (RA))
    198.18.1.1 > 198.18.2.1: 
	RSVPv1 Path Message (1), Flags: [none], length: 172, ttl: 64, checksum: 0x2032
	  Session Object (1) Flags: [reject if unknown], Class-Type: Tunnel IPv4 (7), length: 16
	    IPv4 Tunnel EndPoint: 198.18.2.1, Tunnel ID: 0xfde5, Extended Tunnel ID: 198.18.1.1
	    0x0000:  c612 0201 0000 fde5 c612 0101
	  RSVP Hop Object (3) Flags: [reject if unknown], Class-Type: IPv4 (1), length: 12
	    Previous/Next Interface: 10.13.0.1, Logical Interface Handle: 0x00000000
	    0x0000:  0a0d 0001 0000 0000
	  Time Values Object (5) Flags: [reject if unknown], Class-Type: 1 (1), length: 8
	    Refresh Period: 1000ms
	    0x0000:  0000 03e8
	  ERO Object (20) Flags: [reject if unknown], Class-Type: IPv4 (1), length: 12
	    Subobject Type: IPv4 prefix, length 8, Strict, 10.13.0.2/32, Flags: [none]
	    0x0000:  0108 0a0d 0002 2000
	  Label Request Object (19) Flags: [reject if unknown], Class-Type: without label range (1), length: 8
	    L3 Protocol ID: IPv4
	    0x0000:  0000 0800
	  Sender Template Object (11) Flags: [reject if unknown], Class-Type: Tunnel IPv4 (7), length: 12
	    IPv4 Tunnel Sender Address: 198.18.1.1, LSP-ID: 0x0001
	    0x0000:  c612 0101 0000 0001
	  Sender TSpec Object (12) Flags: [reject if unknown], Class-Type: IntServ (2), length: 36
	    Msg-Version: 0, length: 28
	    Service Type: Default/Global Information (1), break bit not set, Service length: 24
	      Parameter ID: Token Bucket TSpec (127), length: 20, Flags: [0x00]
		Token Bucket Rate: 0 Mbps
		Token Bucket Size: 0 bytes
		Peak Data Rate: 0 Mbps
		Minimum Policed Unit: 20 bytes
		Maximum Packet Size: 65535 bytes
	    0x0000:  0000 0007 0100 0006 7f00 0005 0000 0000
	    0x0010:  0000 0000 0000 0000 0000 0014 0000 ffff
	  Adspec Object (13) Flags: [reject if unknown], Class-Type: IntServ (2), length: 48
	    Msg-Version: 0, length: 40
	    Service Type: Default/Global Information (1), break bit not set, Service length: 32
	      Parameter ID: IS hop cnt (4), length: 4, Flags: [0x00]
		IS hop count: 1
	      Parameter ID: Path b/w estimate (6), length: 4, Flags: [0x00]
		Path b/w estimate: 0 Mbps
	      Parameter ID: Minimum path latency (8), length: 4, Flags: [0x00]
		Minimum path latency: don't care
	      Parameter ID: Composed MTU (10), length: 4, Flags: [0x00]
		Composed MTU: 1500 bytes
	    Service Type: Controlled Load (5), break bit not set, Service length: 0
	    0x0000:  0000 000a 0100 0008 0400 0001 0000 0001
	    0x0010:  0600 0001 0000 0000 0800 0001 ffff ffff
	    0x0020:  0a00 0001 0000 05dc 0500 0000
	  RRO Object (21) Flags: [reject if unknown], Class-Type: IPv4 (1), length: 12
	    Subobject Type: IPv4 prefix, length 8, Strict, 198.18.1.1/32, Flags: [none]
	    0x0000:  0108 c612 0101 2000
2026-09-22 18:13:23.795846 ?     In  ifindex 10 26:4e:a0:4e:a5:e8 ethertype IPv4 (0x0800), length 160: (tos 0x0, ttl 64, id 29038, offset 0, flags [DF], proto RSVP (46), length 140)
    10.12.0.2 > 10.12.0.1: 
	RSVPv1 Resv Message (2), Flags: [none], length: 120, ttl: 64, checksum: 0x9188
	  Session Object (1) Flags: [reject if unknown], Class-Type: Tunnel IPv4 (7), length: 16
	    IPv4 Tunnel EndPoint: 198.18.2.1, Tunnel ID: 0xf92c, Extended Tunnel ID: 198.18.1.1
	    0x0000:  c612 0201 0000 f92c c612 0101
	  RSVP Hop Object (3) Flags: [reject if unknown], Class-Type: IPv4 (1), length: 12
	    Previous/Next Interface: 10.12.0.2, Logical Interface Handle: 0x00000000
	    0x0000:  0a0c 0002 0000 0000
	  Time Values Object (5) Flags: [reject if unknown], Class-Type: 1 (1), length: 8
	    Refresh Period: 1000ms
	    0x0000:  0000 03e8
	  Style Object (8) Flags: [reject if unknown], Class-Type: 1 (1), length: 8
	    Reservation Style: Shared Explicit, Flags: [0x00]
	    0x0000:  0000 0012
	  Flowspec Object (9) Flags: [reject if unknown], Class-Type: IntServ (2), length: 36
	    Msg-Version: 0, length: 28
	    Service Type: Controlled Load (5), break bit not set, Service length: 24
	      Parameter ID: Token Bucket TSpec (127), length: 20, Flags: [0x00]
		Token Bucket Rate: 0 Mbps
		Token Bucket Size: 0 bytes
		Peak Data Rate: 0 Mbps
		Minimum Policed Unit: 20 bytes
		Maximum Packet Size: 1500 bytes
	    0x0000:  0000 0007 0500 0006 7f00 0005 0000 0000
	    0x0010:  0000 0000 0000 0000 0000 0014 0000 05dc
	  FilterSpec Object (10) Flags: [reject if unknown], Class-Type: Tunnel IPv4 (7), length: 12
	    Source Address: 198.18.1.1, LSP-ID: 0x0001
	    0x0000:  c612 0101 0000 0001
	  Label Object (16) Flags: [reject if unknown], Class-Type: Label (1), length: 8
	    Label: 1000
	    0x0000:  0000 03e8
	  RRO Object (21) Flags: [reject if unknown], Class-Type: IPv4 (1), length: 12
	    Subobject Type: IPv4 prefix, length 8, Strict, 198.18.2.1/32, Flags: [none]
	    0x0000:  0108 c612 0201 2000
2026-09-22 18:13:23.796428 ?     In  ifindex 11 86:b9:5b:6f:41:00 ethertype IPv4 (0x0800), length 160: (tos 0x0, ttl 64, id 20099, offset 0, flags [DF], proto RSVP (46), length 140)
    10.13.0.2 > 10.13.0.1: 
	RSVPv1 Resv Message (2), Flags: [none], length: 120, ttl: 64, checksum: 0x8ccd
	  Session Object (1) Flags: [reject if unknown], Class-Type: Tunnel IPv4 (7), length: 16
	    IPv4 Tunnel EndPoint: 198.18.2.1, Tunnel ID: 0xfde5, Extended Tunnel ID: 198.18.1.1
	    0x0000:  c612 0201 0000 fde5 c612 0101
	  RSVP Hop Object (3) Flags: [reject if unknown], Class-Type: IPv4 (1), length: 12
	    Previous/Next Interface: 10.13.0.2, Logical Interface Handle: 0x00000000
	    0x0000:  0a0d 0002 0000 0000
	  Time Values Object (5) Flags: [reject if unknown], Class-Type: 1 (1), length: 8
	    Refresh Period: 1000ms
	    0x0000:  0000 03e8
	  Style Object (8) Flags: [reject if unknown], Class-Type: 1 (1), length: 8
	    Reservation Style: Shared Explicit, Flags: [0x00]
	    0x0000:  0000 0012
	  Flowspec Object (9) Flags: [reject if unknown], Class-Type: IntServ (2), length: 36
	    Msg-Version: 0, length: 28
	    Service Type: Controlled Load (5), break bit not set, Service length: 24
	      Parameter ID: Token Bucket TSpec (127), length: 20, Flags: [0x00]
		Token Bucket Rate: 0 Mbps
		Token Bucket Size: 0 bytes
		Peak Data Rate: 0 Mbps
		Minimum Policed Unit: 20 bytes
		Maximum Packet Size: 1500 bytes
	    0x0000:  0000 0007 0500 0006 7f00 0005 0000 0000
	    0x0010:  0000 0000 0000 0000 0000 0014 0000 05dc
	  FilterSpec Object (10) Flags: [reject if unknown], Class-Type: Tunnel IPv4 (7), length: 12
	    Source Address: 198.18.1.1, LSP-ID: 0x0001
	    0x0000:  c612 0101 0000 0001
	  Label Object (16) Flags: [reject if unknown], Class-Type: Label (1), length: 8
	    Label: 1001
	    0x0000:  0000 03e9
	  RRO Object (21) Flags: [reject if unknown], Class-Type: IPv4 (1), length: 12
	    Subobject Type: IPv4 prefix, length 8, Strict, 198.18.2.1/32, Flags: [none]
	    0x0000:  0108 c612 0201 2000
2026-09-22 18:13:24.424442 ?     In  ifindex 10 26:4e:a0:4e:a5:e8 ethertype IPv4 (0x0800), length 160: (tos 0x0, ttl 64, id 29513, offset 0, flags [DF], proto RSVP (46), length 140)
    10.12.0.2 > 10.12.0.1: 
	RSVPv1 Resv Message (2), Flags: [none], length: 120, ttl: 64, checksum: 0x9188
	  Session Object (1) Flags: [reject if unknown], Class-Type: Tunnel IPv4 (7), length: 16
	    IPv4 Tunnel EndPoint: 198.18.2.1, Tunnel ID: 0xf92c, Extended Tunnel ID: 198.18.1.1
	    0x0000:  c612 0201 0000 f92c c612 0101
	  RSVP Hop Object (3) Flags: [reject if unknown], Class-Type: IPv4 (1), length: 12
	    Previous/Next Interface: 10.12.0.2, Logical Interface Handle: 0x00000000
	    0x0000:  0a0c 0002 0000 0000
	  Time Values Object (5) Flags: [reject if unknown], Class-Type: 1 (1), length: 8
	    Refresh Period: 1000ms
	    0x0000:  0000 03e8
	  Style Object (8) Flags: [reject if unknown], Class-Type: 1 (1), length: 8
	    Reservation Style: Shared Explicit, Flags: [0x00]
	    0x0000:  0000 0012
	  Flowspec Object (9) Flags: [reject if unknown], Class-Type: IntServ (2), length: 36
	    Msg-Version: 0, length: 28
	    Service Type: Controlled Load (5), break bit not set, Service length: 24
	      Parameter ID: Token Bucket TSpec (127), length: 20, Flags: [0x00]
		Token Bucket Rate: 0 Mbps
		Token Bucket Size: 0 bytes
		Peak Data Rate: 0 Mbps
		Minimum Policed Unit: 20 bytes
		Maximum Packet Size: 1500 bytes
	    0x0000:  0000 0007 0500 0006 7f00 0005 0000 0000
	    0x0010:  0000 0000 0000 0000 0000 0014 0000 05dc
	  FilterSpec Object (10) Flags: [reject if unknown], Class-Type: Tunnel IPv4 (7), length: 12
	    Source Address: 198.18.1.1, LSP-ID: 0x0001
	    0x0000:  c612 0101 0000 0001
	  Label Object (16) Flags: [reject if unknown], Class-Type: Label (1), length: 8
	    Label: 1000
	    0x0000:  0000 03e8
	  RRO Object (21) Flags: [reject if unknown], Class-Type: IPv4 (1), length: 12
	    Subobject Type: IPv4 prefix, length 8, Strict, 198.18.2.1/32, Flags: [none]
	    0x0000:  0108 c612 0201 2000
2026-09-22 18:13:24.424616 ?     In  ifindex 11 86:b9:5b:6f:41:00 ethertype IPv4 (0x0800), length 160: (tos 0x0, ttl 64, id 20451, offset 0, flags [DF], proto RSVP (46), length 140)
    10.13.0.2 > 10.13.0.1: 
	RSVPv1 Resv Message (2), Flags: [none], length: 120, ttl: 64, checksum: 0x8ccd
	  Session Object (1) Flags: [reject if unknown], Class-Type: Tunnel IPv4 (7), length: 16
	    IPv4 Tunnel EndPoint: 198.18.2.1, Tunnel ID: 0xfde5, Extended Tunnel ID: 198.18.1.1
	    0x0000:  c612 0201 0000 fde5 c612 0101
	  RSVP Hop Object (3) Flags: [reject if unknown], Class-Type: IPv4 (1), length: 12
	    Previous/Next Interface: 10.13.0.2, Logical Interface Handle: 0x00000000
	    0x0000:  0a0d 0002 0000 0000
	  Time Values Object (5) Flags: [reject if unknown], Class-Type: 1 (1), length: 8
	    Refresh Period: 1000ms
	    0x0000:  0000 03e8
	  Style Object (8) Flags: [reject if unknown], Class-Type: 1 (1), length: 8
	    Reservation Style: Shared Explicit, Flags: [0x00]
	    0x0000:  0000 0012
	  Flowspec Object (9) Flags: [reject if unknown], Class-Type: IntServ (2), length: 36
	    Msg-Version: 0, length: 28
	    Service Type: Controlled Load (5), break bit not set, Service length: 24
	      Parameter ID: Token Bucket TSpec (127), length: 20, Flags: [0x00]
		Token Bucket Rate: 0 Mbps
		Token Bucket Size: 0 bytes
		Peak Data Rate: 0 Mbps
		Minimum Policed Unit: 20 bytes
		Maximum Packet Size: 1500 bytes
	    0x0000:  0000 0007 0500 0006 7f00 0005 0000 0000
	    0x0010:  0000 0000 0000 0000 0000 0014 0000 05dc
	  FilterSpec Object (10) Flags: [reject if unknown], Class-Type: Tunnel IPv4 (7), length: 12
	    Source Address: 198.18.1.1, LSP-ID: 0x0001
	    0x0000:  c612 0101 0000 0001
	  Label Object (16) Flags: [reject if unknown], Class-Type: Label (1), length: 8
	    Label: 1001
	    0x0000:  0000 03e9
	  RRO Object (21) Flags: [reject if unknown], Class-Type: IPv4 (1), length: 12
	    Subobject Type: IPv4 prefix, length 8, Strict, 198.18.2.1/32, Flags: [none]
	    0x0000:  0108 c612 0201 2000
2026-09-22 18:13:24.795038 ?     Out ifindex 10 3e:af:b2:df:f7:9c ethertype IPv4 (0x0800), length 216: (tos 0x0, ttl 64, id 53104, offset 0, flags [none], proto RSVP (46), length 196, options (RA))
    198.18.1.1 > 198.18.2.1: 
	RSVPv1 Path Message (1), Flags: [none], length: 172, ttl: 64, checksum: 0x24ed
	  Session Object (1) Flags: [reject if unknown], Class-Type: Tunnel IPv4 (7), length: 16
	    IPv4 Tunnel EndPoint: 198.18.2.1, Tunnel ID: 0xf92c, Extended Tunnel ID: 198.18.1.1
	    0x0000:  c612 0201 0000 f92c c612 0101
	  RSVP Hop Object (3) Flags: [reject if unknown], Class-Type: IPv4 (1), length: 12
	    Previous/Next Interface: 10.12.0.1, Logical Interface Handle: 0x00000000
	    0x0000:  0a0c 0001 0000 0000
	  Time Values Object (5) Flags: [reject if unknown], Class-Type: 1 (1), length: 8
	    Refresh Period: 1000ms
	    0x0000:  0000 03e8
	  ERO Object (20) Flags: [reject if unknown], Class-Type: IPv4 (1), length: 12
	    Subobject Type: IPv4 prefix, length 8, Strict, 10.12.0.2/32, Flags: [none]
	    0x0000:  0108 0a0c 0002 2000
	  Label Request Object (19) Flags: [reject if unknown], Class-Type: without label range (1), length: 8
	    L3 Protocol ID: IPv4
	    0x0000:  0000 0800
	  Sender Template Object (11) Flags: [reject if unknown], Class-Type: Tunnel IPv4 (7), length: 12
	    IPv4 Tunnel Sender Address: 198.18.1.1, LSP-ID: 0x0001
	    0x0000:  c612 0101 0000 0001
	  Sender TSpec Object (12) Flags: [reject if unknown], Class-Type: IntServ (2), length: 36
	    Msg-Version: 0, length: 28
	    Service Type: Default/Global Information (1), break bit not set, Service length: 24
	      Parameter ID: Token Bucket TSpec (127), length: 20, Flags: [0x00]
		Token Bucket Rate: 0 Mbps
		Token Bucket Size: 0 bytes
		Peak Data Rate: 0 Mbps
		Minimum Policed Unit: 20 bytes
		Maximum Packet Size: 65535 bytes
	    0x0000:  0000 0007 0100 0006 7f00 0005 0000 0000
	    0x0010:  0000 0000 0000 0000 0000 0014 0000 ffff
	  Adspec Object (13) Flags: [reject if unknown], Class-Type: IntServ (2), length: 48
	    Msg-Version: 0, length: 40
	    Service Type: Default/Global Information (1), break bit not set, Service length: 32
	      Parameter ID: IS hop cnt (4), length: 4, Flags: [0x00]
		IS hop count: 1
	      Parameter ID: Path b/w estimate (6), length: 4, Flags: [0x00]
		Path b/w estimate: 0 Mbps
	      Parameter ID: Minimum path latency (8), length: 4, Flags: [0x00]
		Minimum path latency: don't care
	      Parameter ID: Composed MTU (10), length: 4, Flags: [0x00]
		Composed MTU: 1500 bytes
	    Service Type: Controlled Load (5), break bit not set, Service length: 0
	    0x0000:  0000 000a 0100 0008 0400 0001 0000 0001
	    0x0010:  0600 0001 0000 0000 0800 0001 ffff ffff
	    0x0020:  0a00 0001 0000 05dc 0500 0000
	  RRO Object (21) Flags: [reject if unknown], Class-Type: IPv4 (1), length: 12
	    Subobject Type: IPv4 prefix, length 8, Strict, 198.18.1.1/32, Flags: [none]
	    0x0000:  0108 c612 0101 2000
2026-09-22 18:13:24.795665 ?     Out ifindex 11 36:59:02:b0:0d:9e ethertype IPv4 (0x0800), length 216: (tos 0x0, ttl 64, id 53105, offset 0, flags [none], proto RSVP (46), length 196, options (RA))
    198.18.1.1 > 198.18.2.1: 
	RSVPv1 Path Message (1), Flags: [none], length: 172, ttl: 64, checksum: 0x2032
	  Session Object (1) Flags: [reject if unknown], Class-Type: Tunnel IPv4 (7), length: 16
	    IPv4 Tunnel EndPoint: 198.18.2.1, Tunnel ID: 0xfde5, Extended Tunnel ID: 198.18.1.1
	    0x0000:  c612 0201 0000 fde5 c612 0101
	  RSVP Hop Object (3) Flags: [reject if unknown], Class-Type: IPv4 (1), length: 12
	    Previous/Next Interface: 10.13.0.1, Logical Interface Handle: 0x00000000
	    0x0000:  0a0d 0001 0000 0000
	  Time Values Object (5) Flags: [reject if unknown], Class-Type: 1 (1), length: 8
	    Refresh Period: 1000ms
	    0x0000:  0000 03e8
	  ERO Object (20) Flags: [reject if unknown], Class-Type: IPv4 (1), length: 12
	    Subobject Type: IPv4 prefix, length 8, Strict, 10.13.0.2/32, Flags: [none]
	    0x0000:  0108 0a0d 0002 2000
	  Label Request Object (19) Flags: [reject if unknown], Class-Type: without label range (1), length: 8
	    L3 Protocol ID: IPv4
	    0x0000:  0000 0800
	  Sender Template Object (11) Flags: [reject if unknown], Class-Type: Tunnel IPv4 (7), length: 12
	    IPv4 Tunnel Sender Address: 198.18.1.1, LSP-ID: 0x0001
	    0x0000:  c612 0101 0000 0001
	  Sender TSpec Object (12) Flags: [reject if unknown], Class-Type: IntServ (2), length: 36
	    Msg-Version: 0, length: 28
	    Service Type: Default/Global Information (1), break bit not set, Service length: 24
	      Parameter ID: Token Bucket TSpec (127), length: 20, Flags: [0x00]
		Token Bucket Rate: 0 Mbps
		Token Bucket Size: 0 bytes
		Peak Data Rate: 0 Mbps
		Minimum Policed Unit: 20 bytes
		Maximum Packet Size: 65535 bytes
	    0x0000:  0000 0007 0100 0006 7f00 0005 0000 0000
	    0x0010:  0000 0000 0000 0000 0000 0014 0000 ffff
	  Adspec Object (13) Flags: [reject if unknown], Class-Type: IntServ (2), length: 48
	    Msg-Version: 0, length: 40
	    Service Type: Default/Global Information (1), break bit not set, Service length: 32
	      Parameter ID: IS hop cnt (4), length: 4, Flags: [0x00]
		IS hop count: 1
	      Parameter ID: Path b/w estimate (6), length: 4, Flags: [0x00]
		Path b/w estimate: 0 Mbps
	      Parameter ID: Minimum path latency (8), length: 4, Flags: [0x00]
		Minimum path latency: don't care
	      Parameter ID: Composed MTU (10), length: 4, Flags: [0x00]
		Composed MTU: 1500 bytes
	    Service Type: Controlled Load (5), break bit not set, Service length: 0
	    0x0000:  0000 000a 0100 0008 0400 0001 0000 0001
	    0x0010:  0600 0001 0000 0000 0800 0001 ffff ffff
	    0x0020:  0a00 0001 0000 05dc 0500 0000
	  RRO Object (21) Flags: [reject if unknown], Class-Type: IPv4 (1), length: 12
	    Subobject Type: IPv4 prefix, length 8, Strict, 198.18.1.1/32, Flags: [none]
	    0x0000:  0108 c612 0101 2000
2026-09-22 18:13:24.795909 ?     In  ifindex 10 26:4e:a0:4e:a5:e8 ethertype IPv4 (0x0800), length 160: (tos 0x0, ttl 64, id 29520, offset 0, flags [DF], proto RSVP (46), length 140)
    10.12.0.2 > 10.12.0.1: 
	RSVPv1 Resv Message (2), Flags: [none], length: 120, ttl: 64, checksum: 0x9188
	  Session Object (1) Flags: [reject if unknown], Class-Type: Tunnel IPv4 (7), length: 16
	    IPv4 Tunnel EndPoint: 198.18.2.1, Tunnel ID: 0xf92c, Extended Tunnel ID: 198.18.1.1
	    0x0000:  c612 0201 0000 f92c c612 0101
	  RSVP Hop Object (3) Flags: [reject if unknown], Class-Type: IPv4 (1), length: 12
	    Previous/Next Interface: 10.12.0.2, Logical Interface Handle: 0x00000000
	    0x0000:  0a0c 0002 0000 0000
	  Time Values Object (5) Flags: [reject if unknown], Class-Type: 1 (1), length: 8
	    Refresh Period: 1000ms
	    0x0000:  0000 03e8
	  Style Object (8) Flags: [reject if unknown], Class-Type: 1 (1), length: 8
	    Reservation Style: Shared Explicit, Flags: [0x00]
	    0x0000:  0000 0012
	  Flowspec Object (9) Flags: [reject if unknown], Class-Type: IntServ (2), length: 36
	    Msg-Version: 0, length: 28
	    Service Type: Controlled Load (5), break bit not set, Service length: 24
	      Parameter ID: Token Bucket TSpec (127), length: 20, Flags: [0x00]
		Token Bucket Rate: 0 Mbps
		Token Bucket Size: 0 bytes
		Peak Data Rate: 0 Mbps
		Minimum Policed Unit: 20 bytes
		Maximum Packet Size: 1500 bytes
	    0x0000:  0000 0007 0500 0006 7f00 0005 0000 0000
	    0x0010:  0000 0000 0000 0000 0000 0014 0000 05dc
	  FilterSpec Object (10) Flags: [reject if unknown], Class-Type: Tunnel IPv4 (7), length: 12
	    Source Address: 198.18.1.1, LSP-ID: 0x0001
	    0x0000:  c612 0101 0000 0001
	  Label Object (16) Flags: [reject if unknown], Class-Type: Label (1), length: 8
	    Label: 1000
	    0x0000:  0000 03e8
	  RRO Object (21) Flags: [reject if unknown], Class-Type: IPv4 (1), length: 12
	    Subobject Type: IPv4 prefix, length 8, Strict, 198.18.2.1/32, Flags: [none]
	    0x0000:  0108 c612 0201 2000
2026-09-22 18:13:24.796281 ?     In  ifindex 11 86:b9:5b:6f:41:00 ethertype IPv4 (0x0800), length 160: (tos 0x0, ttl 64, id 20719, offset 0, flags [DF], proto RSVP (46), length 140)
    10.13.0.2 > 10.13.0.1: 
	RSVPv1 Resv Message (2), Flags: [none], length: 120, ttl: 64, checksum: 0x8ccd
	  Session Object (1) Flags: [reject if unknown], Class-Type: Tunnel IPv4 (7), length: 16
	    IPv4 Tunnel EndPoint: 198.18.2.1, Tunnel ID: 0xfde5, Extended Tunnel ID: 198.18.1.1
	    0x0000:  c612 0201 0000 fde5 c612 0101
	  RSVP Hop Object (3) Flags: [reject if unknown], Class-Type: IPv4 (1), length: 12
	    Previous/Next Interface: 10.13.0.2, Logical Interface Handle: 0x00000000
	    0x0000:  0a0d 0002 0000 0000
	  Time Values Object (5) Flags: [reject if unknown], Class-Type: 1 (1), length: 8
	    Refresh Period: 1000ms
	    0x0000:  0000 03e8
	  Style Object (8) Flags: [reject if unknown], Class-Type: 1 (1), length: 8
	    Reservation Style: Shared Explicit, Flags: [0x00]
	    0x0000:  0000 0012
	  Flowspec Object (9) Flags: [reject if unknown], Class-Type: IntServ (2), length: 36
	    Msg-Version: 0, length: 28
	    Service Type: Controlled Load (5), break bit not set, Service length: 24
	      Parameter ID: Token Bucket TSpec (127), length: 20, Flags: [0x00]
		Token Bucket Rate: 0 Mbps
		Token Bucket Size: 0 bytes
		Peak Data Rate: 0 Mbps
		Minimum Policed Unit: 20 bytes
		Maximum Packet Size: 1500 bytes
	    0x0000:  0000 0007 0500 0006 7f00 0005 0000 0000
	    0x0010:  0000 0000 0000 0000 0000 0014 0000 05dc
	  FilterSpec Object (10) Flags: [reject if unknown], Class-Type: Tunnel IPv4 (7), length: 12
	    Source Address: 198.18.1.1, LSP-ID: 0x0001
	    0x0000:  c612 0101 0000 0001
	  Label Object (16) Flags: [reject if unknown], Class-Type: Label (1), length: 8
	    Label: 1001
	    0x0000:  0000 03e9
	  RRO Object (21) Flags: [reject if unknown], Class-Type: IPv4 (1), length: 12
	    Subobject Type: IPv4 prefix, length 8, Strict, 198.18.2.1/32, Flags: [none]
	    0x0000:  0108 c612 0201 2000
2026-09-22 18:13:25.423400 ?     In  ifindex 10 26:4e:a0:4e:a5:e8 ethertype IPv4 (0x0800), length 160: (tos 0x0, ttl 64, id 29596, offset 0, flags [DF], proto RSVP (46), length 140)
    10.12.0.2 > 10.12.0.1: 
	RSVPv1 Resv Message (2), Flags: [none], length: 120, ttl: 64, checksum: 0x9188
	  Session Object (1) Flags: [reject if unknown], Class-Type: Tunnel IPv4 (7), length: 16
	    IPv4 Tunnel EndPoint: 198.18.2.1, Tunnel ID: 0xf92c, Extended Tunnel ID: 198.18.1.1
	    0x0000:  c612 0201 0000 f92c c612 0101
	  RSVP Hop Object (3) Flags: [reject if unknown], Class-Type: IPv4 (1), length: 12
	    Previous/Next Interface: 10.12.0.2, Logical Interface Handle: 0x00000000
	    0x0000:  0a0c 0002 0000 0000
	  Time Values Object (5) Flags: [reject if unknown], Class-Type: 1 (1), length: 8
	    Refresh Period: 1000ms
	    0x0000:  0000 03e8
	  Style Object (8) Flags: [reject if unknown], Class-Type: 1 (1), length: 8
	    Reservation Style: Shared Explicit, Flags: [0x00]
	    0x0000:  0000 0012
	  Flowspec Object (9) Flags: [reject if unknown], Class-Type: IntServ (2), length: 36
	    Msg-Version: 0, length: 28
	    Service Type: Controlled Load (5), break bit not set, Service length: 24
	      Parameter ID: Token Bucket TSpec (127), length: 20, Flags: [0x00]
		Token Bucket Rate: 0 Mbps
		Token Bucket Size: 0 bytes
		Peak Data Rate: 0 Mbps
		Minimum Policed Unit: 20 bytes
		Maximum Packet Size: 1500 bytes
	    0x0000:  0000 0007 0500 0006 7f00 0005 0000 0000
	    0x0010:  0000 0000 0000 0000 0000 0014 0000 05dc
	  FilterSpec Object (10) Flags: [reject if unknown], Class-Type: Tunnel IPv4 (7), length: 12
	    Source Address: 198.18.1.1, LSP-ID: 0x0001
	    0x0000:  c612 0101 0000 0001
	  Label Object (16) Flags: [reject if unknown], Class-Type: Label (1), length: 8
	    Label: 1000
	    0x0000:  0000 03e8
	  RRO Object (21) Flags: [reject if unknown], Class-Type: IPv4 (1), length: 12
	    Subobject Type: IPv4 prefix, length 8, Strict, 198.18.2.1/32, Flags: [none]
	    0x0000:  0108 c612 0201 2000
2026-09-22 18:13:25.423560 ?     In  ifindex 11 86:b9:5b:6f:41:00 ethertype IPv4 (0x0800), length 160: (tos 0x0, ttl 64, id 20912, offset 0, flags [DF], proto RSVP (46), length 140)
    10.13.0.2 > 10.13.0.1: 
	RSVPv1 Resv Message (2), Flags: [none], length: 120, ttl: 64, checksum: 0x8ccd
	  Session Object (1) Flags: [reject if unknown], Class-Type: Tunnel IPv4 (7), length: 16
	    IPv4 Tunnel EndPoint: 198.18.2.1, Tunnel ID: 0xfde5, Extended Tunnel ID: 198.18.1.1
	    0x0000:  c612 0201 0000 fde5 c612 0101
	  RSVP Hop Object (3) Flags: [reject if unknown], Class-Type: IPv4 (1), length: 12
	    Previous/Next Interface: 10.13.0.2, Logical Interface Handle: 0x00000000
	    0x0000:  0a0d 0002 0000 0000
	  Time Values Object (5) Flags: [reject if unknown], Class-Type: 1 (1), length: 8
	    Refresh Period: 1000ms
	    0x0000:  0000 03e8
	  Style Object (8) Flags: [reject if unknown], Class-Type: 1 (1), length: 8
	    Reservation Style: Shared Explicit, Flags: [0x00]
	    0x0000:  0000 0012
	  Flowspec Object (9) Flags: [reject if unknown], Class-Type: IntServ (2), length: 36
	    Msg-Version: 0, length: 28
	    Service Type: Controlled Load (5), break bit not set, Service length: 24
	      Parameter ID: Token Bucket TSpec (127), length: 20, Flags: [0x00]
		Token Bucket Rate: 0 Mbps
		Token Bucket Size: 0 bytes
		Peak Data Rate: 0 Mbps
		Minimum Policed Unit: 20 bytes
		Maximum Packet Size: 1500 bytes
	    0x0000:  0000 0007 0500 0006 7f00 0005 0000 0000
	    0x0010:  0000 0000 0000 0000 0000 0014 0000 05dc
	  FilterSpec Object (10) Flags: [reject if unknown], Class-Type: Tunnel IPv4 (7), length: 12
	    Source Address: 198.18.1.1, LSP-ID: 0x0001
	    0x0000:  c612 0101 0000 0001
	  Label Object (16) Flags: [reject if unknown], Class-Type: Label (1), length: 8
	    Label: 1001
	    0x0000:  0000 03e9
	  RRO Object (21) Flags: [reject if unknown], Class-Type: IPv4 (1), length: 12
	    Subobject Type: IPv4 prefix, length 8, Strict, 198.18.2.1/32, Flags: [none]
	    0x0000:  0108 c612 0201 2000
2026-09-22 18:13:25.794842 ?     Out ifindex 10 3e:af:b2:df:f7:9c ethertype IPv4 (0x0800), length 216: (tos 0x0, ttl 64, id 53752, offset 0, flags [none], proto RSVP (46), length 196, options (RA))
    198.18.1.1 > 198.18.2.1: 
	RSVPv1 Path Message (1), Flags: [none], length: 172, ttl: 64, checksum: 0x24ed
	  Session Object (1) Flags: [reject if unknown], Class-Type: Tunnel IPv4 (7), length: 16
	    IPv4 Tunnel EndPoint: 198.18.2.1, Tunnel ID: 0xf92c, Extended Tunnel ID: 198.18.1.1
	    0x0000:  c612 0201 0000 f92c c612 0101
	  RSVP Hop Object (3) Flags: [reject if unknown], Class-Type: IPv4 (1), length: 12
	    Previous/Next Interface: 10.12.0.1, Logical Interface Handle: 0x00000000
	    0x0000:  0a0c 0001 0000 0000
	  Time Values Object (5) Flags: [reject if unknown], Class-Type: 1 (1), length: 8
	    Refresh Period: 1000ms
	    0x0000:  0000 03e8
	  ERO Object (20) Flags: [reject if unknown], Class-Type: IPv4 (1), length: 12
	    Subobject Type: IPv4 prefix, length 8, Strict, 10.12.0.2/32, Flags: [none]
	    0x0000:  0108 0a0c 0002 2000
	  Label Request Object (19) Flags: [reject if unknown], Class-Type: without label range (1), length: 8
	    L3 Protocol ID: IPv4
	    0x0000:  0000 0800
	  Sender Template Object (11) Flags: [reject if unknown], Class-Type: Tunnel IPv4 (7), length: 12
	    IPv4 Tunnel Sender Address: 198.18.1.1, LSP-ID: 0x0001
	    0x0000:  c612 0101 0000 0001
	  Sender TSpec Object (12) Flags: [reject if unknown], Class-Type: IntServ (2), length: 36
	    Msg-Version: 0, length: 28
	    Service Type: Default/Global Information (1), break bit not set, Service length: 24
	      Parameter ID: Token Bucket TSpec (127), length: 20, Flags: [0x00]
		Token Bucket Rate: 0 Mbps
		Token Bucket Size: 0 bytes
		Peak Data Rate: 0 Mbps
		Minimum Policed Unit: 20 bytes
		Maximum Packet Size: 65535 bytes
	    0x0000:  0000 0007 0100 0006 7f00 0005 0000 0000
	    0x0010:  0000 0000 0000 0000 0000 0014 0000 ffff
	  Adspec Object (13) Flags: [reject if unknown], Class-Type: IntServ (2), length: 48
	    Msg-Version: 0, length: 40
	    Service Type: Default/Global Information (1), break bit not set, Service length: 32
	      Parameter ID: IS hop cnt (4), length: 4, Flags: [0x00]
		IS hop count: 1
	      Parameter ID: Path b/w estimate (6), length: 4, Flags: [0x00]
		Path b/w estimate: 0 Mbps
	      Parameter ID: Minimum path latency (8), length: 4, Flags: [0x00]
		Minimum path latency: don't care
	      Parameter ID: Composed MTU (10), length: 4, Flags: [0x00]
		Composed MTU: 1500 bytes
	    Service Type: Controlled Load (5), break bit not set, Service length: 0
	    0x0000:  0000 000a 0100 0008 0400 0001 0000 0001
	    0x0010:  0600 0001 0000 0000 0800 0001 ffff ffff
	    0x0020:  0a00 0001 0000 05dc 0500 0000
	  RRO Object (21) Flags: [reject if unknown], Class-Type: IPv4 (1), length: 12
	    Subobject Type: IPv4 prefix, length 8, Strict, 198.18.1.1/32, Flags: [none]
	    0x0000:  0108 c612 0101 2000
2026-09-22 18:13:25.795435 ?     Out ifindex 11 36:59:02:b0:0d:9e ethertype IPv4 (0x0800), length 216: (tos 0x0, ttl 64, id 53753, offset 0, flags [none], proto RSVP (46), length 196, options (RA))
    198.18.1.1 > 198.18.2.1: 
	RSVPv1 Path Message (1), Flags: [none], length: 172, ttl: 64, checksum: 0x2032
	  Session Object (1) Flags: [reject if unknown], Class-Type: Tunnel IPv4 (7), length: 16
	    IPv4 Tunnel EndPoint: 198.18.2.1, Tunnel ID: 0xfde5, Extended Tunnel ID: 198.18.1.1
	    0x0000:  c612 0201 0000 fde5 c612 0101
	  RSVP Hop Object (3) Flags: [reject if unknown], Class-Type: IPv4 (1), length: 12
	    Previous/Next Interface: 10.13.0.1, Logical Interface Handle: 0x00000000
	    0x0000:  0a0d 0001 0000 0000
	  Time Values Object (5) Flags: [reject if unknown], Class-Type: 1 (1), length: 8
	    Refresh Period: 1000ms
	    0x0000:  0000 03e8
	  ERO Object (20) Flags: [reject if unknown], Class-Type: IPv4 (1), length: 12
	    Subobject Type: IPv4 prefix, length 8, Strict, 10.13.0.2/32, Flags: [none]
	    0x0000:  0108 0a0d 0002 2000
	  Label Request Object (19) Flags: [reject if unknown], Class-Type: without label range (1), length: 8
	    L3 Protocol ID: IPv4
	    0x0000:  0000 0800
	  Sender Template Object (11) Flags: [reject if unknown], Class-Type: Tunnel IPv4 (7), length: 12
	    IPv4 Tunnel Sender Address: 198.18.1.1, LSP-ID: 0x0001
	    0x0000:  c612 0101 0000 0001
	  Sender TSpec Object (12) Flags: [reject if unknown], Class-Type: IntServ (2), length: 36
	    Msg-Version: 0, length: 28
	    Service Type: Default/Global Information (1), break bit not set, Service length: 24
	      Parameter ID: Token Bucket TSpec (127), length: 20, Flags: [0x00]
		Token Bucket Rate: 0 Mbps
		Token Bucket Size: 0 bytes
		Peak Data Rate: 0 Mbps
		Minimum Policed Unit: 20 bytes
		Maximum Packet Size: 65535 bytes
	    0x0000:  0000 0007 0100 0006 7f00 0005 0000 0000
	    0x0010:  0000 0000 0000 0000 0000 0014 0000 ffff
	  Adspec Object (13) Flags: [reject if unknown], Class-Type: IntServ (2), length: 48
	    Msg-Version: 0, length: 40
	    Service Type: Default/Global Information (1), break bit not set, Service length: 32
	      Parameter ID: IS hop cnt (4), length: 4, Flags: [0x00]
		IS hop count: 1
	      Parameter ID: Path b/w estimate (6), length: 4, Flags: [0x00]
		Path b/w estimate: 0 Mbps
	      Parameter ID: Minimum path latency (8), length: 4, Flags: [0x00]
		Minimum path latency: don't care
	      Parameter ID: Composed MTU (10), length: 4, Flags: [0x00]
		Composed MTU: 1500 bytes
	    Service Type: Controlled Load (5), break bit not set, Service length: 0
	    0x0000:  0000 000a 0100 0008 0400 0001 0000 0001
	    0x0010:  0600 0001 0000 0000 0800 0001 ffff ffff
	    0x0020:  0a00 0001 0000 05dc 0500 0000
	  RRO Object (21) Flags: [reject if unknown], Class-Type: IPv4 (1), length: 12
	    Subobject Type: IPv4 prefix, length 8, Strict, 198.18.1.1/32, Flags: [none]
	    0x0000:  0108 c612 0101 2000
2026-09-22 18:13:25.795619 ?     In  ifindex 10 26:4e:a0:4e:a5:e8 ethertype IPv4 (0x0800), length 160: (tos 0x0, ttl 64, id 29689, offset 0, flags [DF], proto RSVP (46), length 140)
    10.12.0.2 > 10.12.0.1: 
	RSVPv1 Resv Message (2), Flags: [none], length: 120, ttl: 64, checksum: 0x9188
	  Session Object (1) Flags: [reject if unknown], Class-Type: Tunnel IPv4 (7), length: 16
	    IPv4 Tunnel EndPoint: 198.18.2.1, Tunnel ID: 0xf92c, Extended Tunnel ID: 198.18.1.1
	    0x0000:  c612 0201 0000 f92c c612 0101
	  RSVP Hop Object (3) Flags: [reject if unknown], Class-Type: IPv4 (1), length: 12
	    Previous/Next Interface: 10.12.0.2, Logical Interface Handle: 0x00000000
	    0x0000:  0a0c 0002 0000 0000
	  Time Values Object (5) Flags: [reject if unknown], Class-Type: 1 (1), length: 8
	    Refresh Period: 1000ms
	    0x0000:  0000 03e8
	  Style Object (8) Flags: [reject if unknown], Class-Type: 1 (1), length: 8
	    Reservation Style: Shared Explicit, Flags: [0x00]
	    0x0000:  0000 0012
	  Flowspec Object (9) Flags: [reject if unknown], Class-Type: IntServ (2), length: 36
	    Msg-Version: 0, length: 28
	    Service Type: Controlled Load (5), break bit not set, Service length: 24
	      Parameter ID: Token Bucket TSpec (127), length: 20, Flags: [0x00]
		Token Bucket Rate: 0 Mbps
		Token Bucket Size: 0 bytes
		Peak Data Rate: 0 Mbps
		Minimum Policed Unit: 20 bytes
		Maximum Packet Size: 1500 bytes
	    0x0000:  0000 0007 0500 0006 7f00 0005 0000 0000
	    0x0010:  0000 0000 0000 0000 0000 0014 0000 05dc
	  FilterSpec Object (10) Flags: [reject if unknown], Class-Type: Tunnel IPv4 (7), length: 12
	    Source Address: 198.18.1.1, LSP-ID: 0x0001
	    0x0000:  c612 0101 0000 0001
	  Label Object (16) Flags: [reject if unknown], Class-Type: Label (1), length: 8
	    Label: 1000
	    0x0000:  0000 03e8
	  RRO Object (21) Flags: [reject if unknown], Class-Type: IPv4 (1), length: 12
	    Subobject Type: IPv4 prefix, length 8, Strict, 198.18.2.1/32, Flags: [none]
	    0x0000:  0108 c612 0201 2000
2026-09-22 18:13:25.796201 ?     In  ifindex 11 86:b9:5b:6f:41:00 ethertype IPv4 (0x0800), length 160: (tos 0x0, ttl 64, id 20956, offset 0, flags [DF], proto RSVP (46), length 140)
    10.13.0.2 > 10.13.0.1: 
	RSVPv1 Resv Message (2), Flags: [none], length: 120, ttl: 64, checksum: 0x8ccd
	  Session Object (1) Flags: [reject if unknown], Class-Type: Tunnel IPv4 (7), length: 16
	    IPv4 Tunnel EndPoint: 198.18.2.1, Tunnel ID: 0xfde5, Extended Tunnel ID: 198.18.1.1
	    0x0000:  c612 0201 0000 fde5 c612 0101
	  RSVP Hop Object (3) Flags: [reject if unknown], Class-Type: IPv4 (1), length: 12
	    Previous/Next Interface: 10.13.0.2, Logical Interface Handle: 0x00000000
	    0x0000:  0a0d 0002 0000 0000
	  Time Values Object (5) Flags: [reject if unknown], Class-Type: 1 (1), length: 8
	    Refresh Period: 1000ms
	    0x0000:  0000 03e8
	  Style Object (8) Flags: [reject if unknown], Class-Type: 1 (1), length: 8
	    Reservation Style: Shared Explicit, Flags: [0x00]
	    0x0000:  0000 0012
	  Flowspec Object (9) Flags: [reject if unknown], Class-Type: IntServ (2), length: 36
	    Msg-Version: 0, length: 28
	    Service Type: Controlled Load (5), break bit not set, Service length: 24
	      Parameter ID: Token Bucket TSpec (127), length: 20, Flags: [0x00]
		Token Bucket Rate: 0 Mbps
		Token Bucket Size: 0 bytes
		Peak Data Rate: 0 Mbps
		Minimum Policed Unit: 20 bytes
		Maximum Packet Size: 1500 bytes
	    0x0000:  0000 0007 0500 0006 7f00 0005 0000 0000
	    0x0010:  0000 0000 0000 0000 0000 0014 0000 05dc
	  FilterSpec Object (10) Flags: [reject if unknown], Class-Type: Tunnel IPv4 (7), length: 12
	    Source Address: 198.18.1.1, LSP-ID: 0x0001
	    0x0000:  c612 0101 0000 0001
	  Label Object (16) Flags: [reject if unknown], Class-Type: Label (1), length: 8
	    Label: 1001
	    0x0000:  0000 03e9
	  RRO Object (21) Flags: [reject if unknown], Class-Type: IPv4 (1), length: 12
	    Subobject Type: IPv4 prefix, length 8, Strict, 198.18.2.1/32, Flags: [none]
	    0x0000:  0108 c612 0201 2000
2026-09-22 18:13:26.424081 ?     In  ifindex 10 26:4e:a0:4e:a5:e8 ethertype IPv4 (0x0800), length 160: (tos 0x0, ttl 64, id 29786, offset 0, flags [DF], proto RSVP (46), length 140)
    10.12.0.2 > 10.12.0.1: 
	RSVPv1 Resv Message (2), Flags: [none], length: 120, ttl: 64, checksum: 0x9188
	  Session Object (1) Flags: [reject if unknown], Class-Type: Tunnel IPv4 (7), length: 16
	    IPv4 Tunnel EndPoint: 198.18.2.1, Tunnel ID: 0xf92c, Extended Tunnel ID: 198.18.1.1
	    0x0000:  c612 0201 0000 f92c c612 0101
	  RSVP Hop Object (3) Flags: [reject if unknown], Class-Type: IPv4 (1), length: 12
	    Previous/Next Interface: 10.12.0.2, Logical Interface Handle: 0x00000000
	    0x0000:  0a0c 0002 0000 0000
	  Time Values Object (5) Flags: [reject if unknown], Class-Type: 1 (1), length: 8
	    Refresh Period: 1000ms
	    0x0000:  0000 03e8
	  Style Object (8) Flags: [reject if unknown], Class-Type: 1 (1), length: 8
	    Reservation Style: Shared Explicit, Flags: [0x00]
	    0x0000:  0000 0012
	  Flowspec Object (9) Flags: [reject if unknown], Class-Type: IntServ (2), length: 36
	    Msg-Version: 0, length: 28
	    Service Type: Controlled Load (5), break bit not set, Service length: 24
	      Parameter ID: Token Bucket TSpec (127), length: 20, Flags: [0x00]
		Token Bucket Rate: 0 Mbps
		Token Bucket Size: 0 bytes
		Peak Data Rate: 0 Mbps
		Minimum Policed Unit: 20 bytes
		Maximum Packet Size: 1500 bytes
	    0x0000:  0000 0007 0500 0006 7f00 0005 0000 0000
	    0x0010:  0000 0000 0000 0000 0000 0014 0000 05dc
	  FilterSpec Object (10) Flags: [reject if unknown], Class-Type: Tunnel IPv4 (7), length: 12
	    Source Address: 198.18.1.1, LSP-ID: 0x0001
	    0x0000:  c612 0101 0000 0001
	  Label Object (16) Flags: [reject if unknown], Class-Type: Label (1), length: 8
	    Label: 1000
	    0x0000:  0000 03e8
	  RRO Object (21) Flags: [reject if unknown], Class-Type: IPv4 (1), length: 12
	    Subobject Type: IPv4 prefix, length 8, Strict, 198.18.2.1/32, Flags: [none]
	    0x0000:  0108 c612 0201 2000
2026-09-22 18:13:26.424254 ?     In  ifindex 11 86:b9:5b:6f:41:00 ethertype IPv4 (0x0800), length 160: (tos 0x0, ttl 64, id 21132, offset 0, flags [DF], proto RSVP (46), length 140)
    10.13.0.2 > 10.13.0.1: 
	RSVPv1 Resv Message (2), Flags: [none], length: 120, ttl: 64, checksum: 0x8ccd
	  Session Object (1) Flags: [reject if unknown], Class-Type: Tunnel IPv4 (7), length: 16
	    IPv4 Tunnel EndPoint: 198.18.2.1, Tunnel ID: 0xfde5, Extended Tunnel ID: 198.18.1.1
	    0x0000:  c612 0201 0000 fde5 c612 0101
	  RSVP Hop Object (3) Flags: [reject if unknown], Class-Type: IPv4 (1), length: 12
	    Previous/Next Interface: 10.13.0.2, Logical Interface Handle: 0x00000000
	    0x0000:  0a0d 0002 0000 0000
	  Time Values Object (5) Flags: [reject if unknown], Class-Type: 1 (1), length: 8
	    Refresh Period: 1000ms
	    0x0000:  0000 03e8
	  Style Object (8) Flags: [reject if unknown], Class-Type: 1 (1), length: 8
	    Reservation Style: Shared Explicit, Flags: [0x00]
	    0x0000:  0000 0012
	  Flowspec Object (9) Flags: [reject if unknown], Class-Type: IntServ (2), length: 36
	    Msg-Version: 0, length: 28
	    Service Type: Controlled Load (5), break bit not set, Service length: 24
	      Parameter ID: Token Bucket TSpec (127), length: 20, Flags: [0x00]
		Token Bucket Rate: 0 Mbps
		Token Bucket Size: 0 bytes
		Peak Data Rate: 0 Mbps
		Minimum Policed Unit: 20 bytes
		Maximum Packet Size: 1500 bytes
	    0x0000:  0000 0007 0500 0006 7f00 0005 0000 0000
	    0x0010:  0000 0000 0000 0000 0000 0014 0000 05dc
	  FilterSpec Object (10) Flags: [reject if unknown], Class-Type: Tunnel IPv4 (7), length: 12
	    Source Address: 198.18.1.1, LSP-ID: 0x0001
	    0x0000:  c612 0101 0000 0001
	  Label Object (16) Flags: [reject if unknown], Class-Type: Label (1), length: 8
	    Label: 1001
	    0x0000:  0000 03e9
	  RRO Object (21) Flags: [reject if unknown], Class-Type: IPv4 (1), length: 12
	    Subobject Type: IPv4 prefix, length 8, Strict, 198.18.2.1/32, Flags: [none]
	    0x0000:  0108 c612 0201 2000
2026-09-22 18:13:26.794349 ?     Out ifindex 10 3e:af:b2:df:f7:9c ethertype IPv4 (0x0800), length 216: (tos 0x0, ttl 64, id 54515, offset 0, flags [none], proto RSVP (46), length 196, options (RA))
    198.18.1.1 > 198.18.2.1: 
	RSVPv1 Path Message (1), Flags: [none], length: 172, ttl: 64, checksum: 0x24ed
	  Session Object (1) Flags: [reject if unknown], Class-Type: Tunnel IPv4 (7), length: 16
	    IPv4 Tunnel EndPoint: 198.18.2.1, Tunnel ID: 0xf92c, Extended Tunnel ID: 198.18.1.1
	    0x0000:  c612 0201 0000 f92c c612 0101
	  RSVP Hop Object (3) Flags: [reject if unknown], Class-Type: IPv4 (1), length: 12
	    Previous/Next Interface: 10.12.0.1, Logical Interface Handle: 0x00000000
	    0x0000:  0a0c 0001 0000 0000
	  Time Values Object (5) Flags: [reject if unknown], Class-Type: 1 (1), length: 8
	    Refresh Period: 1000ms
	    0x0000:  0000 03e8
	  ERO Object (20) Flags: [reject if unknown], Class-Type: IPv4 (1), length: 12
	    Subobject Type: IPv4 prefix, length 8, Strict, 10.12.0.2/32, Flags: [none]
	    0x0000:  0108 0a0c 0002 2000
	  Label Request Object (19) Flags: [reject if unknown], Class-Type: without label range (1), length: 8
	    L3 Protocol ID: IPv4
	    0x0000:  0000 0800
	  Sender Template Object (11) Flags: [reject if unknown], Class-Type: Tunnel IPv4 (7), length: 12
	    IPv4 Tunnel Sender Address: 198.18.1.1, LSP-ID: 0x0001
	    0x0000:  c612 0101 0000 0001
	  Sender TSpec Object (12) Flags: [reject if unknown], Class-Type: IntServ (2), length: 36
	    Msg-Version: 0, length: 28
	    Service Type: Default/Global Information (1), break bit not set, Service length: 24
	      Parameter ID: Token Bucket TSpec (127), length: 20, Flags: [0x00]
		Token Bucket Rate: 0 Mbps
		Token Bucket Size: 0 bytes
		Peak Data Rate: 0 Mbps
		Minimum Policed Unit: 20 bytes
		Maximum Packet Size: 65535 bytes
	    0x0000:  0000 0007 0100 0006 7f00 0005 0000 0000
	    0x0010:  0000 0000 0000 0000 0000 0014 0000 ffff
	  Adspec Object (13) Flags: [reject if unknown], Class-Type: IntServ (2), length: 48
	    Msg-Version: 0, length: 40
	    Service Type: Default/Global Information (1), break bit not set, Service length: 32
	      Parameter ID: IS hop cnt (4), length: 4, Flags: [0x00]
		IS hop count: 1
	      Parameter ID: Path b/w estimate (6), length: 4, Flags: [0x00]
		Path b/w estimate: 0 Mbps
	      Parameter ID: Minimum path latency (8), length: 4, Flags: [0x00]
		Minimum path latency: don't care
	      Parameter ID: Composed MTU (10), length: 4, Flags: [0x00]
		Composed MTU: 1500 bytes
	    Service Type: Controlled Load (5), break bit not set, Service length: 0
	    0x0000:  0000 000a 0100 0008 0400 0001 0000 0001
	    0x0010:  0600 0001 0000 0000 0800 0001 ffff ffff
	    0x0020:  0a00 0001 0000 05dc 0500 0000
	  RRO Object (21) Flags: [reject if unknown], Class-Type: IPv4 (1), length: 12
	    Subobject Type: IPv4 prefix, length 8, Strict, 198.18.1.1/32, Flags: [none]
	    0x0000:  0108 c612 0101 2000
2026-09-22 18:13:26.794957 ?     Out ifindex 11 36:59:02:b0:0d:9e ethertype IPv4 (0x0800), length 216: (tos 0x0, ttl 64, id 54516, offset 0, flags [none], proto RSVP (46), length 196, options (RA))
    198.18.1.1 > 198.18.2.1: 
	RSVPv1 Path Message (1), Flags: [none], length: 172, ttl: 64, checksum: 0x2032
	  Session Object (1) Flags: [reject if unknown], Class-Type: Tunnel IPv4 (7), length: 16
	    IPv4 Tunnel EndPoint: 198.18.2.1, Tunnel ID: 0xfde5, Extended Tunnel ID: 198.18.1.1
	    0x0000:  c612 0201 0000 fde5 c612 0101
	  RSVP Hop Object (3) Flags: [reject if unknown], Class-Type: IPv4 (1), length: 12
	    Previous/Next Interface: 10.13.0.1, Logical Interface Handle: 0x00000000
	    0x0000:  0a0d 0001 0000 0000
	  Time Values Object (5) Flags: [reject if unknown], Class-Type: 1 (1), length: 8
	    Refresh Period: 1000ms
	    0x0000:  0000 03e8
	  ERO Object (20) Flags: [reject if unknown], Class-Type: IPv4 (1), length: 12
	    Subobject Type: IPv4 prefix, length 8, Strict, 10.13.0.2/32, Flags: [none]
	    0x0000:  0108 0a0d 0002 2000
	  Label Request Object (19) Flags: [reject if unknown], Class-Type: without label range (1), length: 8
	    L3 Protocol ID: IPv4
	    0x0000:  0000 0800
	  Sender Template Object (11) Flags: [reject if unknown], Class-Type: Tunnel IPv4 (7), length: 12
	    IPv4 Tunnel Sender Address: 198.18.1.1, LSP-ID: 0x0001
	    0x0000:  c612 0101 0000 0001
	  Sender TSpec Object (12) Flags: [reject if unknown], Class-Type: IntServ (2), length: 36
	    Msg-Version: 0, length: 28
	    Service Type: Default/Global Information (1), break bit not set, Service length: 24
	      Parameter ID: Token Bucket TSpec (127), length: 20, Flags: [0x00]
		Token Bucket Rate: 0 Mbps
		Token Bucket Size: 0 bytes
		Peak Data Rate: 0 Mbps
		Minimum Policed Unit: 20 bytes
		Maximum Packet Size: 65535 bytes
	    0x0000:  0000 0007 0100 0006 7f00 0005 0000 0000
	    0x0010:  0000 0000 0000 0000 0000 0014 0000 ffff
	  Adspec Object (13) Flags: [reject if unknown], Class-Type: IntServ (2), length: 48
	    Msg-Version: 0, length: 40
	    Service Type: Default/Global Information (1), break bit not set, Service length: 32
	      Parameter ID: IS hop cnt (4), length: 4, Flags: [0x00]
		IS hop count: 1
	      Parameter ID: Path b/w estimate (6), length: 4, Flags: [0x00]
		Path b/w estimate: 0 Mbps
	      Parameter ID: Minimum path latency (8), length: 4, Flags: [0x00]
		Minimum path latency: don't care
	      Parameter ID: Composed MTU (10), length: 4, Flags: [0x00]
		Composed MTU: 1500 bytes
	    Service Type: Controlled Load (5), break bit not set, Service length: 0
	    0x0000:  0000 000a 0100 0008 0400 0001 0000 0001
	    0x0010:  0600 0001 0000 0000 0800 0001 ffff ffff
	    0x0020:  0a00 0001 0000 05dc 0500 0000
	  RRO Object (21) Flags: [reject if unknown], Class-Type: IPv4 (1), length: 12
	    Subobject Type: IPv4 prefix, length 8, Strict, 198.18.1.1/32, Flags: [none]
	    0x0000:  0108 c612 0101 2000
2026-09-22 18:13:26.795186 ?     In  ifindex 10 26:4e:a0:4e:a5:e8 ethertype IPv4 (0x0800), length 160: (tos 0x0, ttl 64, id 29808, offset 0, flags [DF], proto RSVP (46), length 140)
    10.12.0.2 > 10.12.0.1: 
	RSVPv1 Resv Message (2), Flags: [none], length: 120, ttl: 64, checksum: 0x9188
	  Session Object (1) Flags: [reject if unknown], Class-Type: Tunnel IPv4 (7), length: 16
	    IPv4 Tunnel EndPoint: 198.18.2.1, Tunnel ID: 0xf92c, Extended Tunnel ID: 198.18.1.1
	    0x0000:  c612 0201 0000 f92c c612 0101
	  RSVP Hop Object (3) Flags: [reject if unknown], Class-Type: IPv4 (1), length: 12
	    Previous/Next Interface: 10.12.0.2, Logical Interface Handle: 0x00000000
	    0x0000:  0a0c 0002 0000 0000
	  Time Values Object (5) Flags: [reject if unknown], Class-Type: 1 (1), length: 8
	    Refresh Period: 1000ms
	    0x0000:  0000 03e8
	  Style Object (8) Flags: [reject if unknown], Class-Type: 1 (1), length: 8
	    Reservation Style: Shared Explicit, Flags: [0x00]
	    0x0000:  0000 0012
	  Flowspec Object (9) Flags: [reject if unknown], Class-Type: IntServ (2), length: 36
	    Msg-Version: 0, length: 28
	    Service Type: Controlled Load (5), break bit not set, Service length: 24
	      Parameter ID: Token Bucket TSpec (127), length: 20, Flags: [0x00]
		Token Bucket Rate: 0 Mbps
		Token Bucket Size: 0 bytes
		Peak Data Rate: 0 Mbps
		Minimum Policed Unit: 20 bytes
		Maximum Packet Size: 1500 bytes
	    0x0000:  0000 0007 0500 0006 7f00 0005 0000 0000
	    0x0010:  0000 0000 0000 0000 0000 0014 0000 05dc
	  FilterSpec Object (10) Flags: [reject if unknown], Class-Type: Tunnel IPv4 (7), length: 12
	    Source Address: 198.18.1.1, LSP-ID: 0x0001
	    0x0000:  c612 0101 0000 0001
	  Label Object (16) Flags: [reject if unknown], Class-Type: Label (1), length: 8
	    Label: 1000
	    0x0000:  0000 03e8
	  RRO Object (21) Flags: [reject if unknown], Class-Type: IPv4 (1), length: 12
	    Subobject Type: IPv4 prefix, length 8, Strict, 198.18.2.1/32, Flags: [none]
	    0x0000:  0108 c612 0201 2000
2026-09-22 18:13:26.795592 ?     In  ifindex 11 86:b9:5b:6f:41:00 ethertype IPv4 (0x0800), length 160: (tos 0x0, ttl 64, id 21488, offset 0, flags [DF], proto RSVP (46), length 140)
    10.13.0.2 > 10.13.0.1: 
	RSVPv1 Resv Message (2), Flags: [none], length: 120, ttl: 64, checksum: 0x8ccd
	  Session Object (1) Flags: [reject if unknown], Class-Type: Tunnel IPv4 (7), length: 16
	    IPv4 Tunnel EndPoint: 198.18.2.1, Tunnel ID: 0xfde5, Extended Tunnel ID: 198.18.1.1
	    0x0000:  c612 0201 0000 fde5 c612 0101
	  RSVP Hop Object (3) Flags: [reject if unknown], Class-Type: IPv4 (1), length: 12
	    Previous/Next Interface: 10.13.0.2, Logical Interface Handle: 0x00000000
	    0x0000:  0a0d 0002 0000 0000
	  Time Values Object (5) Flags: [reject if unknown], Class-Type: 1 (1), length: 8
	    Refresh Period: 1000ms
	    0x0000:  0000 03e8
	  Style Object (8) Flags: [reject if unknown], Class-Type: 1 (1), length: 8
	    Reservation Style: Shared Explicit, Flags: [0x00]
	    0x0000:  0000 0012
	  Flowspec Object (9) Flags: [reject if unknown], Class-Type: IntServ (2), length: 36
	    Msg-Version: 0, length: 28
	    Service Type: Controlled Load (5), break bit not set, Service length: 24
	      Parameter ID: Token Bucket TSpec (127), length: 20, Flags: [0x00]
		Token Bucket Rate: 0 Mbps
		Token Bucket Size: 0 bytes
		Peak Data Rate: 0 Mbps
		Minimum Policed Unit: 20 bytes
		Maximum Packet Size: 1500 bytes
	    0x0000:  0000 0007 0500 0006 7f00 0005 0000 0000
	    0x0010:  0000 0000 0000 0000 0000 0014 0000 05dc
	  FilterSpec Object (10) Flags: [reject if unknown], Class-Type: Tunnel IPv4 (7), length: 12
	    Source Address: 198.18.1.1, LSP-ID: 0x0001
	    0x0000:  c612 0101 0000 0001
	  Label Object (16) Flags: [reject if unknown], Class-Type: Label (1), length: 8
	    Label: 1001
	    0x0000:  0000 03e9
	  RRO Object (21) Flags: [reject if unknown], Class-Type: IPv4 (1), length: 12
	    Subobject Type: IPv4 prefix, length 8, Strict, 198.18.2.1/32, Flags: [none]
	    0x0000:  0108 c612 0201 2000
2026-09-22 18:13:27.424125 ?     In  ifindex 10 26:4e:a0:4e:a5:e8 ethertype IPv4 (0x0800), length 160: (tos 0x0, ttl 64, id 30032, offset 0, flags [DF], proto RSVP (46), length 140)
    10.12.0.2 > 10.12.0.1: 
	RSVPv1 Resv Message (2), Flags: [none], length: 120, ttl: 64, checksum: 0x9188
	  Session Object (1) Flags: [reject if unknown], Class-Type: Tunnel IPv4 (7), length: 16
	    IPv4 Tunnel EndPoint: 198.18.2.1, Tunnel ID: 0xf92c, Extended Tunnel ID: 198.18.1.1
	    0x0000:  c612 0201 0000 f92c c612 0101
	  RSVP Hop Object (3) Flags: [reject if unknown], Class-Type: IPv4 (1), length: 12
	    Previous/Next Interface: 10.12.0.2, Logical Interface Handle: 0x00000000
	    0x0000:  0a0c 0002 0000 0000
	  Time Values Object (5) Flags: [reject if unknown], Class-Type: 1 (1), length: 8
	    Refresh Period: 1000ms
	    0x0000:  0000 03e8
	  Style Object (8) Flags: [reject if unknown], Class-Type: 1 (1), length: 8
	    Reservation Style: Shared Explicit, Flags: [0x00]
	    0x0000:  0000 0012
	  Flowspec Object (9) Flags: [reject if unknown], Class-Type: IntServ (2), length: 36
	    Msg-Version: 0, length: 28
	    Service Type: Controlled Load (5), break bit not set, Service length: 24
	      Parameter ID: Token Bucket TSpec (127), length: 20, Flags: [0x00]
		Token Bucket Rate: 0 Mbps
		Token Bucket Size: 0 bytes
		Peak Data Rate: 0 Mbps
		Minimum Policed Unit: 20 bytes
		Maximum Packet Size: 1500 bytes
	    0x0000:  0000 0007 0500 0006 7f00 0005 0000 0000
	    0x0010:  0000 0000 0000 0000 0000 0014 0000 05dc
	  FilterSpec Object (10) Flags: [reject if unknown], Class-Type: Tunnel IPv4 (7), length: 12
	    Source Address: 198.18.1.1, LSP-ID: 0x0001
	    0x0000:  c612 0101 0000 0001
	  Label Object (16) Flags: [reject if unknown], Class-Type: Label (1), length: 8
	    Label: 1000
	    0x0000:  0000 03e8
	  RRO Object (21) Flags: [reject if unknown], Class-Type: IPv4 (1), length: 12
	    Subobject Type: IPv4 prefix, length 8, Strict, 198.18.2.1/32, Flags: [none]
	    0x0000:  0108 c612 0201 2000
2026-09-22 18:13:27.424303 ?     In  ifindex 11 86:b9:5b:6f:41:00 ethertype IPv4 (0x0800), length 160: (tos 0x0, ttl 64, id 21881, offset 0, flags [DF], proto RSVP (46), length 140)
    10.13.0.2 > 10.13.0.1: 
	RSVPv1 Resv Message (2), Flags: [none], length: 120, ttl: 64, checksum: 0x8ccd
	  Session Object (1) Flags: [reject if unknown], Class-Type: Tunnel IPv4 (7), length: 16
	    IPv4 Tunnel EndPoint: 198.18.2.1, Tunnel ID: 0xfde5, Extended Tunnel ID: 198.18.1.1
	    0x0000:  c612 0201 0000 fde5 c612 0101
	  RSVP Hop Object (3) Flags: [reject if unknown], Class-Type: IPv4 (1), length: 12
	    Previous/Next Interface: 10.13.0.2, Logical Interface Handle: 0x00000000
	    0x0000:  0a0d 0002 0000 0000
	  Time Values Object (5) Flags: [reject if unknown], Class-Type: 1 (1), length: 8
	    Refresh Period: 1000ms
	    0x0000:  0000 03e8
	  Style Object (8) Flags: [reject if unknown], Class-Type: 1 (1), length: 8
	    Reservation Style: Shared Explicit, Flags: [0x00]
	    0x0000:  0000 0012
	  Flowspec Object (9) Flags: [reject if unknown], Class-Type: IntServ (2), length: 36
	    Msg-Version: 0, length: 28
	    Service Type: Controlled Load (5), break bit not set, Service length: 24
	      Parameter ID: Token Bucket TSpec (127), length: 20, Flags: [0x00]
		Token Bucket Rate: 0 Mbps
		Token Bucket Size: 0 bytes
		Peak Data Rate: 0 Mbps
		Minimum Policed Unit: 20 bytes
		Maximum Packet Size: 1500 bytes
	    0x0000:  0000 0007 0500 0006 7f00 0005 0000 0000
	    0x0010:  0000 0000 0000 0000 0000 0014 0000 05dc
	  FilterSpec Object (10) Flags: [reject if unknown], Class-Type: Tunnel IPv4 (7), length: 12
	    Source Address: 198.18.1.1, LSP-ID: 0x0001
	    0x0000:  c612 0101 0000 0001
	  Label Object (16) Flags: [reject if unknown], Class-Type: Label (1), length: 8
	    Label: 1001
	    0x0000:  0000 03e9
	  RRO Object (21) Flags: [reject if unknown], Class-Type: IPv4 (1), length: 12
	    Subobject Type: IPv4 prefix, length 8, Strict, 198.18.2.1/32, Flags: [none]
	    0x0000:  0108 c612 0201 2000
2026-09-22 18:13:27.794614 ?     Out ifindex 10 3e:af:b2:df:f7:9c ethertype IPv4 (0x0800), length 216: (tos 0x0, ttl 64, id 54980, offset 0, flags [none], proto RSVP (46), length 196, options (RA))
    198.18.1.1 > 198.18.2.1: 
	RSVPv1 Path Message (1), Flags: [none], length: 172, ttl: 64, checksum: 0x24ed
	  Session Object (1) Flags: [reject if unknown], Class-Type: Tunnel IPv4 (7), length: 16
	    IPv4 Tunnel EndPoint: 198.18.2.1, Tunnel ID: 0xf92c, Extended Tunnel ID: 198.18.1.1
	    0x0000:  c612 0201 0000 f92c c612 0101
	  RSVP Hop Object (3) Flags: [reject if unknown], Class-Type: IPv4 (1), length: 12
	    Previous/Next Interface: 10.12.0.1, Logical Interface Handle: 0x00000000
	    0x0000:  0a0c 0001 0000 0000
	  Time Values Object (5) Flags: [reject if unknown], Class-Type: 1 (1), length: 8
	    Refresh Period: 1000ms
	    0x0000:  0000 03e8
	  ERO Object (20) Flags: [reject if unknown], Class-Type: IPv4 (1), length: 12
	    Subobject Type: IPv4 prefix, length 8, Strict, 10.12.0.2/32, Flags: [none]
	    0x0000:  0108 0a0c 0002 2000
	  Label Request Object (19) Flags: [reject if unknown], Class-Type: without label range (1), length: 8
	    L3 Protocol ID: IPv4
	    0x0000:  0000 0800
	  Sender Template Object (11) Flags: [reject if unknown], Class-Type: Tunnel IPv4 (7), length: 12
	    IPv4 Tunnel Sender Address: 198.18.1.1, LSP-ID: 0x0001
	    0x0000:  c612 0101 0000 0001
	  Sender TSpec Object (12) Flags: [reject if unknown], Class-Type: IntServ (2), length: 36
	    Msg-Version: 0, length: 28
	    Service Type: Default/Global Information (1), break bit not set, Service length: 24
	      Parameter ID: Token Bucket TSpec (127), length: 20, Flags: [0x00]
		Token Bucket Rate: 0 Mbps
		Token Bucket Size: 0 bytes
		Peak Data Rate: 0 Mbps
		Minimum Policed Unit: 20 bytes
		Maximum Packet Size: 65535 bytes
	    0x0000:  0000 0007 0100 0006 7f00 0005 0000 0000
	    0x0010:  0000 0000 0000 0000 0000 0014 0000 ffff
	  Adspec Object (13) Flags: [reject if unknown], Class-Type: IntServ (2), length: 48
	    Msg-Version: 0, length: 40
	    Service Type: Default/Global Information (1), break bit not set, Service length: 32
	      Parameter ID: IS hop cnt (4), length: 4, Flags: [0x00]
		IS hop count: 1
	      Parameter ID: Path b/w estimate (6), length: 4, Flags: [0x00]
		Path b/w estimate: 0 Mbps
	      Parameter ID: Minimum path latency (8), length: 4, Flags: [0x00]
		Minimum path latency: don't care
	      Parameter ID: Composed MTU (10), length: 4, Flags: [0x00]
		Composed MTU: 1500 bytes
	    Service Type: Controlled Load (5), break bit not set, Service length: 0
	    0x0000:  0000 000a 0100 0008 0400 0001 0000 0001
	    0x0010:  0600 0001 0000 0000 0800 0001 ffff ffff
	    0x0020:  0a00 0001 0000 05dc 0500 0000
	  RRO Object (21) Flags: [reject if unknown], Class-Type: IPv4 (1), length: 12
	    Subobject Type: IPv4 prefix, length 8, Strict, 198.18.1.1/32, Flags: [none]
	    0x0000:  0108 c612 0101 2000
2026-09-22 18:13:27.795335 ?     Out ifindex 11 36:59:02:b0:0d:9e ethertype IPv4 (0x0800), length 216: (tos 0x0, ttl 64, id 54981, offset 0, flags [none], proto RSVP (46), length 196, options (RA))
    198.18.1.1 > 198.18.2.1: 
	RSVPv1 Path Message (1), Flags: [none], length: 172, ttl: 64, checksum: 0x2032
	  Session Object (1) Flags: [reject if unknown], Class-Type: Tunnel IPv4 (7), length: 16
	    IPv4 Tunnel EndPoint: 198.18.2.1, Tunnel ID: 0xfde5, Extended Tunnel ID: 198.18.1.1
	    0x0000:  c612 0201 0000 fde5 c612 0101
	  RSVP Hop Object (3) Flags: [reject if unknown], Class-Type: IPv4 (1), length: 12
	    Previous/Next Interface: 10.13.0.1, Logical Interface Handle: 0x00000000
	    0x0000:  0a0d 0001 0000 0000
	  Time Values Object (5) Flags: [reject if unknown], Class-Type: 1 (1), length: 8
	    Refresh Period: 1000ms
	    0x0000:  0000 03e8
	  ERO Object (20) Flags: [reject if unknown], Class-Type: IPv4 (1), length: 12
	    Subobject Type: IPv4 prefix, length 8, Strict, 10.13.0.2/32, Flags: [none]
	    0x0000:  0108 0a0d 0002 2000
	  Label Request Object (19) Flags: [reject if unknown], Class-Type: without label range (1), length: 8
	    L3 Protocol ID: IPv4
	    0x0000:  0000 0800
	  Sender Template Object (11) Flags: [reject if unknown], Class-Type: Tunnel IPv4 (7), length: 12
	    IPv4 Tunnel Sender Address: 198.18.1.1, LSP-ID: 0x0001
	    0x0000:  c612 0101 0000 0001
	  Sender TSpec Object (12) Flags: [reject if unknown], Class-Type: IntServ (2), length: 36
	    Msg-Version: 0, length: 28
	    Service Type: Default/Global Information (1), break bit not set, Service length: 24
	      Parameter ID: Token Bucket TSpec (127), length: 20, Flags: [0x00]
		Token Bucket Rate: 0 Mbps
		Token Bucket Size: 0 bytes
		Peak Data Rate: 0 Mbps
		Minimum Policed Unit: 20 bytes
		Maximum Packet Size: 65535 bytes
	    0x0000:  0000 0007 0100 0006 7f00 0005 0000 0000
	    0x0010:  0000 0000 0000 0000 0000 0014 0000 ffff
	  Adspec Object (13) Flags: [reject if unknown], Class-Type: IntServ (2), length: 48
	    Msg-Version: 0, length: 40
	    Service Type: Default/Global Information (1), break bit not set, Service length: 32
	      Parameter ID: IS hop cnt (4), length: 4, Flags: [0x00]
		IS hop count: 1
	      Parameter ID: Path b/w estimate (6), length: 4, Flags: [0x00]
		Path b/w estimate: 0 Mbps
	      Parameter ID: Minimum path latency (8), length: 4, Flags: [0x00]
		Minimum path latency: don't care
	      Parameter ID: Composed MTU (10), length: 4, Flags: [0x00]
		Composed MTU: 1500 bytes
	    Service Type: Controlled Load (5), break bit not set, Service length: 0
	    0x0000:  0000 000a 0100 0008 0400 0001 0000 0001
	    0x0010:  0600 0001 0000 0000 0800 0001 ffff ffff
	    0x0020:  0a00 0001 0000 05dc 0500 0000
	  RRO Object (21) Flags: [reject if unknown], Class-Type: IPv4 (1), length: 12
	    Subobject Type: IPv4 prefix, length 8, Strict, 198.18.1.1/32, Flags: [none]
	    0x0000:  0108 c612 0101 2000
2026-09-22 18:13:27.795459 ?     In  ifindex 10 26:4e:a0:4e:a5:e8 ethertype IPv4 (0x0800), length 160: (tos 0x0, ttl 64, id 30116, offset 0, flags [DF], proto RSVP (46), length 140)
    10.12.0.2 > 10.12.0.1: 
	RSVPv1 Resv Message (2), Flags: [none], length: 120, ttl: 64, checksum: 0x9188
	  Session Object (1) Flags: [reject if unknown], Class-Type: Tunnel IPv4 (7), length: 16
	    IPv4 Tunnel EndPoint: 198.18.2.1, Tunnel ID: 0xf92c, Extended Tunnel ID: 198.18.1.1
	    0x0000:  c612 0201 0000 f92c c612 0101
	  RSVP Hop Object (3) Flags: [reject if unknown], Class-Type: IPv4 (1), length: 12
	    Previous/Next Interface: 10.12.0.2, Logical Interface Handle: 0x00000000
	    0x0000:  0a0c 0002 0000 0000
	  Time Values Object (5) Flags: [reject if unknown], Class-Type: 1 (1), length: 8
	    Refresh Period: 1000ms
	    0x0000:  0000 03e8
	  Style Object (8) Flags: [reject if unknown], Class-Type: 1 (1), length: 8
	    Reservation Style: Shared Explicit, Flags: [0x00]
	    0x0000:  0000 0012
	  Flowspec Object (9) Flags: [reject if unknown], Class-Type: IntServ (2), length: 36
	    Msg-Version: 0, length: 28
	    Service Type: Controlled Load (5), break bit not set, Service length: 24
	      Parameter ID: Token Bucket TSpec (127), length: 20, Flags: [0x00]
		Token Bucket Rate: 0 Mbps
		Token Bucket Size: 0 bytes
		Peak Data Rate: 0 Mbps
		Minimum Policed Unit: 20 bytes
		Maximum Packet Size: 1500 bytes
	    0x0000:  0000 0007 0500 0006 7f00 0005 0000 0000
	    0x0010:  0000 0000 0000 0000 0000 0014 0000 05dc
	  FilterSpec Object (10) Flags: [reject if unknown], Class-Type: Tunnel IPv4 (7), length: 12
	    Source Address: 198.18.1.1, LSP-ID: 0x0001
	    0x0000:  c612 0101 0000 0001
	  Label Object (16) Flags: [reject if unknown], Class-Type: Label (1), length: 8
	    Label: 1000
	    0x0000:  0000 03e8
	  RRO Object (21) Flags: [reject if unknown], Class-Type: IPv4 (1), length: 12
	    Subobject Type: IPv4 prefix, length 8, Strict, 198.18.2.1/32, Flags: [none]
	    0x0000:  0108 c612 0201 2000
2026-09-22 18:13:27.796917 ?     In  ifindex 11 86:b9:5b:6f:41:00 ethertype IPv4 (0x0800), length 160: (tos 0x0, ttl 64, id 22195, offset 0, flags [DF], proto RSVP (46), length 140)
    10.13.0.2 > 10.13.0.1: 
	RSVPv1 Resv Message (2), Flags: [none], length: 120, ttl: 64, checksum: 0x8ccd
	  Session Object (1) Flags: [reject if unknown], Class-Type: Tunnel IPv4 (7), length: 16
	    IPv4 Tunnel EndPoint: 198.18.2.1, Tunnel ID: 0xfde5, Extended Tunnel ID: 198.18.1.1
	    0x0000:  c612 0201 0000 fde5 c612 0101
	  RSVP Hop Object (3) Flags: [reject if unknown], Class-Type: IPv4 (1), length: 12
	    Previous/Next Interface: 10.13.0.2, Logical Interface Handle: 0x00000000
	    0x0000:  0a0d 0002 0000 0000
	  Time Values Object (5) Flags: [reject if unknown], Class-Type: 1 (1), length: 8
	    Refresh Period: 1000ms
	    0x0000:  0000 03e8
	  Style Object (8) Flags: [reject if unknown], Class-Type: 1 (1), length: 8
	    Reservation Style: Shared Explicit, Flags: [0x00]
	    0x0000:  0000 0012
	  Flowspec Object (9) Flags: [reject if unknown], Class-Type: IntServ (2), length: 36
	    Msg-Version: 0, length: 28
	    Service Type: Controlled Load (5), break bit not set, Service length: 24
	      Parameter ID: Token Bucket TSpec (127), length: 20, Flags: [0x00]
		Token Bucket Rate: 0 Mbps
		Token Bucket Size: 0 bytes
		Peak Data Rate: 0 Mbps
		Minimum Policed Unit: 20 bytes
		Maximum Packet Size: 1500 bytes
	    0x0000:  0000 0007 0500 0006 7f00 0005 0000 0000
	    0x0010:  0000 0000 0000 0000 0000 0014 0000 05dc
	  FilterSpec Object (10) Flags: [reject if unknown], Class-Type: Tunnel IPv4 (7), length: 12
	    Source Address: 198.18.1.1, LSP-ID: 0x0001
	    0x0000:  c612 0101 0000 0001
	  Label Object (16) Flags: [reject if unknown], Class-Type: Label (1), length: 8
	    Label: 1001
	    0x0000:  0000 03e9
	  RRO Object (21) Flags: [reject if unknown], Class-Type: IPv4 (1), length: 12
	    Subobject Type: IPv4 prefix, length 8, Strict, 198.18.2.1/32, Flags: [none]
	    0x0000:  0108 c612 0201 2000
2026-09-22 18:13:28.424234 ?     In  ifindex 10 26:4e:a0:4e:a5:e8 ethertype IPv4 (0x0800), length 160: (tos 0x0, ttl 64, id 30633, offset 0, flags [DF], proto RSVP (46), length 140)
    10.12.0.2 > 10.12.0.1: 
	RSVPv1 Resv Message (2), Flags: [none], length: 120, ttl: 64, checksum: 0x9188
	  Session Object (1) Flags: [reject if unknown], Class-Type: Tunnel IPv4 (7), length: 16
	    IPv4 Tunnel EndPoint: 198.18.2.1, Tunnel ID: 0xf92c, Extended Tunnel ID: 198.18.1.1
	    0x0000:  c612 0201 0000 f92c c612 0101
	  RSVP Hop Object (3) Flags: [reject if unknown], Class-Type: IPv4 (1), length: 12
	    Previous/Next Interface: 10.12.0.2, Logical Interface Handle: 0x00000000
	    0x0000:  0a0c 0002 0000 0000
	  Time Values Object (5) Flags: [reject if unknown], Class-Type: 1 (1), length: 8
	    Refresh Period: 1000ms
	    0x0000:  0000 03e8
	  Style Object (8) Flags: [reject if unknown], Class-Type: 1 (1), length: 8
	    Reservation Style: Shared Explicit, Flags: [0x00]
	    0x0000:  0000 0012
	  Flowspec Object (9) Flags: [reject if unknown], Class-Type: IntServ (2), length: 36
	    Msg-Version: 0, length: 28
	    Service Type: Controlled Load (5), break bit not set, Service length: 24
	      Parameter ID: Token Bucket TSpec (127), length: 20, Flags: [0x00]
		Token Bucket Rate: 0 Mbps
		Token Bucket Size: 0 bytes
		Peak Data Rate: 0 Mbps
		Minimum Policed Unit: 20 bytes
		Maximum Packet Size: 1500 bytes
	    0x0000:  0000 0007 0500 0006 7f00 0005 0000 0000
	    0x0010:  0000 0000 0000 0000 0000 0014 0000 05dc
	  FilterSpec Object (10) Flags: [reject if unknown], Class-Type: Tunnel IPv4 (7), length: 12
	    Source Address: 198.18.1.1, LSP-ID: 0x0001
	    0x0000:  c612 0101 0000 0001
	  Label Object (16) Flags: [reject if unknown], Class-Type: Label (1), length: 8
	    Label: 1000
	    0x0000:  0000 03e8
	  RRO Object (21) Flags: [reject if unknown], Class-Type: IPv4 (1), length: 12
	    Subobject Type: IPv4 prefix, length 8, Strict, 198.18.2.1/32, Flags: [none]
	    0x0000:  0108 c612 0201 2000
2026-09-22 18:13:28.424455 ?     In  ifindex 11 86:b9:5b:6f:41:00 ethertype IPv4 (0x0800), length 160: (tos 0x0, ttl 64, id 22757, offset 0, flags [DF], proto RSVP (46), length 140)
    10.13.0.2 > 10.13.0.1: 
	RSVPv1 Resv Message (2), Flags: [none], length: 120, ttl: 64, checksum: 0x8ccd
	  Session Object (1) Flags: [reject if unknown], Class-Type: Tunnel IPv4 (7), length: 16
	    IPv4 Tunnel EndPoint: 198.18.2.1, Tunnel ID: 0xfde5, Extended Tunnel ID: 198.18.1.1
	    0x0000:  c612 0201 0000 fde5 c612 0101
	  RSVP Hop Object (3) Flags: [reject if unknown], Class-Type: IPv4 (1), length: 12
	    Previous/Next Interface: 10.13.0.2, Logical Interface Handle: 0x00000000
	    0x0000:  0a0d 0002 0000 0000
	  Time Values Object (5) Flags: [reject if unknown], Class-Type: 1 (1), length: 8
	    Refresh Period: 1000ms
	    0x0000:  0000 03e8
	  Style Object (8) Flags: [reject if unknown], Class-Type: 1 (1), length: 8
	    Reservation Style: Shared Explicit, Flags: [0x00]
	    0x0000:  0000 0012
	  Flowspec Object (9) Flags: [reject if unknown], Class-Type: IntServ (2), length: 36
	    Msg-Version: 0, length: 28
	    Service Type: Controlled Load (5), break bit not set, Service length: 24
	      Parameter ID: Token Bucket TSpec (127), length: 20, Flags: [0x00]
		Token Bucket Rate: 0 Mbps
		Token Bucket Size: 0 bytes
		Peak Data Rate: 0 Mbps
		Minimum Policed Unit: 20 bytes
		Maximum Packet Size: 1500 bytes
	    0x0000:  0000 0007 0500 0006 7f00 0005 0000 0000
	    0x0010:  0000 0000 0000 0000 0000 0014 0000 05dc
	  FilterSpec Object (10) Flags: [reject if unknown], Class-Type: Tunnel IPv4 (7), length: 12
	    Source Address: 198.18.1.1, LSP-ID: 0x0001
	    0x0000:  c612 0101 0000 0001
	  Label Object (16) Flags: [reject if unknown], Class-Type: Label (1), length: 8
	    Label: 1001
	    0x0000:  0000 03e9
	  RRO Object (21) Flags: [reject if unknown], Class-Type: IPv4 (1), length: 12
	    Subobject Type: IPv4 prefix, length 8, Strict, 198.18.2.1/32, Flags: [none]
	    0x0000:  0108 c612 0201 2000
2026-09-22 18:13:28.795333 ?     Out ifindex 10 3e:af:b2:df:f7:9c ethertype IPv4 (0x0800), length 216: (tos 0x0, ttl 64, id 55919, offset 0, flags [none], proto RSVP (46), length 196, options (RA))
    198.18.1.1 > 198.18.2.1: 
	RSVPv1 Path Message (1), Flags: [none], length: 172, ttl: 64, checksum: 0x24ed
	  Session Object (1) Flags: [reject if unknown], Class-Type: Tunnel IPv4 (7), length: 16
	    IPv4 Tunnel EndPoint: 198.18.2.1, Tunnel ID: 0xf92c, Extended Tunnel ID: 198.18.1.1
	    0x0000:  c612 0201 0000 f92c c612 0101
	  RSVP Hop Object (3) Flags: [reject if unknown], Class-Type: IPv4 (1), length: 12
	    Previous/Next Interface: 10.12.0.1, Logical Interface Handle: 0x00000000
	    0x0000:  0a0c 0001 0000 0000
	  Time Values Object (5) Flags: [reject if unknown], Class-Type: 1 (1), length: 8
	    Refresh Period: 1000ms
	    0x0000:  0000 03e8
	  ERO Object (20) Flags: [reject if unknown], Class-Type: IPv4 (1), length: 12
	    Subobject Type: IPv4 prefix, length 8, Strict, 10.12.0.2/32, Flags: [none]
	    0x0000:  0108 0a0c 0002 2000
	  Label Request Object (19) Flags: [reject if unknown], Class-Type: without label range (1), length: 8
	    L3 Protocol ID: IPv4
	    0x0000:  0000 0800
	  Sender Template Object (11) Flags: [reject if unknown], Class-Type: Tunnel IPv4 (7), length: 12
	    IPv4 Tunnel Sender Address: 198.18.1.1, LSP-ID: 0x0001
	    0x0000:  c612 0101 0000 0001
	  Sender TSpec Object (12) Flags: [reject if unknown], Class-Type: IntServ (2), length: 36
	    Msg-Version: 0, length: 28
	    Service Type: Default/Global Information (1), break bit not set, Service length: 24
	      Parameter ID: Token Bucket TSpec (127), length: 20, Flags: [0x00]
		Token Bucket Rate: 0 Mbps
		Token Bucket Size: 0 bytes
		Peak Data Rate: 0 Mbps
		Minimum Policed Unit: 20 bytes
		Maximum Packet Size: 65535 bytes
	    0x0000:  0000 0007 0100 0006 7f00 0005 0000 0000
	    0x0010:  0000 0000 0000 0000 0000 0014 0000 ffff
	  Adspec Object (13) Flags: [reject if unknown], Class-Type: IntServ (2), length: 48
	    Msg-Version: 0, length: 40
	    Service Type: Default/Global Information (1), break bit not set, Service length: 32
	      Parameter ID: IS hop cnt (4), length: 4, Flags: [0x00]
		IS hop count: 1
	      Parameter ID: Path b/w estimate (6), length: 4, Flags: [0x00]
		Path b/w estimate: 0 Mbps
	      Parameter ID: Minimum path latency (8), length: 4, Flags: [0x00]
		Minimum path latency: don't care
	      Parameter ID: Composed MTU (10), length: 4, Flags: [0x00]
		Composed MTU: 1500 bytes
	    Service Type: Controlled Load (5), break bit not set, Service length: 0
	    0x0000:  0000 000a 0100 0008 0400 0001 0000 0001
	    0x0010:  0600 0001 0000 0000 0800 0001 ffff ffff
	    0x0020:  0a00 0001 0000 05dc 0500 0000
	  RRO Object (21) Flags: [reject if unknown], Class-Type: IPv4 (1), length: 12
	    Subobject Type: IPv4 prefix, length 8, Strict, 198.18.1.1/32, Flags: [none]
	    0x0000:  0108 c612 0101 2000
2026-09-22 18:13:28.795916 ?     Out ifindex 11 36:59:02:b0:0d:9e ethertype IPv4 (0x0800), length 216: (tos 0x0, ttl 64, id 55920, offset 0, flags [none], proto RSVP (46), length 196, options (RA))
    198.18.1.1 > 198.18.2.1: 
	RSVPv1 Path Message (1), Flags: [none], length: 172, ttl: 64, checksum: 0x2032
	  Session Object (1) Flags: [reject if unknown], Class-Type: Tunnel IPv4 (7), length: 16
	    IPv4 Tunnel EndPoint: 198.18.2.1, Tunnel ID: 0xfde5, Extended Tunnel ID: 198.18.1.1
	    0x0000:  c612 0201 0000 fde5 c612 0101
	  RSVP Hop Object (3) Flags: [reject if unknown], Class-Type: IPv4 (1), length: 12
	    Previous/Next Interface: 10.13.0.1, Logical Interface Handle: 0x00000000
	    0x0000:  0a0d 0001 0000 0000
	  Time Values Object (5) Flags: [reject if unknown], Class-Type: 1 (1), length: 8
	    Refresh Period: 1000ms
	    0x0000:  0000 03e8
	  ERO Object (20) Flags: [reject if unknown], Class-Type: IPv4 (1), length: 12
	    Subobject Type: IPv4 prefix, length 8, Strict, 10.13.0.2/32, Flags: [none]
	    0x0000:  0108 0a0d 0002 2000
	  Label Request Object (19) Flags: [reject if unknown], Class-Type: without label range (1), length: 8
	    L3 Protocol ID: IPv4
	    0x0000:  0000 0800
	  Sender Template Object (11) Flags: [reject if unknown], Class-Type: Tunnel IPv4 (7), length: 12
	    IPv4 Tunnel Sender Address: 198.18.1.1, LSP-ID: 0x0001
	    0x0000:  c612 0101 0000 0001
	  Sender TSpec Object (12) Flags: [reject if unknown], Class-Type: IntServ (2), length: 36
	    Msg-Version: 0, length: 28
	    Service Type: Default/Global Information (1), break bit not set, Service length: 24
	      Parameter ID: Token Bucket TSpec (127), length: 20, Flags: [0x00]
		Token Bucket Rate: 0 Mbps
		Token Bucket Size: 0 bytes
		Peak Data Rate: 0 Mbps
		Minimum Policed Unit: 20 bytes
		Maximum Packet Size: 65535 bytes
	    0x0000:  0000 0007 0100 0006 7f00 0005 0000 0000
	    0x0010:  0000 0000 0000 0000 0000 0014 0000 ffff
	  Adspec Object (13) Flags: [reject if unknown], Class-Type: IntServ (2), length: 48
	    Msg-Version: 0, length: 40
	    Service Type: Default/Global Information (1), break bit not set, Service length: 32
	      Parameter ID: IS hop cnt (4), length: 4, Flags: [0x00]
		IS hop count: 1
	      Parameter ID: Path b/w estimate (6), length: 4, Flags: [0x00]
		Path b/w estimate: 0 Mbps
	      Parameter ID: Minimum path latency (8), length: 4, Flags: [0x00]
		Minimum path latency: don't care
	      Parameter ID: Composed MTU (10), length: 4, Flags: [0x00]
		Composed MTU: 1500 bytes
	    Service Type: Controlled Load (5), break bit not set, Service length: 0
	    0x0000:  0000 000a 0100 0008 0400 0001 0000 0001
	    0x0010:  0600 0001 0000 0000 0800 0001 ffff ffff
	    0x0020:  0a00 0001 0000 05dc 0500 0000
	  RRO Object (21) Flags: [reject if unknown], Class-Type: IPv4 (1), length: 12
	    Subobject Type: IPv4 prefix, length 8, Strict, 198.18.1.1/32, Flags: [none]
	    0x0000:  0108 c612 0101 2000
2026-09-22 18:13:28.798192 ?     In  ifindex 10 26:4e:a0:4e:a5:e8 ethertype IPv4 (0x0800), length 160: (tos 0x0, ttl 64, id 30926, offset 0, flags [DF], proto RSVP (46), length 140)
    10.12.0.2 > 10.12.0.1: 
	RSVPv1 Resv Message (2), Flags: [none], length: 120, ttl: 64, checksum: 0x9188
	  Session Object (1) Flags: [reject if unknown], Class-Type: Tunnel IPv4 (7), length: 16
	    IPv4 Tunnel EndPoint: 198.18.2.1, Tunnel ID: 0xf92c, Extended Tunnel ID: 198.18.1.1
	    0x0000:  c612 0201 0000 f92c c612 0101
	  RSVP Hop Object (3) Flags: [reject if unknown], Class-Type: IPv4 (1), length: 12
	    Previous/Next Interface: 10.12.0.2, Logical Interface Handle: 0x00000000
	    0x0000:  0a0c 0002 0000 0000
	  Time Values Object (5) Flags: [reject if unknown], Class-Type: 1 (1), length: 8
	    Refresh Period: 1000ms
	    0x0000:  0000 03e8
	  Style Object (8) Flags: [reject if unknown], Class-Type: 1 (1), length: 8
	    Reservation Style: Shared Explicit, Flags: [0x00]
	    0x0000:  0000 0012
	  Flowspec Object (9) Flags: [reject if unknown], Class-Type: IntServ (2), length: 36
	    Msg-Version: 0, length: 28
	    Service Type: Controlled Load (5), break bit not set, Service length: 24
	      Parameter ID: Token Bucket TSpec (127), length: 20, Flags: [0x00]
		Token Bucket Rate: 0 Mbps
		Token Bucket Size: 0 bytes
		Peak Data Rate: 0 Mbps
		Minimum Policed Unit: 20 bytes
		Maximum Packet Size: 1500 bytes
	    0x0000:  0000 0007 0500 0006 7f00 0005 0000 0000
	    0x0010:  0000 0000 0000 0000 0000 0014 0000 05dc
	  FilterSpec Object (10) Flags: [reject if unknown], Class-Type: Tunnel IPv4 (7), length: 12
	    Source Address: 198.18.1.1, LSP-ID: 0x0001
	    0x0000:  c612 0101 0000 0001
	  Label Object (16) Flags: [reject if unknown], Class-Type: Label (1), length: 8
	    Label: 1000
	    0x0000:  0000 03e8
	  RRO Object (21) Flags: [reject if unknown], Class-Type: IPv4 (1), length: 12
	    Subobject Type: IPv4 prefix, length 8, Strict, 198.18.2.1/32, Flags: [none]
	    0x0000:  0108 c612 0201 2000
2026-09-22 18:13:28.798620 ?     In  ifindex 11 86:b9:5b:6f:41:00 ethertype IPv4 (0x0800), length 160: (tos 0x0, ttl 64, id 22777, offset 0, flags [DF], proto RSVP (46), length 140)
    10.13.0.2 > 10.13.0.1: 
	RSVPv1 Resv Message (2), Flags: [none], length: 120, ttl: 64, checksum: 0x8ccd
	  Session Object (1) Flags: [reject if unknown], Class-Type: Tunnel IPv4 (7), length: 16
	    IPv4 Tunnel EndPoint: 198.18.2.1, Tunnel ID: 0xfde5, Extended Tunnel ID: 198.18.1.1
	    0x0000:  c612 0201 0000 fde5 c612 0101
	  RSVP Hop Object (3) Flags: [reject if unknown], Class-Type: IPv4 (1), length: 12
	    Previous/Next Interface: 10.13.0.2, Logical Interface Handle: 0x00000000
	    0x0000:  0a0d 0002 0000 0000
	  Time Values Object (5) Flags: [reject if unknown], Class-Type: 1 (1), length: 8
	    Refresh Period: 1000ms
	    0x0000:  0000 03e8
	  Style Object (8) Flags: [reject if unknown], Class-Type: 1 (1), length: 8
	    Reservation Style: Shared Explicit, Flags: [0x00]
	    0x0000:  0000 0012
	  Flowspec Object (9) Flags: [reject if unknown], Class-Type: IntServ (2), length: 36
	    Msg-Version: 0, length: 28
	    Service Type: Controlled Load (5), break bit not set, Service length: 24
	      Parameter ID: Token Bucket TSpec (127), length: 20, Flags: [0x00]
		Token Bucket Rate: 0 Mbps
		Token Bucket Size: 0 bytes
		Peak Data Rate: 0 Mbps
		Minimum Policed Unit: 20 bytes
		Maximum Packet Size: 1500 bytes
	    0x0000:  0000 0007 0500 0006 7f00 0005 0000 0000
	    0x0010:  0000 0000 0000 0000 0000 0014 0000 05dc
	  FilterSpec Object (10) Flags: [reject if unknown], Class-Type: Tunnel IPv4 (7), length: 12
	    Source Address: 198.18.1.1, LSP-ID: 0x0001
	    0x0000:  c612 0101 0000 0001
	  Label Object (16) Flags: [reject if unknown], Class-Type: Label (1), length: 8
	    Label: 1001
	    0x0000:  0000 03e9
	  RRO Object (21) Flags: [reject if unknown], Class-Type: IPv4 (1), length: 12
	    Subobject Type: IPv4 prefix, length 8, Strict, 198.18.2.1/32, Flags: [none]
	    0x0000:  0108 c612 0201 2000
2026-09-22 18:13:29.423898 ?     In  ifindex 10 26:4e:a0:4e:a5:e8 ethertype IPv4 (0x0800), length 160: (tos 0x0, ttl 64, id 31449, offset 0, flags [DF], proto RSVP (46), length 140)
    10.12.0.2 > 10.12.0.1: 
	RSVPv1 Resv Message (2), Flags: [none], length: 120, ttl: 64, checksum: 0x9188
	  Session Object (1) Flags: [reject if unknown], Class-Type: Tunnel IPv4 (7), length: 16
	    IPv4 Tunnel EndPoint: 198.18.2.1, Tunnel ID: 0xf92c, Extended Tunnel ID: 198.18.1.1
	    0x0000:  c612 0201 0000 f92c c612 0101
	  RSVP Hop Object (3) Flags: [reject if unknown], Class-Type: IPv4 (1), length: 12
	    Previous/Next Interface: 10.12.0.2, Logical Interface Handle: 0x00000000
	    0x0000:  0a0c 0002 0000 0000
	  Time Values Object (5) Flags: [reject if unknown], Class-Type: 1 (1), length: 8
	    Refresh Period: 1000ms
	    0x0000:  0000 03e8
	  Style Object (8) Flags: [reject if unknown], Class-Type: 1 (1), length: 8
	    Reservation Style: Shared Explicit, Flags: [0x00]
	    0x0000:  0000 0012
	  Flowspec Object (9) Flags: [reject if unknown], Class-Type: IntServ (2), length: 36
	    Msg-Version: 0, length: 28
	    Service Type: Controlled Load (5), break bit not set, Service length: 24
	      Parameter ID: Token Bucket TSpec (127), length: 20, Flags: [0x00]
		Token Bucket Rate: 0 Mbps
		Token Bucket Size: 0 bytes
		Peak Data Rate: 0 Mbps
		Minimum Policed Unit: 20 bytes
		Maximum Packet Size: 1500 bytes
	    0x0000:  0000 0007 0500 0006 7f00 0005 0000 0000
	    0x0010:  0000 0000 0000 0000 0000 0014 0000 05dc
	  FilterSpec Object (10) Flags: [reject if unknown], Class-Type: Tunnel IPv4 (7), length: 12
	    Source Address: 198.18.1.1, LSP-ID: 0x0001
	    0x0000:  c612 0101 0000 0001
	  Label Object (16) Flags: [reject if unknown], Class-Type: Label (1), length: 8
	    Label: 1000
	    0x0000:  0000 03e8
	  RRO Object (21) Flags: [reject if unknown], Class-Type: IPv4 (1), length: 12
	    Subobject Type: IPv4 prefix, length 8, Strict, 198.18.2.1/32, Flags: [none]
	    0x0000:  0108 c612 0201 2000
2026-09-22 18:13:29.424028 ?     In  ifindex 11 86:b9:5b:6f:41:00 ethertype IPv4 (0x0800), length 160: (tos 0x0, ttl 64, id 22907, offset 0, flags [DF], proto RSVP (46), length 140)
    10.13.0.2 > 10.13.0.1: 
	RSVPv1 Resv Message (2), Flags: [none], length: 120, ttl: 64, checksum: 0x8ccd
	  Session Object (1) Flags: [reject if unknown], Class-Type: Tunnel IPv4 (7), length: 16
	    IPv4 Tunnel EndPoint: 198.18.2.1, Tunnel ID: 0xfde5, Extended Tunnel ID: 198.18.1.1
	    0x0000:  c612 0201 0000 fde5 c612 0101
	  RSVP Hop Object (3) Flags: [reject if unknown], Class-Type: IPv4 (1), length: 12
	    Previous/Next Interface: 10.13.0.2, Logical Interface Handle: 0x00000000
	    0x0000:  0a0d 0002 0000 0000
	  Time Values Object (5) Flags: [reject if unknown], Class-Type: 1 (1), length: 8
	    Refresh Period: 1000ms
	    0x0000:  0000 03e8
	  Style Object (8) Flags: [reject if unknown], Class-Type: 1 (1), length: 8
	    Reservation Style: Shared Explicit, Flags: [0x00]
	    0x0000:  0000 0012
	  Flowspec Object (9) Flags: [reject if unknown], Class-Type: IntServ (2), length: 36
	    Msg-Version: 0, length: 28
	    Service Type: Controlled Load (5), break bit not set, Service length: 24
	      Parameter ID: Token Bucket TSpec (127), length: 20, Flags: [0x00]
		Token Bucket Rate: 0 Mbps
		Token Bucket Size: 0 bytes
		Peak Data Rate: 0 Mbps
		Minimum Policed Unit: 20 bytes
		Maximum Packet Size: 1500 bytes
	    0x0000:  0000 0007 0500 0006 7f00 0005 0000 0000
	    0x0010:  0000 0000 0000 0000 0000 0014 0000 05dc
	  FilterSpec Object (10) Flags: [reject if unknown], Class-Type: Tunnel IPv4 (7), length: 12
	    Source Address: 198.18.1.1, LSP-ID: 0x0001
	    0x0000:  c612 0101 0000 0001
	  Label Object (16) Flags: [reject if unknown], Class-Type: Label (1), length: 8
	    Label: 1001
	    0x0000:  0000 03e9
	  RRO Object (21) Flags: [reject if unknown], Class-Type: IPv4 (1), length: 12
	    Subobject Type: IPv4 prefix, length 8, Strict, 198.18.2.1/32, Flags: [none]
	    0x0000:  0108 c612 0201 2000
2026-09-22 18:13:29.794527 ?     Out ifindex 10 3e:af:b2:df:f7:9c ethertype IPv4 (0x0800), length 216: (tos 0x0, ttl 64, id 56160, offset 0, flags [none], proto RSVP (46), length 196, options (RA))
    198.18.1.1 > 198.18.2.1: 
	RSVPv1 Path Message (1), Flags: [none], length: 172, ttl: 64, checksum: 0x24ed
	  Session Object (1) Flags: [reject if unknown], Class-Type: Tunnel IPv4 (7), length: 16
	    IPv4 Tunnel EndPoint: 198.18.2.1, Tunnel ID: 0xf92c, Extended Tunnel ID: 198.18.1.1
	    0x0000:  c612 0201 0000 f92c c612 0101
	  RSVP Hop Object (3) Flags: [reject if unknown], Class-Type: IPv4 (1), length: 12
	    Previous/Next Interface: 10.12.0.1, Logical Interface Handle: 0x00000000
	    0x0000:  0a0c 0001 0000 0000
	  Time Values Object (5) Flags: [reject if unknown], Class-Type: 1 (1), length: 8
	    Refresh Period: 1000ms
	    0x0000:  0000 03e8
	  ERO Object (20) Flags: [reject if unknown], Class-Type: IPv4 (1), length: 12
	    Subobject Type: IPv4 prefix, length 8, Strict, 10.12.0.2/32, Flags: [none]
	    0x0000:  0108 0a0c 0002 2000
	  Label Request Object (19) Flags: [reject if unknown], Class-Type: without label range (1), length: 8
	    L3 Protocol ID: IPv4
	    0x0000:  0000 0800
	  Sender Template Object (11) Flags: [reject if unknown], Class-Type: Tunnel IPv4 (7), length: 12
	    IPv4 Tunnel Sender Address: 198.18.1.1, LSP-ID: 0x0001
	    0x0000:  c612 0101 0000 0001
	  Sender TSpec Object (12) Flags: [reject if unknown], Class-Type: IntServ (2), length: 36
	    Msg-Version: 0, length: 28
	    Service Type: Default/Global Information (1), break bit not set, Service length: 24
	      Parameter ID: Token Bucket TSpec (127), length: 20, Flags: [0x00]
		Token Bucket Rate: 0 Mbps
		Token Bucket Size: 0 bytes
		Peak Data Rate: 0 Mbps
		Minimum Policed Unit: 20 bytes
		Maximum Packet Size: 65535 bytes
	    0x0000:  0000 0007 0100 0006 7f00 0005 0000 0000
	    0x0010:  0000 0000 0000 0000 0000 0014 0000 ffff
	  Adspec Object (13) Flags: [reject if unknown], Class-Type: IntServ (2), length: 48
	    Msg-Version: 0, length: 40
	    Service Type: Default/Global Information (1), break bit not set, Service length: 32
	      Parameter ID: IS hop cnt (4), length: 4, Flags: [0x00]
		IS hop count: 1
	      Parameter ID: Path b/w estimate (6), length: 4, Flags: [0x00]
		Path b/w estimate: 0 Mbps
	      Parameter ID: Minimum path latency (8), length: 4, Flags: [0x00]
		Minimum path latency: don't care
	      Parameter ID: Composed MTU (10), length: 4, Flags: [0x00]
		Composed MTU: 1500 bytes
	    Service Type: Controlled Load (5), break bit not set, Service length: 0
	    0x0000:  0000 000a 0100 0008 0400 0001 0000 0001
	    0x0010:  0600 0001 0000 0000 0800 0001 ffff ffff
	    0x0020:  0a00 0001 0000 05dc 0500 0000
	  RRO Object (21) Flags: [reject if unknown], Class-Type: IPv4 (1), length: 12
	    Subobject Type: IPv4 prefix, length 8, Strict, 198.18.1.1/32, Flags: [none]
	    0x0000:  0108 c612 0101 2000
2026-09-22 18:13:29.795069 ?     Out ifindex 11 36:59:02:b0:0d:9e ethertype IPv4 (0x0800), length 216: (tos 0x0, ttl 64, id 56161, offset 0, flags [none], proto RSVP (46), length 196, options (RA))
    198.18.1.1 > 198.18.2.1: 
	RSVPv1 Path Message (1), Flags: [none], length: 172, ttl: 64, checksum: 0x2032
	  Session Object (1) Flags: [reject if unknown], Class-Type: Tunnel IPv4 (7), length: 16
	    IPv4 Tunnel EndPoint: 198.18.2.1, Tunnel ID: 0xfde5, Extended Tunnel ID: 198.18.1.1
	    0x0000:  c612 0201 0000 fde5 c612 0101
	  RSVP Hop Object (3) Flags: [reject if unknown], Class-Type: IPv4 (1), length: 12
	    Previous/Next Interface: 10.13.0.1, Logical Interface Handle: 0x00000000
	    0x0000:  0a0d 0001 0000 0000
	  Time Values Object (5) Flags: [reject if unknown], Class-Type: 1 (1), length: 8
	    Refresh Period: 1000ms
	    0x0000:  0000 03e8
	  ERO Object (20) Flags: [reject if unknown], Class-Type: IPv4 (1), length: 12
	    Subobject Type: IPv4 prefix, length 8, Strict, 10.13.0.2/32, Flags: [none]
	    0x0000:  0108 0a0d 0002 2000
	  Label Request Object (19) Flags: [reject if unknown], Class-Type: without label range (1), length: 8
	    L3 Protocol ID: IPv4
	    0x0000:  0000 0800
	  Sender Template Object (11) Flags: [reject if unknown], Class-Type: Tunnel IPv4 (7), length: 12
	    IPv4 Tunnel Sender Address: 198.18.1.1, LSP-ID: 0x0001
	    0x0000:  c612 0101 0000 0001
	  Sender TSpec Object (12) Flags: [reject if unknown], Class-Type: IntServ (2), length: 36
	    Msg-Version: 0, length: 28
	    Service Type: Default/Global Information (1), break bit not set, Service length: 24
	      Parameter ID: Token Bucket TSpec (127), length: 20, Flags: [0x00]
		Token Bucket Rate: 0 Mbps
		Token Bucket Size: 0 bytes
		Peak Data Rate: 0 Mbps
		Minimum Policed Unit: 20 bytes
		Maximum Packet Size: 65535 bytes
	    0x0000:  0000 0007 0100 0006 7f00 0005 0000 0000
	    0x0010:  0000 0000 0000 0000 0000 0014 0000 ffff
	  Adspec Object (13) Flags: [reject if unknown], Class-Type: IntServ (2), length: 48
	    Msg-Version: 0, length: 40
	    Service Type: Default/Global Information (1), break bit not set, Service length: 32
	      Parameter ID: IS hop cnt (4), length: 4, Flags: [0x00]
		IS hop count: 1
	      Parameter ID: Path b/w estimate (6), length: 4, Flags: [0x00]
		Path b/w estimate: 0 Mbps
	      Parameter ID: Minimum path latency (8), length: 4, Flags: [0x00]
		Minimum path latency: don't care
	      Parameter ID: Composed MTU (10), length: 4, Flags: [0x00]
		Composed MTU: 1500 bytes
	    Service Type: Controlled Load (5), break bit not set, Service length: 0
	    0x0000:  0000 000a 0100 0008 0400 0001 0000 0001
	    0x0010:  0600 0001 0000 0000 0800 0001 ffff ffff
	    0x0020:  0a00 0001 0000 05dc 0500 0000
	  RRO Object (21) Flags: [reject if unknown], Class-Type: IPv4 (1), length: 12
	    Subobject Type: IPv4 prefix, length 8, Strict, 198.18.1.1/32, Flags: [none]
	    0x0000:  0108 c612 0101 2000
2026-09-22 18:13:29.795509 ?     In  ifindex 10 26:4e:a0:4e:a5:e8 ethertype IPv4 (0x0800), length 160: (tos 0x0, ttl 64, id 31702, offset 0, flags [DF], proto RSVP (46), length 140)
    10.12.0.2 > 10.12.0.1: 
	RSVPv1 Resv Message (2), Flags: [none], length: 120, ttl: 64, checksum: 0x9188
	  Session Object (1) Flags: [reject if unknown], Class-Type: Tunnel IPv4 (7), length: 16
	    IPv4 Tunnel EndPoint: 198.18.2.1, Tunnel ID: 0xf92c, Extended Tunnel ID: 198.18.1.1
	    0x0000:  c612 0201 0000 f92c c612 0101
	  RSVP Hop Object (3) Flags: [reject if unknown], Class-Type: IPv4 (1), length: 12
	    Previous/Next Interface: 10.12.0.2, Logical Interface Handle: 0x00000000
	    0x0000:  0a0c 0002 0000 0000
	  Time Values Object (5) Flags: [reject if unknown], Class-Type: 1 (1), length: 8
	    Refresh Period: 1000ms
	    0x0000:  0000 03e8
	  Style Object (8) Flags: [reject if unknown], Class-Type: 1 (1), length: 8
	    Reservation Style: Shared Explicit, Flags: [0x00]
	    0x0000:  0000 0012
	  Flowspec Object (9) Flags: [reject if unknown], Class-Type: IntServ (2), length: 36
	    Msg-Version: 0, length: 28
	    Service Type: Controlled Load (5), break bit not set, Service length: 24
	      Parameter ID: Token Bucket TSpec (127), length: 20, Flags: [0x00]
		Token Bucket Rate: 0 Mbps
		Token Bucket Size: 0 bytes
		Peak Data Rate: 0 Mbps
		Minimum Policed Unit: 20 bytes
		Maximum Packet Size: 1500 bytes
	    0x0000:  0000 0007 0500 0006 7f00 0005 0000 0000
	    0x0010:  0000 0000 0000 0000 0000 0014 0000 05dc
	  FilterSpec Object (10) Flags: [reject if unknown], Class-Type: Tunnel IPv4 (7), length: 12
	    Source Address: 198.18.1.1, LSP-ID: 0x0001
	    0x0000:  c612 0101 0000 0001
	  Label Object (16) Flags: [reject if unknown], Class-Type: Label (1), length: 8
	    Label: 1000
	    0x0000:  0000 03e8
	  RRO Object (21) Flags: [reject if unknown], Class-Type: IPv4 (1), length: 12
	    Subobject Type: IPv4 prefix, length 8, Strict, 198.18.2.1/32, Flags: [none]
	    0x0000:  0108 c612 0201 2000
2026-09-22 18:13:29.796146 ?     In  ifindex 11 86:b9:5b:6f:41:00 ethertype IPv4 (0x0800), length 160: (tos 0x0, ttl 64, id 22991, offset 0, flags [DF], proto RSVP (46), length 140)
    10.13.0.2 > 10.13.0.1: 
	RSVPv1 Resv Message (2), Flags: [none], length: 120, ttl: 64, checksum: 0x8ccd
	  Session Object (1) Flags: [reject if unknown], Class-Type: Tunnel IPv4 (7), length: 16
	    IPv4 Tunnel EndPoint: 198.18.2.1, Tunnel ID: 0xfde5, Extended Tunnel ID: 198.18.1.1
	    0x0000:  c612 0201 0000 fde5 c612 0101
	  RSVP Hop Object (3) Flags: [reject if unknown], Class-Type: IPv4 (1), length: 12
	    Previous/Next Interface: 10.13.0.2, Logical Interface Handle: 0x00000000
	    0x0000:  0a0d 0002 0000 0000
	  Time Values Object (5) Flags: [reject if unknown], Class-Type: 1 (1), length: 8
	    Refresh Period: 1000ms
	    0x0000:  0000 03e8
	  Style Object (8) Flags: [reject if unknown], Class-Type: 1 (1), length: 8
	    Reservation Style: Shared Explicit, Flags: [0x00]
	    0x0000:  0000 0012
	  Flowspec Object (9) Flags: [reject if unknown], Class-Type: IntServ (2), length: 36
	    Msg-Version: 0, length: 28
	    Service Type: Controlled Load (5), break bit not set, Service length: 24
	      Parameter ID: Token Bucket TSpec (127), length: 20, Flags: [0x00]
		Token Bucket Rate: 0 Mbps
		Token Bucket Size: 0 bytes
		Peak Data Rate: 0 Mbps
		Minimum Policed Unit: 20 bytes
		Maximum Packet Size: 1500 bytes
	    0x0000:  0000 0007 0500 0006 7f00 0005 0000 0000
	    0x0010:  0000 0000 0000 0000 0000 0014 0000 05dc
	  FilterSpec Object (10) Flags: [reject if unknown], Class-Type: Tunnel IPv4 (7), length: 12
	    Source Address: 198.18.1.1, LSP-ID: 0x0001
	    0x0000:  c612 0101 0000 0001
	  Label Object (16) Flags: [reject if unknown], Class-Type: Label (1), length: 8
	    Label: 1001
	    0x0000:  0000 03e9
	  RRO Object (21) Flags: [reject if unknown], Class-Type: IPv4 (1), length: 12
	    Subobject Type: IPv4 prefix, length 8, Strict, 198.18.2.1/32, Flags: [none]
	    0x0000:  0108 c612 0201 2000
2026-09-22 18:13:30.424408 ?     In  ifindex 10 26:4e:a0:4e:a5:e8 ethertype IPv4 (0x0800), length 160: (tos 0x0, ttl 64, id 32139, offset 0, flags [DF], proto RSVP (46), length 140)
    10.12.0.2 > 10.12.0.1: 
	RSVPv1 Resv Message (2), Flags: [none], length: 120, ttl: 64, checksum: 0x9188
	  Session Object (1) Flags: [reject if unknown], Class-Type: Tunnel IPv4 (7), length: 16
	    IPv4 Tunnel EndPoint: 198.18.2.1, Tunnel ID: 0xf92c, Extended Tunnel ID: 198.18.1.1
	    0x0000:  c612 0201 0000 f92c c612 0101
	  RSVP Hop Object (3) Flags: [reject if unknown], Class-Type: IPv4 (1), length: 12
	    Previous/Next Interface: 10.12.0.2, Logical Interface Handle: 0x00000000
	    0x0000:  0a0c 0002 0000 0000
	  Time Values Object (5) Flags: [reject if unknown], Class-Type: 1 (1), length: 8
	    Refresh Period: 1000ms
	    0x0000:  0000 03e8
	  Style Object (8) Flags: [reject if unknown], Class-Type: 1 (1), length: 8
	    Reservation Style: Shared Explicit, Flags: [0x00]
	    0x0000:  0000 0012
	  Flowspec Object (9) Flags: [reject if unknown], Class-Type: IntServ (2), length: 36
	    Msg-Version: 0, length: 28
	    Service Type: Controlled Load (5), break bit not set, Service length: 24
	      Parameter ID: Token Bucket TSpec (127), length: 20, Flags: [0x00]
		Token Bucket Rate: 0 Mbps
		Token Bucket Size: 0 bytes
		Peak Data Rate: 0 Mbps
		Minimum Policed Unit: 20 bytes
		Maximum Packet Size: 1500 bytes
	    0x0000:  0000 0007 0500 0006 7f00 0005 0000 0000
	    0x0010:  0000 0000 0000 0000 0000 0014 0000 05dc
	  FilterSpec Object (10) Flags: [reject if unknown], Class-Type: Tunnel IPv4 (7), length: 12
	    Source Address: 198.18.1.1, LSP-ID: 0x0001
	    0x0000:  c612 0101 0000 0001
	  Label Object (16) Flags: [reject if unknown], Class-Type: Label (1), length: 8
	    Label: 1000
	    0x0000:  0000 03e8
	  RRO Object (21) Flags: [reject if unknown], Class-Type: IPv4 (1), length: 12
	    Subobject Type: IPv4 prefix, length 8, Strict, 198.18.2.1/32, Flags: [none]
	    0x0000:  0108 c612 0201 2000
2026-09-22 18:13:30.424528 ?     In  ifindex 11 86:b9:5b:6f:41:00 ethertype IPv4 (0x0800), length 160: (tos 0x0, ttl 64, id 23540, offset 0, flags [DF], proto RSVP (46), length 140)
    10.13.0.2 > 10.13.0.1: 
	RSVPv1 Resv Message (2), Flags: [none], length: 120, ttl: 64, checksum: 0x8ccd
	  Session Object (1) Flags: [reject if unknown], Class-Type: Tunnel IPv4 (7), length: 16
	    IPv4 Tunnel EndPoint: 198.18.2.1, Tunnel ID: 0xfde5, Extended Tunnel ID: 198.18.1.1
	    0x0000:  c612 0201 0000 fde5 c612 0101
	  RSVP Hop Object (3) Flags: [reject if unknown], Class-Type: IPv4 (1), length: 12
	    Previous/Next Interface: 10.13.0.2, Logical Interface Handle: 0x00000000
	    0x0000:  0a0d 0002 0000 0000
	  Time Values Object (5) Flags: [reject if unknown], Class-Type: 1 (1), length: 8
	    Refresh Period: 1000ms
	    0x0000:  0000 03e8
	  Style Object (8) Flags: [reject if unknown], Class-Type: 1 (1), length: 8
	    Reservation Style: Shared Explicit, Flags: [0x00]
	    0x0000:  0000 0012
	  Flowspec Object (9) Flags: [reject if unknown], Class-Type: IntServ (2), length: 36
	    Msg-Version: 0, length: 28
	    Service Type: Controlled Load (5), break bit not set, Service length: 24
	      Parameter ID: Token Bucket TSpec (127), length: 20, Flags: [0x00]
		Token Bucket Rate: 0 Mbps
		Token Bucket Size: 0 bytes
		Peak Data Rate: 0 Mbps
		Minimum Policed Unit: 20 bytes
		Maximum Packet Size: 1500 bytes
	    0x0000:  0000 0007 0500 0006 7f00 0005 0000 0000
	    0x0010:  0000 0000 0000 0000 0000 0014 0000 05dc
	  FilterSpec Object (10) Flags: [reject if unknown], Class-Type: Tunnel IPv4 (7), length: 12
	    Source Address: 198.18.1.1, LSP-ID: 0x0001
	    0x0000:  c612 0101 0000 0001
	  Label Object (16) Flags: [reject if unknown], Class-Type: Label (1), length: 8
	    Label: 1001
	    0x0000:  0000 03e9
	  RRO Object (21) Flags: [reject if unknown], Class-Type: IPv4 (1), length: 12
	    Subobject Type: IPv4 prefix, length 8, Strict, 198.18.2.1/32, Flags: [none]
	    0x0000:  0108 c612 0201 2000
2026-09-22 18:13:30.794643 ?     Out ifindex 11 36:59:02:b0:0d:9e ethertype IPv4 (0x0800), length 216: (tos 0x0, ttl 64, id 56345, offset 0, flags [none], proto RSVP (46), length 196, options (RA))
    198.18.1.1 > 198.18.2.1: 
	RSVPv1 Path Message (1), Flags: [none], length: 172, ttl: 64, checksum: 0x2032
	  Session Object (1) Flags: [reject if unknown], Class-Type: Tunnel IPv4 (7), length: 16
	    IPv4 Tunnel EndPoint: 198.18.2.1, Tunnel ID: 0xfde5, Extended Tunnel ID: 198.18.1.1
	    0x0000:  c612 0201 0000 fde5 c612 0101
	  RSVP Hop Object (3) Flags: [reject if unknown], Class-Type: IPv4 (1), length: 12
	    Previous/Next Interface: 10.13.0.1, Logical Interface Handle: 0x00000000
	    0x0000:  0a0d 0001 0000 0000
	  Time Values Object (5) Flags: [reject if unknown], Class-Type: 1 (1), length: 8
	    Refresh Period: 1000ms
	    0x0000:  0000 03e8
	  ERO Object (20) Flags: [reject if unknown], Class-Type: IPv4 (1), length: 12
	    Subobject Type: IPv4 prefix, length 8, Strict, 10.13.0.2/32, Flags: [none]
	    0x0000:  0108 0a0d 0002 2000
	  Label Request Object (19) Flags: [reject if unknown], Class-Type: without label range (1), length: 8
	    L3 Protocol ID: IPv4
	    0x0000:  0000 0800
	  Sender Template Object (11) Flags: [reject if unknown], Class-Type: Tunnel IPv4 (7), length: 12
	    IPv4 Tunnel Sender Address: 198.18.1.1, LSP-ID: 0x0001
	    0x0000:  c612 0101 0000 0001
	  Sender TSpec Object (12) Flags: [reject if unknown], Class-Type: IntServ (2), length: 36
	    Msg-Version: 0, length: 28
	    Service Type: Default/Global Information (1), break bit not set, Service length: 24
	      Parameter ID: Token Bucket TSpec (127), length: 20, Flags: [0x00]
		Token Bucket Rate: 0 Mbps
		Token Bucket Size: 0 bytes
		Peak Data Rate: 0 Mbps
		Minimum Policed Unit: 20 bytes
		Maximum Packet Size: 65535 bytes
	    0x0000:  0000 0007 0100 0006 7f00 0005 0000 0000
	    0x0010:  0000 0000 0000 0000 0000 0014 0000 ffff
	  Adspec Object (13) Flags: [reject if unknown], Class-Type: IntServ (2), length: 48
	    Msg-Version: 0, length: 40
	    Service Type: Default/Global Information (1), break bit not set, Service length: 32
	      Parameter ID: IS hop cnt (4), length: 4, Flags: [0x00]
		IS hop count: 1
	      Parameter ID: Path b/w estimate (6), length: 4, Flags: [0x00]
		Path b/w estimate: 0 Mbps
	      Parameter ID: Minimum path latency (8), length: 4, Flags: [0x00]
		Minimum path latency: don't care
	      Parameter ID: Composed MTU (10), length: 4, Flags: [0x00]
		Composed MTU: 1500 bytes
	    Service Type: Controlled Load (5), break bit not set, Service length: 0
	    0x0000:  0000 000a 0100 0008 0400 0001 0000 0001
	    0x0010:  0600 0001 0000 0000 0800 0001 ffff ffff
	    0x0020:  0a00 0001 0000 05dc 0500 0000
	  RRO Object (21) Flags: [reject if unknown], Class-Type: IPv4 (1), length: 12
	    Subobject Type: IPv4 prefix, length 8, Strict, 198.18.1.1/32, Flags: [none]
	    0x0000:  0108 c612 0101 2000
2026-09-22 18:13:30.795275 ?     Out ifindex 10 3e:af:b2:df:f7:9c ethertype IPv4 (0x0800), length 216: (tos 0x0, ttl 64, id 56346, offset 0, flags [none], proto RSVP (46), length 196, options (RA))
    198.18.1.1 > 198.18.2.1: 
	RSVPv1 Path Message (1), Flags: [none], length: 172, ttl: 64, checksum: 0x24ed
	  Session Object (1) Flags: [reject if unknown], Class-Type: Tunnel IPv4 (7), length: 16
	    IPv4 Tunnel EndPoint: 198.18.2.1, Tunnel ID: 0xf92c, Extended Tunnel ID: 198.18.1.1
	    0x0000:  c612 0201 0000 f92c c612 0101
	  RSVP Hop Object (3) Flags: [reject if unknown], Class-Type: IPv4 (1), length: 12
	    Previous/Next Interface: 10.12.0.1, Logical Interface Handle: 0x00000000
	    0x0000:  0a0c 0001 0000 0000
	  Time Values Object (5) Flags: [reject if unknown], Class-Type: 1 (1), length: 8
	    Refresh Period: 1000ms
	    0x0000:  0000 03e8
	  ERO Object (20) Flags: [reject if unknown], Class-Type: IPv4 (1), length: 12
	    Subobject Type: IPv4 prefix, length 8, Strict, 10.12.0.2/32, Flags: [none]
	    0x0000:  0108 0a0c 0002 2000
	  Label Request Object (19) Flags: [reject if unknown], Class-Type: without label range (1), length: 8
	    L3 Protocol ID: IPv4
	    0x0000:  0000 0800
	  Sender Template Object (11) Flags: [reject if unknown], Class-Type: Tunnel IPv4 (7), length: 12
	    IPv4 Tunnel Sender Address: 198.18.1.1, LSP-ID: 0x0001
	    0x0000:  c612 0101 0000 0001
	  Sender TSpec Object (12) Flags: [reject if unknown], Class-Type: IntServ (2), length: 36
	    Msg-Version: 0, length: 28
	    Service Type: Default/Global Information (1), break bit not set, Service length: 24
	      Parameter ID: Token Bucket TSpec (127), length: 20, Flags: [0x00]
		Token Bucket Rate: 0 Mbps
		Token Bucket Size: 0 bytes
		Peak Data Rate: 0 Mbps
		Minimum Policed Unit: 20 bytes
		Maximum Packet Size: 65535 bytes
	    0x0000:  0000 0007 0100 0006 7f00 0005 0000 0000
	    0x0010:  0000 0000 0000 0000 0000 0014 0000 ffff
	  Adspec Object (13) Flags: [reject if unknown], Class-Type: IntServ (2), length: 48
	    Msg-Version: 0, length: 40
	    Service Type: Default/Global Information (1), break bit not set, Service length: 32
	      Parameter ID: IS hop cnt (4), length: 4, Flags: [0x00]
		IS hop count: 1
	      Parameter ID: Path b/w estimate (6), length: 4, Flags: [0x00]
		Path b/w estimate: 0 Mbps
	      Parameter ID: Minimum path latency (8), length: 4, Flags: [0x00]
		Minimum path latency: don't care
	      Parameter ID: Composed MTU (10), length: 4, Flags: [0x00]
		Composed MTU: 1500 bytes
	    Service Type: Controlled Load (5), break bit not set, Service length: 0
	    0x0000:  0000 000a 0100 0008 0400 0001 0000 0001
	    0x0010:  0600 0001 0000 0000 0800 0001 ffff ffff
	    0x0020:  0a00 0001 0000 05dc 0500 0000
	  RRO Object (21) Flags: [reject if unknown], Class-Type: IPv4 (1), length: 12
	    Subobject Type: IPv4 prefix, length 8, Strict, 198.18.1.1/32, Flags: [none]
	    0x0000:  0108 c612 0101 2000
2026-09-22 18:13:30.795585 ?     In  ifindex 11 86:b9:5b:6f:41:00 ethertype IPv4 (0x0800), length 160: (tos 0x0, ttl 64, id 23710, offset 0, flags [DF], proto RSVP (46), length 140)
    10.13.0.2 > 10.13.0.1: 
	RSVPv1 Resv Message (2), Flags: [none], length: 120, ttl: 64, checksum: 0x8ccd
	  Session Object (1) Flags: [reject if unknown], Class-Type: Tunnel IPv4 (7), length: 16
	    IPv4 Tunnel EndPoint: 198.18.2.1, Tunnel ID: 0xfde5, Extended Tunnel ID: 198.18.1.1
	    0x0000:  c612 0201 0000 fde5 c612 0101
	  RSVP Hop Object (3) Flags: [reject if unknown], Class-Type: IPv4 (1), length: 12
	    Previous/Next Interface: 10.13.0.2, Logical Interface Handle: 0x00000000
	    0x0000:  0a0d 0002 0000 0000
	  Time Values Object (5) Flags: [reject if unknown], Class-Type: 1 (1), length: 8
	    Refresh Period: 1000ms
	    0x0000:  0000 03e8
	  Style Object (8) Flags: [reject if unknown], Class-Type: 1 (1), length: 8
	    Reservation Style: Shared Explicit, Flags: [0x00]
	    0x0000:  0000 0012
	  Flowspec Object (9) Flags: [reject if unknown], Class-Type: IntServ (2), length: 36
	    Msg-Version: 0, length: 28
	    Service Type: Controlled Load (5), break bit not set, Service length: 24
	      Parameter ID: Token Bucket TSpec (127), length: 20, Flags: [0x00]
		Token Bucket Rate: 0 Mbps
		Token Bucket Size: 0 bytes
		Peak Data Rate: 0 Mbps
		Minimum Policed Unit: 20 bytes
		Maximum Packet Size: 1500 bytes
	    0x0000:  0000 0007 0500 0006 7f00 0005 0000 0000
	    0x0010:  0000 0000 0000 0000 0000 0014 0000 05dc
	  FilterSpec Object (10) Flags: [reject if unknown], Class-Type: Tunnel IPv4 (7), length: 12
	    Source Address: 198.18.1.1, LSP-ID: 0x0001
	    0x0000:  c612 0101 0000 0001
	  Label Object (16) Flags: [reject if unknown], Class-Type: Label (1), length: 8
	    Label: 1001
	    0x0000:  0000 03e9
	  RRO Object (21) Flags: [reject if unknown], Class-Type: IPv4 (1), length: 12
	    Subobject Type: IPv4 prefix, length 8, Strict, 198.18.2.1/32, Flags: [none]
	    0x0000:  0108 c612 0201 2000
2026-09-22 18:13:30.796142 ?     In  ifindex 10 26:4e:a0:4e:a5:e8 ethertype IPv4 (0x0800), length 160: (tos 0x0, ttl 64, id 32219, offset 0, flags [DF], proto RSVP (46), length 140)
    10.12.0.2 > 10.12.0.1: 
	RSVPv1 Resv Message (2), Flags: [none], length: 120, ttl: 64, checksum: 0x9188
	  Session Object (1) Flags: [reject if unknown], Class-Type: Tunnel IPv4 (7), length: 16
	    IPv4 Tunnel EndPoint: 198.18.2.1, Tunnel ID: 0xf92c, Extended Tunnel ID: 198.18.1.1
	    0x0000:  c612 0201 0000 f92c c612 0101
	  RSVP Hop Object (3) Flags: [reject if unknown], Class-Type: IPv4 (1), length: 12
	    Previous/Next Interface: 10.12.0.2, Logical Interface Handle: 0x00000000
	    0x0000:  0a0c 0002 0000 0000
	  Time Values Object (5) Flags: [reject if unknown], Class-Type: 1 (1), length: 8
	    Refresh Period: 1000ms
	    0x0000:  0000 03e8
	  Style Object (8) Flags: [reject if unknown], Class-Type: 1 (1), length: 8
	    Reservation Style: Shared Explicit, Flags: [0x00]
	    0x0000:  0000 0012
	  Flowspec Object (9) Flags: [reject if unknown], Class-Type: IntServ (2), length: 36
	    Msg-Version: 0, length: 28
	    Service Type: Controlled Load (5), break bit not set, Service length: 24
	      Parameter ID: Token Bucket TSpec (127), length: 20, Flags: [0x00]
		Token Bucket Rate: 0 Mbps
		Token Bucket Size: 0 bytes
		Peak Data Rate: 0 Mbps
		Minimum Policed Unit: 20 bytes
		Maximum Packet Size: 1500 bytes
	    0x0000:  0000 0007 0500 0006 7f00 0005 0000 0000
	    0x0010:  0000 0000 0000 0000 0000 0014 0000 05dc
	  FilterSpec Object (10) Flags: [reject if unknown], Class-Type: Tunnel IPv4 (7), length: 12
	    Source Address: 198.18.1.1, LSP-ID: 0x0001
	    0x0000:  c612 0101 0000 0001
	  Label Object (16) Flags: [reject if unknown], Class-Type: Label (1), length: 8
	    Label: 1000
	    0x0000:  0000 03e8
	  RRO Object (21) Flags: [reject if unknown], Class-Type: IPv4 (1), length: 12
	    Subobject Type: IPv4 prefix, length 8, Strict, 198.18.2.1/32, Flags: [none]
	    0x0000:  0108 c612 0201 2000
2026-09-22 18:13:31.423374 ?     In  ifindex 10 26:4e:a0:4e:a5:e8 ethertype IPv4 (0x0800), length 160: (tos 0x0, ttl 64, id 32706, offset 0, flags [DF], proto RSVP (46), length 140)
    10.12.0.2 > 10.12.0.1: 
	RSVPv1 Resv Message (2), Flags: [none], length: 120, ttl: 64, checksum: 0x9188
	  Session Object (1) Flags: [reject if unknown], Class-Type: Tunnel IPv4 (7), length: 16
	    IPv4 Tunnel EndPoint: 198.18.2.1, Tunnel ID: 0xf92c, Extended Tunnel ID: 198.18.1.1
	    0x0000:  c612 0201 0000 f92c c612 0101
	  RSVP Hop Object (3) Flags: [reject if unknown], Class-Type: IPv4 (1), length: 12
	    Previous/Next Interface: 10.12.0.2, Logical Interface Handle: 0x00000000
	    0x0000:  0a0c 0002 0000 0000
	  Time Values Object (5) Flags: [reject if unknown], Class-Type: 1 (1), length: 8
	    Refresh Period: 1000ms
	    0x0000:  0000 03e8
	  Style Object (8) Flags: [reject if unknown], Class-Type: 1 (1), length: 8
	    Reservation Style: Shared Explicit, Flags: [0x00]
	    0x0000:  0000 0012
	  Flowspec Object (9) Flags: [reject if unknown], Class-Type: IntServ (2), length: 36
	    Msg-Version: 0, length: 28
	    Service Type: Controlled Load (5), break bit not set, Service length: 24
	      Parameter ID: Token Bucket TSpec (127), length: 20, Flags: [0x00]
		Token Bucket Rate: 0 Mbps
		Token Bucket Size: 0 bytes
		Peak Data Rate: 0 Mbps
		Minimum Policed Unit: 20 bytes
		Maximum Packet Size: 1500 bytes
	    0x0000:  0000 0007 0500 0006 7f00 0005 0000 0000
	    0x0010:  0000 0000 0000 0000 0000 0014 0000 05dc
	  FilterSpec Object (10) Flags: [reject if unknown], Class-Type: Tunnel IPv4 (7), length: 12
	    Source Address: 198.18.1.1, LSP-ID: 0x0001
	    0x0000:  c612 0101 0000 0001
	  Label Object (16) Flags: [reject if unknown], Class-Type: Label (1), length: 8
	    Label: 1000
	    0x0000:  0000 03e8
	  RRO Object (21) Flags: [reject if unknown], Class-Type: IPv4 (1), length: 12
	    Subobject Type: IPv4 prefix, length 8, Strict, 198.18.2.1/32, Flags: [none]
	    0x0000:  0108 c612 0201 2000
2026-09-22 18:13:31.423485 ?     In  ifindex 11 86:b9:5b:6f:41:00 ethertype IPv4 (0x0800), length 160: (tos 0x0, ttl 64, id 23821, offset 0, flags [DF], proto RSVP (46), length 140)
    10.13.0.2 > 10.13.0.1: 
	RSVPv1 Resv Message (2), Flags: [none], length: 120, ttl: 64, checksum: 0x8ccd
	  Session Object (1) Flags: [reject if unknown], Class-Type: Tunnel IPv4 (7), length: 16
	    IPv4 Tunnel EndPoint: 198.18.2.1, Tunnel ID: 0xfde5, Extended Tunnel ID: 198.18.1.1
	    0x0000:  c612 0201 0000 fde5 c612 0101
	  RSVP Hop Object (3) Flags: [reject if unknown], Class-Type: IPv4 (1), length: 12
	    Previous/Next Interface: 10.13.0.2, Logical Interface Handle: 0x00000000
	    0x0000:  0a0d 0002 0000 0000
	  Time Values Object (5) Flags: [reject if unknown], Class-Type: 1 (1), length: 8
	    Refresh Period: 1000ms
	    0x0000:  0000 03e8
	  Style Object (8) Flags: [reject if unknown], Class-Type: 1 (1), length: 8
	    Reservation Style: Shared Explicit, Flags: [0x00]
	    0x0000:  0000 0012
	  Flowspec Object (9) Flags: [reject if unknown], Class-Type: IntServ (2), length: 36
	    Msg-Version: 0, length: 28
	    Service Type: Controlled Load (5), break bit not set, Service length: 24
	      Parameter ID: Token Bucket TSpec (127), length: 20, Flags: [0x00]
		Token Bucket Rate: 0 Mbps
		Token Bucket Size: 0 bytes
		Peak Data Rate: 0 Mbps
		Minimum Policed Unit: 20 bytes
		Maximum Packet Size: 1500 bytes
	    0x0000:  0000 0007 0500 0006 7f00 0005 0000 0000
	    0x0010:  0000 0000 0000 0000 0000 0014 0000 05dc
	  FilterSpec Object (10) Flags: [reject if unknown], Class-Type: Tunnel IPv4 (7), length: 12
	    Source Address: 198.18.1.1, LSP-ID: 0x0001
	    0x0000:  c612 0101 0000 0001
	  Label Object (16) Flags: [reject if unknown], Class-Type: Label (1), length: 8
	    Label: 1001
	    0x0000:  0000 03e9
	  RRO Object (21) Flags: [reject if unknown], Class-Type: IPv4 (1), length: 12
	    Subobject Type: IPv4 prefix, length 8, Strict, 198.18.2.1/32, Flags: [none]
	    0x0000:  0108 c612 0201 2000
2026-09-22 18:13:31.794644 ?     Out ifindex 10 3e:af:b2:df:f7:9c ethertype IPv4 (0x0800), length 216: (tos 0x0, ttl 64, id 57177, offset 0, flags [none], proto RSVP (46), length 196, options (RA))
    198.18.1.1 > 198.18.2.1: 
	RSVPv1 Path Message (1), Flags: [none], length: 172, ttl: 64, checksum: 0x24ed
	  Session Object (1) Flags: [reject if unknown], Class-Type: Tunnel IPv4 (7), length: 16
	    IPv4 Tunnel EndPoint: 198.18.2.1, Tunnel ID: 0xf92c, Extended Tunnel ID: 198.18.1.1
	    0x0000:  c612 0201 0000 f92c c612 0101
	  RSVP Hop Object (3) Flags: [reject if unknown], Class-Type: IPv4 (1), length: 12
	    Previous/Next Interface: 10.12.0.1, Logical Interface Handle: 0x00000000
	    0x0000:  0a0c 0001 0000 0000
	  Time Values Object (5) Flags: [reject if unknown], Class-Type: 1 (1), length: 8
	    Refresh Period: 1000ms
	    0x0000:  0000 03e8
	  ERO Object (20) Flags: [reject if unknown], Class-Type: IPv4 (1), length: 12
	    Subobject Type: IPv4 prefix, length 8, Strict, 10.12.0.2/32, Flags: [none]
	    0x0000:  0108 0a0c 0002 2000
	  Label Request Object (19) Flags: [reject if unknown], Class-Type: without label range (1), length: 8
	    L3 Protocol ID: IPv4
	    0x0000:  0000 0800
	  Sender Template Object (11) Flags: [reject if unknown], Class-Type: Tunnel IPv4 (7), length: 12
	    IPv4 Tunnel Sender Address: 198.18.1.1, LSP-ID: 0x0001
	    0x0000:  c612 0101 0000 0001
	  Sender TSpec Object (12) Flags: [reject if unknown], Class-Type: IntServ (2), length: 36
	    Msg-Version: 0, length: 28
	    Service Type: Default/Global Information (1), break bit not set, Service length: 24
	      Parameter ID: Token Bucket TSpec (127), length: 20, Flags: [0x00]
		Token Bucket Rate: 0 Mbps
		Token Bucket Size: 0 bytes
		Peak Data Rate: 0 Mbps
		Minimum Policed Unit: 20 bytes
		Maximum Packet Size: 65535 bytes
	    0x0000:  0000 0007 0100 0006 7f00 0005 0000 0000
	    0x0010:  0000 0000 0000 0000 0000 0014 0000 ffff
	  Adspec Object (13) Flags: [reject if unknown], Class-Type: IntServ (2), length: 48
	    Msg-Version: 0, length: 40
	    Service Type: Default/Global Information (1), break bit not set, Service length: 32
	      Parameter ID: IS hop cnt (4), length: 4, Flags: [0x00]
		IS hop count: 1
	      Parameter ID: Path b/w estimate (6), length: 4, Flags: [0x00]
		Path b/w estimate: 0 Mbps
	      Parameter ID: Minimum path latency (8), length: 4, Flags: [0x00]
		Minimum path latency: don't care
	      Parameter ID: Composed MTU (10), length: 4, Flags: [0x00]
		Composed MTU: 1500 bytes
	    Service Type: Controlled Load (5), break bit not set, Service length: 0
	    0x0000:  0000 000a 0100 0008 0400 0001 0000 0001
	    0x0010:  0600 0001 0000 0000 0800 0001 ffff ffff
	    0x0020:  0a00 0001 0000 05dc 0500 0000
	  RRO Object (21) Flags: [reject if unknown], Class-Type: IPv4 (1), length: 12
	    Subobject Type: IPv4 prefix, length 8, Strict, 198.18.1.1/32, Flags: [none]
	    0x0000:  0108 c612 0101 2000
2026-09-22 18:13:31.795197 ?     Out ifindex 11 36:59:02:b0:0d:9e ethertype IPv4 (0x0800), length 216: (tos 0x0, ttl 64, id 57178, offset 0, flags [none], proto RSVP (46), length 196, options (RA))
    198.18.1.1 > 198.18.2.1: 
	RSVPv1 Path Message (1), Flags: [none], length: 172, ttl: 64, checksum: 0x2032
	  Session Object (1) Flags: [reject if unknown], Class-Type: Tunnel IPv4 (7), length: 16
	    IPv4 Tunnel EndPoint: 198.18.2.1, Tunnel ID: 0xfde5, Extended Tunnel ID: 198.18.1.1
	    0x0000:  c612 0201 0000 fde5 c612 0101
	  RSVP Hop Object (3) Flags: [reject if unknown], Class-Type: IPv4 (1), length: 12
	    Previous/Next Interface: 10.13.0.1, Logical Interface Handle: 0x00000000
	    0x0000:  0a0d 0001 0000 0000
	  Time Values Object (5) Flags: [reject if unknown], Class-Type: 1 (1), length: 8
	    Refresh Period: 1000ms
	    0x0000:  0000 03e8
	  ERO Object (20) Flags: [reject if unknown], Class-Type: IPv4 (1), length: 12
	    Subobject Type: IPv4 prefix, length 8, Strict, 10.13.0.2/32, Flags: [none]
	    0x0000:  0108 0a0d 0002 2000
	  Label Request Object (19) Flags: [reject if unknown], Class-Type: without label range (1), length: 8
	    L3 Protocol ID: IPv4
	    0x0000:  0000 0800
	  Sender Template Object (11) Flags: [reject if unknown], Class-Type: Tunnel IPv4 (7), length: 12
	    IPv4 Tunnel Sender Address: 198.18.1.1, LSP-ID: 0x0001
	    0x0000:  c612 0101 0000 0001
	  Sender TSpec Object (12) Flags: [reject if unknown], Class-Type: IntServ (2), length: 36
	    Msg-Version: 0, length: 28
	    Service Type: Default/Global Information (1), break bit not set, Service length: 24
	      Parameter ID: Token Bucket TSpec (127), length: 20, Flags: [0x00]
		Token Bucket Rate: 0 Mbps
		Token Bucket Size: 0 bytes
		Peak Data Rate: 0 Mbps
		Minimum Policed Unit: 20 bytes
		Maximum Packet Size: 65535 bytes
	    0x0000:  0000 0007 0100 0006 7f00 0005 0000 0000
	    0x0010:  0000 0000 0000 0000 0000 0014 0000 ffff
	  Adspec Object (13) Flags: [reject if unknown], Class-Type: IntServ (2), length: 48
	    Msg-Version: 0, length: 40
	    Service Type: Default/Global Information (1), break bit not set, Service length: 32
	      Parameter ID: IS hop cnt (4), length: 4, Flags: [0x00]
		IS hop count: 1
	      Parameter ID: Path b/w estimate (6), length: 4, Flags: [0x00]
		Path b/w estimate: 0 Mbps
	      Parameter ID: Minimum path latency (8), length: 4, Flags: [0x00]
		Minimum path latency: don't care
	      Parameter ID: Composed MTU (10), length: 4, Flags: [0x00]
		Composed MTU: 1500 bytes
	    Service Type: Controlled Load (5), break bit not set, Service length: 0
	    0x0000:  0000 000a 0100 0008 0400 0001 0000 0001
	    0x0010:  0600 0001 0000 0000 0800 0001 ffff ffff
	    0x0020:  0a00 0001 0000 05dc 0500 0000
	  RRO Object (21) Flags: [reject if unknown], Class-Type: IPv4 (1), length: 12
	    Subobject Type: IPv4 prefix, length 8, Strict, 198.18.1.1/32, Flags: [none]
	    0x0000:  0108 c612 0101 2000
2026-09-22 18:13:31.795486 ?     In  ifindex 10 26:4e:a0:4e:a5:e8 ethertype IPv4 (0x0800), length 160: (tos 0x0, ttl 64, id 32816, offset 0, flags [DF], proto RSVP (46), length 140)
    10.12.0.2 > 10.12.0.1: 
	RSVPv1 Resv Message (2), Flags: [none], length: 120, ttl: 64, checksum: 0x9188
	  Session Object (1) Flags: [reject if unknown], Class-Type: Tunnel IPv4 (7), length: 16
	    IPv4 Tunnel EndPoint: 198.18.2.1, Tunnel ID: 0xf92c, Extended Tunnel ID: 198.18.1.1
	    0x0000:  c612 0201 0000 f92c c612 0101
	  RSVP Hop Object (3) Flags: [reject if unknown], Class-Type: IPv4 (1), length: 12
	    Previous/Next Interface: 10.12.0.2, Logical Interface Handle: 0x00000000
	    0x0000:  0a0c 0002 0000 0000
	  Time Values Object (5) Flags: [reject if unknown], Class-Type: 1 (1), length: 8
	    Refresh Period: 1000ms
	    0x0000:  0000 03e8
	  Style Object (8) Flags: [reject if unknown], Class-Type: 1 (1), length: 8
	    Reservation Style: Shared Explicit, Flags: [0x00]
	    0x0000:  0000 0012
	  Flowspec Object (9) Flags: [reject if unknown], Class-Type: IntServ (2), length: 36
	    Msg-Version: 0, length: 28
	    Service Type: Controlled Load (5), break bit not set, Service length: 24
	      Parameter ID: Token Bucket TSpec (127), length: 20, Flags: [0x00]
		Token Bucket Rate: 0 Mbps
		Token Bucket Size: 0 bytes
		Peak Data Rate: 0 Mbps
		Minimum Policed Unit: 20 bytes
		Maximum Packet Size: 1500 bytes
	    0x0000:  0000 0007 0500 0006 7f00 0005 0000 0000
	    0x0010:  0000 0000 0000 0000 0000 0014 0000 05dc
	  FilterSpec Object (10) Flags: [reject if unknown], Class-Type: Tunnel IPv4 (7), length: 12
	    Source Address: 198.18.1.1, LSP-ID: 0x0001
	    0x0000:  c612 0101 0000 0001
	  Label Object (16) Flags: [reject if unknown], Class-Type: Label (1), length: 8
	    Label: 1000
	    0x0000:  0000 03e8
	  RRO Object (21) Flags: [reject if unknown], Class-Type: IPv4 (1), length: 12
	    Subobject Type: IPv4 prefix, length 8, Strict, 198.18.2.1/32, Flags: [none]
	    0x0000:  0108 c612 0201 2000
2026-09-22 18:13:31.796021 ?     In  ifindex 11 86:b9:5b:6f:41:00 ethertype IPv4 (0x0800), length 160: (tos 0x0, ttl 64, id 24170, offset 0, flags [DF], proto RSVP (46), length 140)
    10.13.0.2 > 10.13.0.1: 
	RSVPv1 Resv Message (2), Flags: [none], length: 120, ttl: 64, checksum: 0x8ccd
	  Session Object (1) Flags: [reject if unknown], Class-Type: Tunnel IPv4 (7), length: 16
	    IPv4 Tunnel EndPoint: 198.18.2.1, Tunnel ID: 0xfde5, Extended Tunnel ID: 198.18.1.1
	    0x0000:  c612 0201 0000 fde5 c612 0101
	  RSVP Hop Object (3) Flags: [reject if unknown], Class-Type: IPv4 (1), length: 12
	    Previous/Next Interface: 10.13.0.2, Logical Interface Handle: 0x00000000
	    0x0000:  0a0d 0002 0000 0000
	  Time Values Object (5) Flags: [reject if unknown], Class-Type: 1 (1), length: 8
	    Refresh Period: 1000ms
	    0x0000:  0000 03e8
	  Style Object (8) Flags: [reject if unknown], Class-Type: 1 (1), length: 8
	    Reservation Style: Shared Explicit, Flags: [0x00]
	    0x0000:  0000 0012
	  Flowspec Object (9) Flags: [reject if unknown], Class-Type: IntServ (2), length: 36
	    Msg-Version: 0, length: 28
	    Service Type: Controlled Load (5), break bit not set, Service length: 24
	      Parameter ID: Token Bucket TSpec (127), length: 20, Flags: [0x00]
		Token Bucket Rate: 0 Mbps
		Token Bucket Size: 0 bytes
		Peak Data Rate: 0 Mbps
		Minimum Policed Unit: 20 bytes
		Maximum Packet Size: 1500 bytes
	    0x0000:  0000 0007 0500 0006 7f00 0005 0000 0000
	    0x0010:  0000 0000 0000 0000 0000 0014 0000 05dc
	  FilterSpec Object (10) Flags: [reject if unknown], Class-Type: Tunnel IPv4 (7), length: 12
	    Source Address: 198.18.1.1, LSP-ID: 0x0001
	    0x0000:  c612 0101 0000 0001
	  Label Object (16) Flags: [reject if unknown], Class-Type: Label (1), length: 8
	    Label: 1001
	    0x0000:  0000 03e9
	  RRO Object (21) Flags: [reject if unknown], Class-Type: IPv4 (1), length: 12
	    Subobject Type: IPv4 prefix, length 8, Strict, 198.18.2.1/32, Flags: [none]
	    0x0000:  0108 c612 0201 2000
2026-09-22 18:13:32.423982 ?     In  ifindex 10 26:4e:a0:4e:a5:e8 ethertype IPv4 (0x0800), length 160: (tos 0x0, ttl 64, id 33357, offset 0, flags [DF], proto RSVP (46), length 140)
    10.12.0.2 > 10.12.0.1: 
	RSVPv1 Resv Message (2), Flags: [none], length: 120, ttl: 64, checksum: 0x9188
	  Session Object (1) Flags: [reject if unknown], Class-Type: Tunnel IPv4 (7), length: 16
	    IPv4 Tunnel EndPoint: 198.18.2.1, Tunnel ID: 0xf92c, Extended Tunnel ID: 198.18.1.1
	    0x0000:  c612 0201 0000 f92c c612 0101
	  RSVP Hop Object (3) Flags: [reject if unknown], Class-Type: IPv4 (1), length: 12
	    Previous/Next Interface: 10.12.0.2, Logical Interface Handle: 0x00000000
	    0x0000:  0a0c 0002 0000 0000
	  Time Values Object (5) Flags: [reject if unknown], Class-Type: 1 (1), length: 8
	    Refresh Period: 1000ms
	    0x0000:  0000 03e8
	  Style Object (8) Flags: [reject if unknown], Class-Type: 1 (1), length: 8
	    Reservation Style: Shared Explicit, Flags: [0x00]
	    0x0000:  0000 0012
	  Flowspec Object (9) Flags: [reject if unknown], Class-Type: IntServ (2), length: 36
	    Msg-Version: 0, length: 28
	    Service Type: Controlled Load (5), break bit not set, Service length: 24
	      Parameter ID: Token Bucket TSpec (127), length: 20, Flags: [0x00]
		Token Bucket Rate: 0 Mbps
		Token Bucket Size: 0 bytes
		Peak Data Rate: 0 Mbps
		Minimum Policed Unit: 20 bytes
		Maximum Packet Size: 1500 bytes
	    0x0000:  0000 0007 0500 0006 7f00 0005 0000 0000
	    0x0010:  0000 0000 0000 0000 0000 0014 0000 05dc
	  FilterSpec Object (10) Flags: [reject if unknown], Class-Type: Tunnel IPv4 (7), length: 12
	    Source Address: 198.18.1.1, LSP-ID: 0x0001
	    0x0000:  c612 0101 0000 0001
	  Label Object (16) Flags: [reject if unknown], Class-Type: Label (1), length: 8
	    Label: 1000
	    0x0000:  0000 03e8
	  RRO Object (21) Flags: [reject if unknown], Class-Type: IPv4 (1), length: 12
	    Subobject Type: IPv4 prefix, length 8, Strict, 198.18.2.1/32, Flags: [none]
	    0x0000:  0108 c612 0201 2000
2026-09-22 18:13:32.424102 ?     In  ifindex 11 86:b9:5b:6f:41:00 ethertype IPv4 (0x0800), length 160: (tos 0x0, ttl 64, id 24371, offset 0, flags [DF], proto RSVP (46), length 140)
    10.13.0.2 > 10.13.0.1: 
	RSVPv1 Resv Message (2), Flags: [none], length: 120, ttl: 64, checksum: 0x8ccd
	  Session Object (1) Flags: [reject if unknown], Class-Type: Tunnel IPv4 (7), length: 16
	    IPv4 Tunnel EndPoint: 198.18.2.1, Tunnel ID: 0xfde5, Extended Tunnel ID: 198.18.1.1
	    0x0000:  c612 0201 0000 fde5 c612 0101
	  RSVP Hop Object (3) Flags: [reject if unknown], Class-Type: IPv4 (1), length: 12
	    Previous/Next Interface: 10.13.0.2, Logical Interface Handle: 0x00000000
	    0x0000:  0a0d 0002 0000 0000
	  Time Values Object (5) Flags: [reject if unknown], Class-Type: 1 (1), length: 8
	    Refresh Period: 1000ms
	    0x0000:  0000 03e8
	  Style Object (8) Flags: [reject if unknown], Class-Type: 1 (1), length: 8
	    Reservation Style: Shared Explicit, Flags: [0x00]
	    0x0000:  0000 0012
	  Flowspec Object (9) Flags: [reject if unknown], Class-Type: IntServ (2), length: 36
	    Msg-Version: 0, length: 28
	    Service Type: Controlled Load (5), break bit not set, Service length: 24
	      Parameter ID: Token Bucket TSpec (127), length: 20, Flags: [0x00]
		Token Bucket Rate: 0 Mbps
		Token Bucket Size: 0 bytes
		Peak Data Rate: 0 Mbps
		Minimum Policed Unit: 20 bytes
		Maximum Packet Size: 1500 bytes
	    0x0000:  0000 0007 0500 0006 7f00 0005 0000 0000
	    0x0010:  0000 0000 0000 0000 0000 0014 0000 05dc
	  FilterSpec Object (10) Flags: [reject if unknown], Class-Type: Tunnel IPv4 (7), length: 12
	    Source Address: 198.18.1.1, LSP-ID: 0x0001
	    0x0000:  c612 0101 0000 0001
	  Label Object (16) Flags: [reject if unknown], Class-Type: Label (1), length: 8
	    Label: 1001
	    0x0000:  0000 03e9
	  RRO Object (21) Flags: [reject if unknown], Class-Type: IPv4 (1), length: 12
	    Subobject Type: IPv4 prefix, length 8, Strict, 198.18.2.1/32, Flags: [none]
	    0x0000:  0108 c612 0201 2000
2026-09-22 18:13:32.794529 ?     Out ifindex 10 3e:af:b2:df:f7:9c ethertype IPv4 (0x0800), length 216: (tos 0x0, ttl 64, id 57435, offset 0, flags [none], proto RSVP (46), length 196, options (RA))
    198.18.1.1 > 198.18.2.1: 
	RSVPv1 Path Message (1), Flags: [none], length: 172, ttl: 64, checksum: 0x24ed
	  Session Object (1) Flags: [reject if unknown], Class-Type: Tunnel IPv4 (7), length: 16
	    IPv4 Tunnel EndPoint: 198.18.2.1, Tunnel ID: 0xf92c, Extended Tunnel ID: 198.18.1.1
	    0x0000:  c612 0201 0000 f92c c612 0101
	  RSVP Hop Object (3) Flags: [reject if unknown], Class-Type: IPv4 (1), length: 12
	    Previous/Next Interface: 10.12.0.1, Logical Interface Handle: 0x00000000
	    0x0000:  0a0c 0001 0000 0000
	  Time Values Object (5) Flags: [reject if unknown], Class-Type: 1 (1), length: 8
	    Refresh Period: 1000ms
	    0x0000:  0000 03e8
	  ERO Object (20) Flags: [reject if unknown], Class-Type: IPv4 (1), length: 12
	    Subobject Type: IPv4 prefix, length 8, Strict, 10.12.0.2/32, Flags: [none]
	    0x0000:  0108 0a0c 0002 2000
	  Label Request Object (19) Flags: [reject if unknown], Class-Type: without label range (1), length: 8
	    L3 Protocol ID: IPv4
	    0x0000:  0000 0800
	  Sender Template Object (11) Flags: [reject if unknown], Class-Type: Tunnel IPv4 (7), length: 12
	    IPv4 Tunnel Sender Address: 198.18.1.1, LSP-ID: 0x0001
	    0x0000:  c612 0101 0000 0001
	  Sender TSpec Object (12) Flags: [reject if unknown], Class-Type: IntServ (2), length: 36
	    Msg-Version: 0, length: 28
	    Service Type: Default/Global Information (1), break bit not set, Service length: 24
	      Parameter ID: Token Bucket TSpec (127), length: 20, Flags: [0x00]
		Token Bucket Rate: 0 Mbps
		Token Bucket Size: 0 bytes
		Peak Data Rate: 0 Mbps
		Minimum Policed Unit: 20 bytes
		Maximum Packet Size: 65535 bytes
	    0x0000:  0000 0007 0100 0006 7f00 0005 0000 0000
	    0x0010:  0000 0000 0000 0000 0000 0014 0000 ffff
	  Adspec Object (13) Flags: [reject if unknown], Class-Type: IntServ (2), length: 48
	    Msg-Version: 0, length: 40
	    Service Type: Default/Global Information (1), break bit not set, Service length: 32
	      Parameter ID: IS hop cnt (4), length: 4, Flags: [0x00]
		IS hop count: 1
	      Parameter ID: Path b/w estimate (6), length: 4, Flags: [0x00]
		Path b/w estimate: 0 Mbps
	      Parameter ID: Minimum path latency (8), length: 4, Flags: [0x00]
		Minimum path latency: don't care
	      Parameter ID: Composed MTU (10), length: 4, Flags: [0x00]
		Composed MTU: 1500 bytes
	    Service Type: Controlled Load (5), break bit not set, Service length: 0
	    0x0000:  0000 000a 0100 0008 0400 0001 0000 0001
	    0x0010:  0600 0001 0000 0000 0800 0001 ffff ffff
	    0x0020:  0a00 0001 0000 05dc 0500 0000
	  RRO Object (21) Flags: [reject if unknown], Class-Type: IPv4 (1), length: 12
	    Subobject Type: IPv4 prefix, length 8, Strict, 198.18.1.1/32, Flags: [none]
	    0x0000:  0108 c612 0101 2000
2026-09-22 18:13:32.795266 ?     Out ifindex 11 36:59:02:b0:0d:9e ethertype IPv4 (0x0800), length 216: (tos 0x0, ttl 64, id 57436, offset 0, flags [none], proto RSVP (46), length 196, options (RA))
    198.18.1.1 > 198.18.2.1: 
	RSVPv1 Path Message (1), Flags: [none], length: 172, ttl: 64, checksum: 0x2032
	  Session Object (1) Flags: [reject if unknown], Class-Type: Tunnel IPv4 (7), length: 16
	    IPv4 Tunnel EndPoint: 198.18.2.1, Tunnel ID: 0xfde5, Extended Tunnel ID: 198.18.1.1
	    0x0000:  c612 0201 0000 fde5 c612 0101
	  RSVP Hop Object (3) Flags: [reject if unknown], Class-Type: IPv4 (1), length: 12
	    Previous/Next Interface: 10.13.0.1, Logical Interface Handle: 0x00000000
	    0x0000:  0a0d 0001 0000 0000
	  Time Values Object (5) Flags: [reject if unknown], Class-Type: 1 (1), length: 8
	    Refresh Period: 1000ms
	    0x0000:  0000 03e8
	  ERO Object (20) Flags: [reject if unknown], Class-Type: IPv4 (1), length: 12
	    Subobject Type: IPv4 prefix, length 8, Strict, 10.13.0.2/32, Flags: [none]
	    0x0000:  0108 0a0d 0002 2000
	  Label Request Object (19) Flags: [reject if unknown], Class-Type: without label range (1), length: 8
	    L3 Protocol ID: IPv4
	    0x0000:  0000 0800
	  Sender Template Object (11) Flags: [reject if unknown], Class-Type: Tunnel IPv4 (7), length: 12
	    IPv4 Tunnel Sender Address: 198.18.1.1, LSP-ID: 0x0001
	    0x0000:  c612 0101 0000 0001
	  Sender TSpec Object (12) Flags: [reject if unknown], Class-Type: IntServ (2), length: 36
	    Msg-Version: 0, length: 28
	    Service Type: Default/Global Information (1), break bit not set, Service length: 24
	      Parameter ID: Token Bucket TSpec (127), length: 20, Flags: [0x00]
		Token Bucket Rate: 0 Mbps
		Token Bucket Size: 0 bytes
		Peak Data Rate: 0 Mbps
		Minimum Policed Unit: 20 bytes
		Maximum Packet Size: 65535 bytes
	    0x0000:  0000 0007 0100 0006 7f00 0005 0000 0000
	    0x0010:  0000 0000 0000 0000 0000 0014 0000 ffff
	  Adspec Object (13) Flags: [reject if unknown], Class-Type: IntServ (2), length: 48
	    Msg-Version: 0, length: 40
	    Service Type: Default/Global Information (1), break bit not set, Service length: 32
	      Parameter ID: IS hop cnt (4), length: 4, Flags: [0x00]
		IS hop count: 1
	      Parameter ID: Path b/w estimate (6), length: 4, Flags: [0x00]
		Path b/w estimate: 0 Mbps
	      Parameter ID: Minimum path latency (8), length: 4, Flags: [0x00]
		Minimum path latency: don't care
	      Parameter ID: Composed MTU (10), length: 4, Flags: [0x00]
		Composed MTU: 1500 bytes
	    Service Type: Controlled Load (5), break bit not set, Service length: 0
	    0x0000:  0000 000a 0100 0008 0400 0001 0000 0001
	    0x0010:  0600 0001 0000 0000 0800 0001 ffff ffff
	    0x0020:  0a00 0001 0000 05dc 0500 0000
	  RRO Object (21) Flags: [reject if unknown], Class-Type: IPv4 (1), length: 12
	    Subobject Type: IPv4 prefix, length 8, Strict, 198.18.1.1/32, Flags: [none]
	    0x0000:  0108 c612 0101 2000
2026-09-22 18:13:32.795403 ?     In  ifindex 10 26:4e:a0:4e:a5:e8 ethertype IPv4 (0x0800), length 160: (tos 0x0, ttl 64, id 33457, offset 0, flags [DF], proto RSVP (46), length 140)
    10.12.0.2 > 10.12.0.1: 
	RSVPv1 Resv Message (2), Flags: [none], length: 120, ttl: 64, checksum: 0x9188
	  Session Object (1) Flags: [reject if unknown], Class-Type: Tunnel IPv4 (7), length: 16
	    IPv4 Tunnel EndPoint: 198.18.2.1, Tunnel ID: 0xf92c, Extended Tunnel ID: 198.18.1.1
	    0x0000:  c612 0201 0000 f92c c612 0101
	  RSVP Hop Object (3) Flags: [reject if unknown], Class-Type: IPv4 (1), length: 12
	    Previous/Next Interface: 10.12.0.2, Logical Interface Handle: 0x00000000
	    0x0000:  0a0c 0002 0000 0000
	  Time Values Object (5) Flags: [reject if unknown], Class-Type: 1 (1), length: 8
	    Refresh Period: 1000ms
	    0x0000:  0000 03e8
	  Style Object (8) Flags: [reject if unknown], Class-Type: 1 (1), length: 8
	    Reservation Style: Shared Explicit, Flags: [0x00]
	    0x0000:  0000 0012
	  Flowspec Object (9) Flags: [reject if unknown], Class-Type: IntServ (2), length: 36
	    Msg-Version: 0, length: 28
	    Service Type: Controlled Load (5), break bit not set, Service length: 24
	      Parameter ID: Token Bucket TSpec (127), length: 20, Flags: [0x00]
		Token Bucket Rate: 0 Mbps
		Token Bucket Size: 0 bytes
		Peak Data Rate: 0 Mbps
		Minimum Policed Unit: 20 bytes
		Maximum Packet Size: 1500 bytes
	    0x0000:  0000 0007 0500 0006 7f00 0005 0000 0000
	    0x0010:  0000 0000 0000 0000 0000 0014 0000 05dc
	  FilterSpec Object (10) Flags: [reject if unknown], Class-Type: Tunnel IPv4 (7), length: 12
	    Source Address: 198.18.1.1, LSP-ID: 0x0001
	    0x0000:  c612 0101 0000 0001
	  Label Object (16) Flags: [reject if unknown], Class-Type: Label (1), length: 8
	    Label: 1000
	    0x0000:  0000 03e8
	  RRO Object (21) Flags: [reject if unknown], Class-Type: IPv4 (1), length: 12
	    Subobject Type: IPv4 prefix, length 8, Strict, 198.18.2.1/32, Flags: [none]
	    0x0000:  0108 c612 0201 2000
2026-09-22 18:13:32.795956 ?     In  ifindex 11 86:b9:5b:6f:41:00 ethertype IPv4 (0x0800), length 160: (tos 0x0, ttl 64, id 24580, offset 0, flags [DF], proto RSVP (46), length 140)
    10.13.0.2 > 10.13.0.1: 
	RSVPv1 Resv Message (2), Flags: [none], length: 120, ttl: 64, checksum: 0x8ccd
	  Session Object (1) Flags: [reject if unknown], Class-Type: Tunnel IPv4 (7), length: 16
	    IPv4 Tunnel EndPoint: 198.18.2.1, Tunnel ID: 0xfde5, Extended Tunnel ID: 198.18.1.1
	    0x0000:  c612 0201 0000 fde5 c612 0101
	  RSVP Hop Object (3) Flags: [reject if unknown], Class-Type: IPv4 (1), length: 12
	    Previous/Next Interface: 10.13.0.2, Logical Interface Handle: 0x00000000
	    0x0000:  0a0d 0002 0000 0000
	  Time Values Object (5) Flags: [reject if unknown], Class-Type: 1 (1), length: 8
	    Refresh Period: 1000ms
	    0x0000:  0000 03e8
	  Style Object (8) Flags: [reject if unknown], Class-Type: 1 (1), length: 8
	    Reservation Style: Shared Explicit, Flags: [0x00]
	    0x0000:  0000 0012
	  Flowspec Object (9) Flags: [reject if unknown], Class-Type: IntServ (2), length: 36
	    Msg-Version: 0, length: 28
	    Service Type: Controlled Load (5), break bit not set, Service length: 24
	      Parameter ID: Token Bucket TSpec (127), length: 20, Flags: [0x00]
		Token Bucket Rate: 0 Mbps
		Token Bucket Size: 0 bytes
		Peak Data Rate: 0 Mbps
		Minimum Policed Unit: 20 bytes
		Maximum Packet Size: 1500 bytes
	    0x0000:  0000 0007 0500 0006 7f00 0005 0000 0000
	    0x0010:  0000 0000 0000 0000 0000 0014 0000 05dc
	  FilterSpec Object (10) Flags: [reject if unknown], Class-Type: Tunnel IPv4 (7), length: 12
	    Source Address: 198.18.1.1, LSP-ID: 0x0001
	    0x0000:  c612 0101 0000 0001
	  Label Object (16) Flags: [reject if unknown], Class-Type: Label (1), length: 8
	    Label: 1001
	    0x0000:  0000 03e9
	  RRO Object (21) Flags: [reject if unknown], Class-Type: IPv4 (1), length: 12
	    Subobject Type: IPv4 prefix, length 8, Strict, 198.18.2.1/32, Flags: [none]
	    0x0000:  0108 c612 0201 2000
2026-09-22 18:13:33.424377 ?     In  ifindex 10 26:4e:a0:4e:a5:e8 ethertype IPv4 (0x0800), length 160: (tos 0x0, ttl 64, id 33776, offset 0, flags [DF], proto RSVP (46), length 140)
    10.12.0.2 > 10.12.0.1: 
	RSVPv1 Resv Message (2), Flags: [none], length: 120, ttl: 64, checksum: 0x9188
	  Session Object (1) Flags: [reject if unknown], Class-Type: Tunnel IPv4 (7), length: 16
	    IPv4 Tunnel EndPoint: 198.18.2.1, Tunnel ID: 0xf92c, Extended Tunnel ID: 198.18.1.1
	    0x0000:  c612 0201 0000 f92c c612 0101
	  RSVP Hop Object (3) Flags: [reject if unknown], Class-Type: IPv4 (1), length: 12
	    Previous/Next Interface: 10.12.0.2, Logical Interface Handle: 0x00000000
	    0x0000:  0a0c 0002 0000 0000
	  Time Values Object (5) Flags: [reject if unknown], Class-Type: 1 (1), length: 8
	    Refresh Period: 1000ms
	    0x0000:  0000 03e8
	  Style Object (8) Flags: [reject if unknown], Class-Type: 1 (1), length: 8
	    Reservation Style: Shared Explicit, Flags: [0x00]
	    0x0000:  0000 0012
	  Flowspec Object (9) Flags: [reject if unknown], Class-Type: IntServ (2), length: 36
	    Msg-Version: 0, length: 28
	    Service Type: Controlled Load (5), break bit not set, Service length: 24
	      Parameter ID: Token Bucket TSpec (127), length: 20, Flags: [0x00]
		Token Bucket Rate: 0 Mbps
		Token Bucket Size: 0 bytes
		Peak Data Rate: 0 Mbps
		Minimum Policed Unit: 20 bytes
		Maximum Packet Size: 1500 bytes
	    0x0000:  0000 0007 0500 0006 7f00 0005 0000 0000
	    0x0010:  0000 0000 0000 0000 0000 0014 0000 05dc
	  FilterSpec Object (10) Flags: [reject if unknown], Class-Type: Tunnel IPv4 (7), length: 12
	    Source Address: 198.18.1.1, LSP-ID: 0x0001
	    0x0000:  c612 0101 0000 0001
	  Label Object (16) Flags: [reject if unknown], Class-Type: Label (1), length: 8
	    Label: 1000
	    0x0000:  0000 03e8
	  RRO Object (21) Flags: [reject if unknown], Class-Type: IPv4 (1), length: 12
	    Subobject Type: IPv4 prefix, length 8, Strict, 198.18.2.1/32, Flags: [none]
	    0x0000:  0108 c612 0201 2000
2026-09-22 18:13:33.424499 ?     In  ifindex 11 86:b9:5b:6f:41:00 ethertype IPv4 (0x0800), length 160: (tos 0x0, ttl 64, id 24833, offset 0, flags [DF], proto RSVP (46), length 140)
    10.13.0.2 > 10.13.0.1: 
	RSVPv1 Resv Message (2), Flags: [none], length: 120, ttl: 64, checksum: 0x8ccd
	  Session Object (1) Flags: [reject if unknown], Class-Type: Tunnel IPv4 (7), length: 16
	    IPv4 Tunnel EndPoint: 198.18.2.1, Tunnel ID: 0xfde5, Extended Tunnel ID: 198.18.1.1
	    0x0000:  c612 0201 0000 fde5 c612 0101
	  RSVP Hop Object (3) Flags: [reject if unknown], Class-Type: IPv4 (1), length: 12
	    Previous/Next Interface: 10.13.0.2, Logical Interface Handle: 0x00000000
	    0x0000:  0a0d 0002 0000 0000
	  Time Values Object (5) Flags: [reject if unknown], Class-Type: 1 (1), length: 8
	    Refresh Period: 1000ms
	    0x0000:  0000 03e8
	  Style Object (8) Flags: [reject if unknown], Class-Type: 1 (1), length: 8
	    Reservation Style: Shared Explicit, Flags: [0x00]
	    0x0000:  0000 0012
	  Flowspec Object (9) Flags: [reject if unknown], Class-Type: IntServ (2), length: 36
	    Msg-Version: 0, length: 28
	    Service Type: Controlled Load (5), break bit not set, Service length: 24
	      Parameter ID: Token Bucket TSpec (127), length: 20, Flags: [0x00]
		Token Bucket Rate: 0 Mbps
		Token Bucket Size: 0 bytes
		Peak Data Rate: 0 Mbps
		Minimum Policed Unit: 20 bytes
		Maximum Packet Size: 1500 bytes
	    0x0000:  0000 0007 0500 0006 7f00 0005 0000 0000
	    0x0010:  0000 0000 0000 0000 0000 0014 0000 05dc
	  FilterSpec Object (10) Flags: [reject if unknown], Class-Type: Tunnel IPv4 (7), length: 12
	    Source Address: 198.18.1.1, LSP-ID: 0x0001
	    0x0000:  c612 0101 0000 0001
	  Label Object (16) Flags: [reject if unknown], Class-Type: Label (1), length: 8
	    Label: 1001
	    0x0000:  0000 03e9
	  RRO Object (21) Flags: [reject if unknown], Class-Type: IPv4 (1), length: 12
	    Subobject Type: IPv4 prefix, length 8, Strict, 198.18.2.1/32, Flags: [none]
	    0x0000:  0108 c612 0201 2000
2026-09-22 18:13:33.794607 ?     Out ifindex 10 3e:af:b2:df:f7:9c ethertype IPv4 (0x0800), length 216: (tos 0x0, ttl 64, id 58067, offset 0, flags [none], proto RSVP (46), length 196, options (RA))
    198.18.1.1 > 198.18.2.1: 
	RSVPv1 Path Message (1), Flags: [none], length: 172, ttl: 64, checksum: 0x24ed
	  Session Object (1) Flags: [reject if unknown], Class-Type: Tunnel IPv4 (7), length: 16
	    IPv4 Tunnel EndPoint: 198.18.2.1, Tunnel ID: 0xf92c, Extended Tunnel ID: 198.18.1.1
	    0x0000:  c612 0201 0000 f92c c612 0101
	  RSVP Hop Object (3) Flags: [reject if unknown], Class-Type: IPv4 (1), length: 12
	    Previous/Next Interface: 10.12.0.1, Logical Interface Handle: 0x00000000
	    0x0000:  0a0c 0001 0000 0000
	  Time Values Object (5) Flags: [reject if unknown], Class-Type: 1 (1), length: 8
	    Refresh Period: 1000ms
	    0x0000:  0000 03e8
	  ERO Object (20) Flags: [reject if unknown], Class-Type: IPv4 (1), length: 12
	    Subobject Type: IPv4 prefix, length 8, Strict, 10.12.0.2/32, Flags: [none]
	    0x0000:  0108 0a0c 0002 2000
	  Label Request Object (19) Flags: [reject if unknown], Class-Type: without label range (1), length: 8
	    L3 Protocol ID: IPv4
	    0x0000:  0000 0800
	  Sender Template Object (11) Flags: [reject if unknown], Class-Type: Tunnel IPv4 (7), length: 12
	    IPv4 Tunnel Sender Address: 198.18.1.1, LSP-ID: 0x0001
	    0x0000:  c612 0101 0000 0001
	  Sender TSpec Object (12) Flags: [reject if unknown], Class-Type: IntServ (2), length: 36
	    Msg-Version: 0, length: 28
	    Service Type: Default/Global Information (1), break bit not set, Service length: 24
	      Parameter ID: Token Bucket TSpec (127), length: 20, Flags: [0x00]
		Token Bucket Rate: 0 Mbps
		Token Bucket Size: 0 bytes
		Peak Data Rate: 0 Mbps
		Minimum Policed Unit: 20 bytes
		Maximum Packet Size: 65535 bytes
	    0x0000:  0000 0007 0100 0006 7f00 0005 0000 0000
	    0x0010:  0000 0000 0000 0000 0000 0014 0000 ffff
	  Adspec Object (13) Flags: [reject if unknown], Class-Type: IntServ (2), length: 48
	    Msg-Version: 0, length: 40
	    Service Type: Default/Global Information (1), break bit not set, Service length: 32
	      Parameter ID: IS hop cnt (4), length: 4, Flags: [0x00]
		IS hop count: 1
	      Parameter ID: Path b/w estimate (6), length: 4, Flags: [0x00]
		Path b/w estimate: 0 Mbps
	      Parameter ID: Minimum path latency (8), length: 4, Flags: [0x00]
		Minimum path latency: don't care
	      Parameter ID: Composed MTU (10), length: 4, Flags: [0x00]
		Composed MTU: 1500 bytes
	    Service Type: Controlled Load (5), break bit not set, Service length: 0
	    0x0000:  0000 000a 0100 0008 0400 0001 0000 0001
	    0x0010:  0600 0001 0000 0000 0800 0001 ffff ffff
	    0x0020:  0a00 0001 0000 05dc 0500 0000
	  RRO Object (21) Flags: [reject if unknown], Class-Type: IPv4 (1), length: 12
	    Subobject Type: IPv4 prefix, length 8, Strict, 198.18.1.1/32, Flags: [none]
	    0x0000:  0108 c612 0101 2000
2026-09-22 18:13:33.795283 ?     Out ifindex 11 36:59:02:b0:0d:9e ethertype IPv4 (0x0800), length 216: (tos 0x0, ttl 64, id 58068, offset 0, flags [none], proto RSVP (46), length 196, options (RA))
    198.18.1.1 > 198.18.2.1: 
	RSVPv1 Path Message (1), Flags: [none], length: 172, ttl: 64, checksum: 0x2032
	  Session Object (1) Flags: [reject if unknown], Class-Type: Tunnel IPv4 (7), length: 16
	    IPv4 Tunnel EndPoint: 198.18.2.1, Tunnel ID: 0xfde5, Extended Tunnel ID: 198.18.1.1
	    0x0000:  c612 0201 0000 fde5 c612 0101
	  RSVP Hop Object (3) Flags: [reject if unknown], Class-Type: IPv4 (1), length: 12
	    Previous/Next Interface: 10.13.0.1, Logical Interface Handle: 0x00000000
	    0x0000:  0a0d 0001 0000 0000
	  Time Values Object (5) Flags: [reject if unknown], Class-Type: 1 (1), length: 8
	    Refresh Period: 1000ms
	    0x0000:  0000 03e8
	  ERO Object (20) Flags: [reject if unknown], Class-Type: IPv4 (1), length: 12
	    Subobject Type: IPv4 prefix, length 8, Strict, 10.13.0.2/32, Flags: [none]
	    0x0000:  0108 0a0d 0002 2000
	  Label Request Object (19) Flags: [reject if unknown], Class-Type: without label range (1), length: 8
	    L3 Protocol ID: IPv4
	    0x0000:  0000 0800
	  Sender Template Object (11) Flags: [reject if unknown], Class-Type: Tunnel IPv4 (7), length: 12
	    IPv4 Tunnel Sender Address: 198.18.1.1, LSP-ID: 0x0001
	    0x0000:  c612 0101 0000 0001
	  Sender TSpec Object (12) Flags: [reject if unknown], Class-Type: IntServ (2), length: 36
	    Msg-Version: 0, length: 28
	    Service Type: Default/Global Information (1), break bit not set, Service length: 24
	      Parameter ID: Token Bucket TSpec (127), length: 20, Flags: [0x00]
		Token Bucket Rate: 0 Mbps
		Token Bucket Size: 0 bytes
		Peak Data Rate: 0 Mbps
		Minimum Policed Unit: 20 bytes
		Maximum Packet Size: 65535 bytes
	    0x0000:  0000 0007 0100 0006 7f00 0005 0000 0000
	    0x0010:  0000 0000 0000 0000 0000 0014 0000 ffff
	  Adspec Object (13) Flags: [reject if unknown], Class-Type: IntServ (2), length: 48
	    Msg-Version: 0, length: 40
	    Service Type: Default/Global Information (1), break bit not set, Service length: 32
	      Parameter ID: IS hop cnt (4), length: 4, Flags: [0x00]
		IS hop count: 1
	      Parameter ID: Path b/w estimate (6), length: 4, Flags: [0x00]
		Path b/w estimate: 0 Mbps
	      Parameter ID: Minimum path latency (8), length: 4, Flags: [0x00]
		Minimum path latency: don't care
	      Parameter ID: Composed MTU (10), length: 4, Flags: [0x00]
		Composed MTU: 1500 bytes
	    Service Type: Controlled Load (5), break bit not set, Service length: 0
	    0x0000:  0000 000a 0100 0008 0400 0001 0000 0001
	    0x0010:  0600 0001 0000 0000 0800 0001 ffff ffff
	    0x0020:  0a00 0001 0000 05dc 0500 0000
	  RRO Object (21) Flags: [reject if unknown], Class-Type: IPv4 (1), length: 12
	    Subobject Type: IPv4 prefix, length 8, Strict, 198.18.1.1/32, Flags: [none]
	    0x0000:  0108 c612 0101 2000
2026-09-22 18:13:33.795631 ?     In  ifindex 10 26:4e:a0:4e:a5:e8 ethertype IPv4 (0x0800), length 160: (tos 0x0, ttl 64, id 34118, offset 0, flags [DF], proto RSVP (46), length 140)
    10.12.0.2 > 10.12.0.1: 
	RSVPv1 Resv Message (2), Flags: [none], length: 120, ttl: 64, checksum: 0x9188
	  Session Object (1) Flags: [reject if unknown], Class-Type: Tunnel IPv4 (7), length: 16
	    IPv4 Tunnel EndPoint: 198.18.2.1, Tunnel ID: 0xf92c, Extended Tunnel ID: 198.18.1.1
	    0x0000:  c612 0201 0000 f92c c612 0101
	  RSVP Hop Object (3) Flags: [reject if unknown], Class-Type: IPv4 (1), length: 12
	    Previous/Next Interface: 10.12.0.2, Logical Interface Handle: 0x00000000
	    0x0000:  0a0c 0002 0000 0000
	  Time Values Object (5) Flags: [reject if unknown], Class-Type: 1 (1), length: 8
	    Refresh Period: 1000ms
	    0x0000:  0000 03e8
	  Style Object (8) Flags: [reject if unknown], Class-Type: 1 (1), length: 8
	    Reservation Style: Shared Explicit, Flags: [0x00]
	    0x0000:  0000 0012
	  Flowspec Object (9) Flags: [reject if unknown], Class-Type: IntServ (2), length: 36
	    Msg-Version: 0, length: 28
	    Service Type: Controlled Load (5), break bit not set, Service length: 24
	      Parameter ID: Token Bucket TSpec (127), length: 20, Flags: [0x00]
		Token Bucket Rate: 0 Mbps
		Token Bucket Size: 0 bytes
		Peak Data Rate: 0 Mbps
		Minimum Policed Unit: 20 bytes
		Maximum Packet Size: 1500 bytes
	    0x0000:  0000 0007 0500 0006 7f00 0005 0000 0000
	    0x0010:  0000 0000 0000 0000 0000 0014 0000 05dc
	  FilterSpec Object (10) Flags: [reject if unknown], Class-Type: Tunnel IPv4 (7), length: 12
	    Source Address: 198.18.1.1, LSP-ID: 0x0001
	    0x0000:  c612 0101 0000 0001
	  Label Object (16) Flags: [reject if unknown], Class-Type: Label (1), length: 8
	    Label: 1000
	    0x0000:  0000 03e8
	  RRO Object (21) Flags: [reject if unknown], Class-Type: IPv4 (1), length: 12
	    Subobject Type: IPv4 prefix, length 8, Strict, 198.18.2.1/32, Flags: [none]
	    0x0000:  0108 c612 0201 2000
2026-09-22 18:13:33.796129 ?     In  ifindex 11 86:b9:5b:6f:41:00 ethertype IPv4 (0x0800), length 160: (tos 0x0, ttl 64, id 25134, offset 0, flags [DF], proto RSVP (46), length 140)
    10.13.0.2 > 10.13.0.1: 
	RSVPv1 Resv Message (2), Flags: [none], length: 120, ttl: 64, checksum: 0x8ccd
	  Session Object (1) Flags: [reject if unknown], Class-Type: Tunnel IPv4 (7), length: 16
	    IPv4 Tunnel EndPoint: 198.18.2.1, Tunnel ID: 0xfde5, Extended Tunnel ID: 198.18.1.1
	    0x0000:  c612 0201 0000 fde5 c612 0101
	  RSVP Hop Object (3) Flags: [reject if unknown], Class-Type: IPv4 (1), length: 12
	    Previous/Next Interface: 10.13.0.2, Logical Interface Handle: 0x00000000
	    0x0000:  0a0d 0002 0000 0000
	  Time Values Object (5) Flags: [reject if unknown], Class-Type: 1 (1), length: 8
	    Refresh Period: 1000ms
	    0x0000:  0000 03e8
	  Style Object (8) Flags: [reject if unknown], Class-Type: 1 (1), length: 8
	    Reservation Style: Shared Explicit, Flags: [0x00]
	    0x0000:  0000 0012
	  Flowspec Object (9) Flags: [reject if unknown], Class-Type: IntServ (2), length: 36
	    Msg-Version: 0, length: 28
	    Service Type: Controlled Load (5), break bit not set, Service length: 24
	      Parameter ID: Token Bucket TSpec (127), length: 20, Flags: [0x00]
		Token Bucket Rate: 0 Mbps
		Token Bucket Size: 0 bytes
		Peak Data Rate: 0 Mbps
		Minimum Policed Unit: 20 bytes
		Maximum Packet Size: 1500 bytes
	    0x0000:  0000 0007 0500 0006 7f00 0005 0000 0000
	    0x0010:  0000 0000 0000 0000 0000 0014 0000 05dc
	  FilterSpec Object (10) Flags: [reject if unknown], Class-Type: Tunnel IPv4 (7), length: 12
	    Source Address: 198.18.1.1, LSP-ID: 0x0001
	    0x0000:  c612 0101 0000 0001
	  Label Object (16) Flags: [reject if unknown], Class-Type: Label (1), length: 8
	    Label: 1001
	    0x0000:  0000 03e9
	  RRO Object (21) Flags: [reject if unknown], Class-Type: IPv4 (1), length: 12
	    Subobject Type: IPv4 prefix, length 8, Strict, 198.18.2.1/32, Flags: [none]
	    0x0000:  0108 c612 0201 2000
2026-09-22 18:13:34.423985 ?     In  ifindex 10 26:4e:a0:4e:a5:e8 ethertype IPv4 (0x0800), length 160: (tos 0x0, ttl 64, id 34237, offset 0, flags [DF], proto RSVP (46), length 140)
    10.12.0.2 > 10.12.0.1: 
	RSVPv1 Resv Message (2), Flags: [none], length: 120, ttl: 64, checksum: 0x9188
	  Session Object (1) Flags: [reject if unknown], Class-Type: Tunnel IPv4 (7), length: 16
	    IPv4 Tunnel EndPoint: 198.18.2.1, Tunnel ID: 0xf92c, Extended Tunnel ID: 198.18.1.1
	    0x0000:  c612 0201 0000 f92c c612 0101
	  RSVP Hop Object (3) Flags: [reject if unknown], Class-Type: IPv4 (1), length: 12
	    Previous/Next Interface: 10.12.0.2, Logical Interface Handle: 0x00000000
	    0x0000:  0a0c 0002 0000 0000
	  Time Values Object (5) Flags: [reject if unknown], Class-Type: 1 (1), length: 8
	    Refresh Period: 1000ms
	    0x0000:  0000 03e8
	  Style Object (8) Flags: [reject if unknown], Class-Type: 1 (1), length: 8
	    Reservation Style: Shared Explicit, Flags: [0x00]
	    0x0000:  0000 0012
	  Flowspec Object (9) Flags: [reject if unknown], Class-Type: IntServ (2), length: 36
	    Msg-Version: 0, length: 28
	    Service Type: Controlled Load (5), break bit not set, Service length: 24
	      Parameter ID: Token Bucket TSpec (127), length: 20, Flags: [0x00]
		Token Bucket Rate: 0 Mbps
		Token Bucket Size: 0 bytes
		Peak Data Rate: 0 Mbps
		Minimum Policed Unit: 20 bytes
		Maximum Packet Size: 1500 bytes
	    0x0000:  0000 0007 0500 0006 7f00 0005 0000 0000
	    0x0010:  0000 0000 0000 0000 0000 0014 0000 05dc
	  FilterSpec Object (10) Flags: [reject if unknown], Class-Type: Tunnel IPv4 (7), length: 12
	    Source Address: 198.18.1.1, LSP-ID: 0x0001
	    0x0000:  c612 0101 0000 0001
	  Label Object (16) Flags: [reject if unknown], Class-Type: Label (1), length: 8
	    Label: 1000
	    0x0000:  0000 03e8
	  RRO Object (21) Flags: [reject if unknown], Class-Type: IPv4 (1), length: 12
	    Subobject Type: IPv4 prefix, length 8, Strict, 198.18.2.1/32, Flags: [none]
	    0x0000:  0108 c612 0201 2000
2026-09-22 18:13:34.424198 ?     In  ifindex 11 86:b9:5b:6f:41:00 ethertype IPv4 (0x0800), length 160: (tos 0x0, ttl 64, id 25323, offset 0, flags [DF], proto RSVP (46), length 140)
    10.13.0.2 > 10.13.0.1: 
	RSVPv1 Resv Message (2), Flags: [none], length: 120, ttl: 64, checksum: 0x8ccd
	  Session Object (1) Flags: [reject if unknown], Class-Type: Tunnel IPv4 (7), length: 16
	    IPv4 Tunnel EndPoint: 198.18.2.1, Tunnel ID: 0xfde5, Extended Tunnel ID: 198.18.1.1
	    0x0000:  c612 0201 0000 fde5 c612 0101
	  RSVP Hop Object (3) Flags: [reject if unknown], Class-Type: IPv4 (1), length: 12
	    Previous/Next Interface: 10.13.0.2, Logical Interface Handle: 0x00000000
	    0x0000:  0a0d 0002 0000 0000
	  Time Values Object (5) Flags: [reject if unknown], Class-Type: 1 (1), length: 8
	    Refresh Period: 1000ms
	    0x0000:  0000 03e8
	  Style Object (8) Flags: [reject if unknown], Class-Type: 1 (1), length: 8
	    Reservation Style: Shared Explicit, Flags: [0x00]
	    0x0000:  0000 0012
	  Flowspec Object (9) Flags: [reject if unknown], Class-Type: IntServ (2), length: 36
	    Msg-Version: 0, length: 28
	    Service Type: Controlled Load (5), break bit not set, Service length: 24
	      Parameter ID: Token Bucket TSpec (127), length: 20, Flags: [0x00]
		Token Bucket Rate: 0 Mbps
		Token Bucket Size: 0 bytes
		Peak Data Rate: 0 Mbps
		Minimum Policed Unit: 20 bytes
		Maximum Packet Size: 1500 bytes
	    0x0000:  0000 0007 0500 0006 7f00 0005 0000 0000
	    0x0010:  0000 0000 0000 0000 0000 0014 0000 05dc
	  FilterSpec Object (10) Flags: [reject if unknown], Class-Type: Tunnel IPv4 (7), length: 12
	    Source Address: 198.18.1.1, LSP-ID: 0x0001
	    0x0000:  c612 0101 0000 0001
	  Label Object (16) Flags: [reject if unknown], Class-Type: Label (1), length: 8
	    Label: 1001
	    0x0000:  0000 03e9
	  RRO Object (21) Flags: [reject if unknown], Class-Type: IPv4 (1), length: 12
	    Subobject Type: IPv4 prefix, length 8, Strict, 198.18.2.1/32, Flags: [none]
	    0x0000:  0108 c612 0201 2000
2026-09-22 18:13:34.794522 ?     Out ifindex 11 36:59:02:b0:0d:9e ethertype IPv4 (0x0800), length 216: (tos 0x0, ttl 64, id 58669, offset 0, flags [none], proto RSVP (46), length 196, options (RA))
    198.18.1.1 > 198.18.2.1: 
	RSVPv1 Path Message (1), Flags: [none], length: 172, ttl: 64, checksum: 0x2032
	  Session Object (1) Flags: [reject if unknown], Class-Type: Tunnel IPv4 (7), length: 16
	    IPv4 Tunnel EndPoint: 198.18.2.1, Tunnel ID: 0xfde5, Extended Tunnel ID: 198.18.1.1
	    0x0000:  c612 0201 0000 fde5 c612 0101
	  RSVP Hop Object (3) Flags: [reject if unknown], Class-Type: IPv4 (1), length: 12
	    Previous/Next Interface: 10.13.0.1, Logical Interface Handle: 0x00000000
	    0x0000:  0a0d 0001 0000 0000
	  Time Values Object (5) Flags: [reject if unknown], Class-Type: 1 (1), length: 8
	    Refresh Period: 1000ms
	    0x0000:  0000 03e8
	  ERO Object (20) Flags: [reject if unknown], Class-Type: IPv4 (1), length: 12
	    Subobject Type: IPv4 prefix, length 8, Strict, 10.13.0.2/32, Flags: [none]
	    0x0000:  0108 0a0d 0002 2000
	  Label Request Object (19) Flags: [reject if unknown], Class-Type: without label range (1), length: 8
	    L3 Protocol ID: IPv4
	    0x0000:  0000 0800
	  Sender Template Object (11) Flags: [reject if unknown], Class-Type: Tunnel IPv4 (7), length: 12
	    IPv4 Tunnel Sender Address: 198.18.1.1, LSP-ID: 0x0001
	    0x0000:  c612 0101 0000 0001
	  Sender TSpec Object (12) Flags: [reject if unknown], Class-Type: IntServ (2), length: 36
	    Msg-Version: 0, length: 28
	    Service Type: Default/Global Information (1), break bit not set, Service length: 24
	      Parameter ID: Token Bucket TSpec (127), length: 20, Flags: [0x00]
		Token Bucket Rate: 0 Mbps
		Token Bucket Size: 0 bytes
		Peak Data Rate: 0 Mbps
		Minimum Policed Unit: 20 bytes
		Maximum Packet Size: 65535 bytes
	    0x0000:  0000 0007 0100 0006 7f00 0005 0000 0000
	    0x0010:  0000 0000 0000 0000 0000 0014 0000 ffff
	  Adspec Object (13) Flags: [reject if unknown], Class-Type: IntServ (2), length: 48
	    Msg-Version: 0, length: 40
	    Service Type: Default/Global Information (1), break bit not set, Service length: 32
	      Parameter ID: IS hop cnt (4), length: 4, Flags: [0x00]
		IS hop count: 1
	      Parameter ID: Path b/w estimate (6), length: 4, Flags: [0x00]
		Path b/w estimate: 0 Mbps
	      Parameter ID: Minimum path latency (8), length: 4, Flags: [0x00]
		Minimum path latency: don't care
	      Parameter ID: Composed MTU (10), length: 4, Flags: [0x00]
		Composed MTU: 1500 bytes
	    Service Type: Controlled Load (5), break bit not set, Service length: 0
	    0x0000:  0000 000a 0100 0008 0400 0001 0000 0001
	    0x0010:  0600 0001 0000 0000 0800 0001 ffff ffff
	    0x0020:  0a00 0001 0000 05dc 0500 0000
	  RRO Object (21) Flags: [reject if unknown], Class-Type: IPv4 (1), length: 12
	    Subobject Type: IPv4 prefix, length 8, Strict, 198.18.1.1/32, Flags: [none]
	    0x0000:  0108 c612 0101 2000
2026-09-22 18:13:34.795116 ?     Out ifindex 10 3e:af:b2:df:f7:9c ethertype IPv4 (0x0800), length 216: (tos 0x0, ttl 64, id 58670, offset 0, flags [none], proto RSVP (46), length 196, options (RA))
    198.18.1.1 > 198.18.2.1: 
	RSVPv1 Path Message (1), Flags: [none], length: 172, ttl: 64, checksum: 0x24ed
	  Session Object (1) Flags: [reject if unknown], Class-Type: Tunnel IPv4 (7), length: 16
	    IPv4 Tunnel EndPoint: 198.18.2.1, Tunnel ID: 0xf92c, Extended Tunnel ID: 198.18.1.1
	    0x0000:  c612 0201 0000 f92c c612 0101
	  RSVP Hop Object (3) Flags: [reject if unknown], Class-Type: IPv4 (1), length: 12
	    Previous/Next Interface: 10.12.0.1, Logical Interface Handle: 0x00000000
	    0x0000:  0a0c 0001 0000 0000
	  Time Values Object (5) Flags: [reject if unknown], Class-Type: 1 (1), length: 8
	    Refresh Period: 1000ms
	    0x0000:  0000 03e8
	  ERO Object (20) Flags: [reject if unknown], Class-Type: IPv4 (1), length: 12
	    Subobject Type: IPv4 prefix, length 8, Strict, 10.12.0.2/32, Flags: [none]
	    0x0000:  0108 0a0c 0002 2000
	  Label Request Object (19) Flags: [reject if unknown], Class-Type: without label range (1), length: 8
	    L3 Protocol ID: IPv4
	    0x0000:  0000 0800
	  Sender Template Object (11) Flags: [reject if unknown], Class-Type: Tunnel IPv4 (7), length: 12
	    IPv4 Tunnel Sender Address: 198.18.1.1, LSP-ID: 0x0001
	    0x0000:  c612 0101 0000 0001
	  Sender TSpec Object (12) Flags: [reject if unknown], Class-Type: IntServ (2), length: 36
	    Msg-Version: 0, length: 28
	    Service Type: Default/Global Information (1), break bit not set, Service length: 24
	      Parameter ID: Token Bucket TSpec (127), length: 20, Flags: [0x00]
		Token Bucket Rate: 0 Mbps
		Token Bucket Size: 0 bytes
		Peak Data Rate: 0 Mbps
		Minimum Policed Unit: 20 bytes
		Maximum Packet Size: 65535 bytes
	    0x0000:  0000 0007 0100 0006 7f00 0005 0000 0000
	    0x0010:  0000 0000 0000 0000 0000 0014 0000 ffff
	  Adspec Object (13) Flags: [reject if unknown], Class-Type: IntServ (2), length: 48
	    Msg-Version: 0, length: 40
	    Service Type: Default/Global Information (1), break bit not set, Service length: 32
	      Parameter ID: IS hop cnt (4), length: 4, Flags: [0x00]
		IS hop count: 1
	      Parameter ID: Path b/w estimate (6), length: 4, Flags: [0x00]
		Path b/w estimate: 0 Mbps
	      Parameter ID: Minimum path latency (8), length: 4, Flags: [0x00]
		Minimum path latency: don't care
	      Parameter ID: Composed MTU (10), length: 4, Flags: [0x00]
		Composed MTU: 1500 bytes
	    Service Type: Controlled Load (5), break bit not set, Service length: 0
	    0x0000:  0000 000a 0100 0008 0400 0001 0000 0001
	    0x0010:  0600 0001 0000 0000 0800 0001 ffff ffff
	    0x0020:  0a00 0001 0000 05dc 0500 0000
	  RRO Object (21) Flags: [reject if unknown], Class-Type: IPv4 (1), length: 12
	    Subobject Type: IPv4 prefix, length 8, Strict, 198.18.1.1/32, Flags: [none]
	    0x0000:  0108 c612 0101 2000
2026-09-22 18:13:34.795415 ?     In  ifindex 11 86:b9:5b:6f:41:00 ethertype IPv4 (0x0800), length 160: (tos 0x0, ttl 64, id 25593, offset 0, flags [DF], proto RSVP (46), length 140)
    10.13.0.2 > 10.13.0.1: 
	RSVPv1 Resv Message (2), Flags: [none], length: 120, ttl: 64, checksum: 0x8ccd
	  Session Object (1) Flags: [reject if unknown], Class-Type: Tunnel IPv4 (7), length: 16
	    IPv4 Tunnel EndPoint: 198.18.2.1, Tunnel ID: 0xfde5, Extended Tunnel ID: 198.18.1.1
	    0x0000:  c612 0201 0000 fde5 c612 0101
	  RSVP Hop Object (3) Flags: [reject if unknown], Class-Type: IPv4 (1), length: 12
	    Previous/Next Interface: 10.13.0.2, Logical Interface Handle: 0x00000000
	    0x0000:  0a0d 0002 0000 0000
	  Time Values Object (5) Flags: [reject if unknown], Class-Type: 1 (1), length: 8
	    Refresh Period: 1000ms
	    0x0000:  0000 03e8
	  Style Object (8) Flags: [reject if unknown], Class-Type: 1 (1), length: 8
	    Reservation Style: Shared Explicit, Flags: [0x00]
	    0x0000:  0000 0012
	  Flowspec Object (9) Flags: [reject if unknown], Class-Type: IntServ (2), length: 36
	    Msg-Version: 0, length: 28
	    Service Type: Controlled Load (5), break bit not set, Service length: 24
	      Parameter ID: Token Bucket TSpec (127), length: 20, Flags: [0x00]
		Token Bucket Rate: 0 Mbps
		Token Bucket Size: 0 bytes
		Peak Data Rate: 0 Mbps
		Minimum Policed Unit: 20 bytes
		Maximum Packet Size: 1500 bytes
	    0x0000:  0000 0007 0500 0006 7f00 0005 0000 0000
	    0x0010:  0000 0000 0000 0000 0000 0014 0000 05dc
	  FilterSpec Object (10) Flags: [reject if unknown], Class-Type: Tunnel IPv4 (7), length: 12
	    Source Address: 198.18.1.1, LSP-ID: 0x0001
	    0x0000:  c612 0101 0000 0001
	  Label Object (16) Flags: [reject if unknown], Class-Type: Label (1), length: 8
	    Label: 1001
	    0x0000:  0000 03e9
	  RRO Object (21) Flags: [reject if unknown], Class-Type: IPv4 (1), length: 12
	    Subobject Type: IPv4 prefix, length 8, Strict, 198.18.2.1/32, Flags: [none]
	    0x0000:  0108 c612 0201 2000
2026-09-22 18:13:34.796046 ?     In  ifindex 10 26:4e:a0:4e:a5:e8 ethertype IPv4 (0x0800), length 160: (tos 0x0, ttl 64, id 34447, offset 0, flags [DF], proto RSVP (46), length 140)
    10.12.0.2 > 10.12.0.1: 
	RSVPv1 Resv Message (2), Flags: [none], length: 120, ttl: 64, checksum: 0x9188
	  Session Object (1) Flags: [reject if unknown], Class-Type: Tunnel IPv4 (7), length: 16
	    IPv4 Tunnel EndPoint: 198.18.2.1, Tunnel ID: 0xf92c, Extended Tunnel ID: 198.18.1.1
	    0x0000:  c612 0201 0000 f92c c612 0101
	  RSVP Hop Object (3) Flags: [reject if unknown], Class-Type: IPv4 (1), length: 12
	    Previous/Next Interface: 10.12.0.2, Logical Interface Handle: 0x00000000
	    0x0000:  0a0c 0002 0000 0000
	  Time Values Object (5) Flags: [reject if unknown], Class-Type: 1 (1), length: 8
	    Refresh Period: 1000ms
	    0x0000:  0000 03e8
	  Style Object (8) Flags: [reject if unknown], Class-Type: 1 (1), length: 8
	    Reservation Style: Shared Explicit, Flags: [0x00]
	    0x0000:  0000 0012
	  Flowspec Object (9) Flags: [reject if unknown], Class-Type: IntServ (2), length: 36
	    Msg-Version: 0, length: 28
	    Service Type: Controlled Load (5), break bit not set, Service length: 24
	      Parameter ID: Token Bucket TSpec (127), length: 20, Flags: [0x00]
		Token Bucket Rate: 0 Mbps
		Token Bucket Size: 0 bytes
		Peak Data Rate: 0 Mbps
		Minimum Policed Unit: 20 bytes
		Maximum Packet Size: 1500 bytes
	    0x0000:  0000 0007 0500 0006 7f00 0005 0000 0000
	    0x0010:  0000 0000 0000 0000 0000 0014 0000 05dc
	  FilterSpec Object (10) Flags: [reject if unknown], Class-Type: Tunnel IPv4 (7), length: 12
	    Source Address: 198.18.1.1, LSP-ID: 0x0001
	    0x0000:  c612 0101 0000 0001
	  Label Object (16) Flags: [reject if unknown], Class-Type: Label (1), length: 8
	    Label: 1000
	    0x0000:  0000 03e8
	  RRO Object (21) Flags: [reject if unknown], Class-Type: IPv4 (1), length: 12
	    Subobject Type: IPv4 prefix, length 8, Strict, 198.18.2.1/32, Flags: [none]
	    0x0000:  0108 c612 0201 2000
2026-09-22 18:13:35.423303 ?     In  ifindex 10 26:4e:a0:4e:a5:e8 ethertype IPv4 (0x0800), length 160: (tos 0x0, ttl 64, id 34534, offset 0, flags [DF], proto RSVP (46), length 140)
    10.12.0.2 > 10.12.0.1: 
	RSVPv1 Resv Message (2), Flags: [none], length: 120, ttl: 64, checksum: 0x9188
	  Session Object (1) Flags: [reject if unknown], Class-Type: Tunnel IPv4 (7), length: 16
	    IPv4 Tunnel EndPoint: 198.18.2.1, Tunnel ID: 0xf92c, Extended Tunnel ID: 198.18.1.1
	    0x0000:  c612 0201 0000 f92c c612 0101
	  RSVP Hop Object (3) Flags: [reject if unknown], Class-Type: IPv4 (1), length: 12
	    Previous/Next Interface: 10.12.0.2, Logical Interface Handle: 0x00000000
	    0x0000:  0a0c 0002 0000 0000
	  Time Values Object (5) Flags: [reject if unknown], Class-Type: 1 (1), length: 8
	    Refresh Period: 1000ms
	    0x0000:  0000 03e8
	  Style Object (8) Flags: [reject if unknown], Class-Type: 1 (1), length: 8
	    Reservation Style: Shared Explicit, Flags: [0x00]
	    0x0000:  0000 0012
	  Flowspec Object (9) Flags: [reject if unknown], Class-Type: IntServ (2), length: 36
	    Msg-Version: 0, length: 28
	    Service Type: Controlled Load (5), break bit not set, Service length: 24
	      Parameter ID: Token Bucket TSpec (127), length: 20, Flags: [0x00]
		Token Bucket Rate: 0 Mbps
		Token Bucket Size: 0 bytes
		Peak Data Rate: 0 Mbps
		Minimum Policed Unit: 20 bytes
		Maximum Packet Size: 1500 bytes
	    0x0000:  0000 0007 0500 0006 7f00 0005 0000 0000
	    0x0010:  0000 0000 0000 0000 0000 0014 0000 05dc
	  FilterSpec Object (10) Flags: [reject if unknown], Class-Type: Tunnel IPv4 (7), length: 12
	    Source Address: 198.18.1.1, LSP-ID: 0x0001
	    0x0000:  c612 0101 0000 0001
	  Label Object (16) Flags: [reject if unknown], Class-Type: Label (1), length: 8
	    Label: 1000
	    0x0000:  0000 03e8
	  RRO Object (21) Flags: [reject if unknown], Class-Type: IPv4 (1), length: 12
	    Subobject Type: IPv4 prefix, length 8, Strict, 198.18.2.1/32, Flags: [none]
	    0x0000:  0108 c612 0201 2000
2026-09-22 18:13:35.423414 ?     In  ifindex 11 86:b9:5b:6f:41:00 ethertype IPv4 (0x0800), length 160: (tos 0x0, ttl 64, id 25778, offset 0, flags [DF], proto RSVP (46), length 140)
    10.13.0.2 > 10.13.0.1: 
	RSVPv1 Resv Message (2), Flags: [none], length: 120, ttl: 64, checksum: 0x8ccd
	  Session Object (1) Flags: [reject if unknown], Class-Type: Tunnel IPv4 (7), length: 16
	    IPv4 Tunnel EndPoint: 198.18.2.1, Tunnel ID: 0xfde5, Extended Tunnel ID: 198.18.1.1
	    0x0000:  c612 0201 0000 fde5 c612 0101
	  RSVP Hop Object (3) Flags: [reject if unknown], Class-Type: IPv4 (1), length: 12
	    Previous/Next Interface: 10.13.0.2, Logical Interface Handle: 0x00000000
	    0x0000:  0a0d 0002 0000 0000
	  Time Values Object (5) Flags: [reject if unknown], Class-Type: 1 (1), length: 8
	    Refresh Period: 1000ms
	    0x0000:  0000 03e8
	  Style Object (8) Flags: [reject if unknown], Class-Type: 1 (1), length: 8
	    Reservation Style: Shared Explicit, Flags: [0x00]
	    0x0000:  0000 0012
	  Flowspec Object (9) Flags: [reject if unknown], Class-Type: IntServ (2), length: 36
	    Msg-Version: 0, length: 28
	    Service Type: Controlled Load (5), break bit not set, Service length: 24
	      Parameter ID: Token Bucket TSpec (127), length: 20, Flags: [0x00]
		Token Bucket Rate: 0 Mbps
		Token Bucket Size: 0 bytes
		Peak Data Rate: 0 Mbps
		Minimum Policed Unit: 20 bytes
		Maximum Packet Size: 1500 bytes
	    0x0000:  0000 0007 0500 0006 7f00 0005 0000 0000
	    0x0010:  0000 0000 0000 0000 0000 0014 0000 05dc
	  FilterSpec Object (10) Flags: [reject if unknown], Class-Type: Tunnel IPv4 (7), length: 12
	    Source Address: 198.18.1.1, LSP-ID: 0x0001
	    0x0000:  c612 0101 0000 0001
	  Label Object (16) Flags: [reject if unknown], Class-Type: Label (1), length: 8
	    Label: 1001
	    0x0000:  0000 03e9
	  RRO Object (21) Flags: [reject if unknown], Class-Type: IPv4 (1), length: 12
	    Subobject Type: IPv4 prefix, length 8, Strict, 198.18.2.1/32, Flags: [none]
	    0x0000:  0108 c612 0201 2000
2026-09-22 18:13:35.794575 ?     Out ifindex 10 3e:af:b2:df:f7:9c ethertype IPv4 (0x0800), length 216: (tos 0x0, ttl 64, id 59116, offset 0, flags [none], proto RSVP (46), length 196, options (RA))
    198.18.1.1 > 198.18.2.1: 
	RSVPv1 Path Message (1), Flags: [none], length: 172, ttl: 64, checksum: 0x24ed
	  Session Object (1) Flags: [reject if unknown], Class-Type: Tunnel IPv4 (7), length: 16
	    IPv4 Tunnel EndPoint: 198.18.2.1, Tunnel ID: 0xf92c, Extended Tunnel ID: 198.18.1.1
	    0x0000:  c612 0201 0000 f92c c612 0101
	  RSVP Hop Object (3) Flags: [reject if unknown], Class-Type: IPv4 (1), length: 12
	    Previous/Next Interface: 10.12.0.1, Logical Interface Handle: 0x00000000
	    0x0000:  0a0c 0001 0000 0000
	  Time Values Object (5) Flags: [reject if unknown], Class-Type: 1 (1), length: 8
	    Refresh Period: 1000ms
	    0x0000:  0000 03e8
	  ERO Object (20) Flags: [reject if unknown], Class-Type: IPv4 (1), length: 12
	    Subobject Type: IPv4 prefix, length 8, Strict, 10.12.0.2/32, Flags: [none]
	    0x0000:  0108 0a0c 0002 2000
	  Label Request Object (19) Flags: [reject if unknown], Class-Type: without label range (1), length: 8
	    L3 Protocol ID: IPv4
	    0x0000:  0000 0800
	  Sender Template Object (11) Flags: [reject if unknown], Class-Type: Tunnel IPv4 (7), length: 12
	    IPv4 Tunnel Sender Address: 198.18.1.1, LSP-ID: 0x0001
	    0x0000:  c612 0101 0000 0001
	  Sender TSpec Object (12) Flags: [reject if unknown], Class-Type: IntServ (2), length: 36
	    Msg-Version: 0, length: 28
	    Service Type: Default/Global Information (1), break bit not set, Service length: 24
	      Parameter ID: Token Bucket TSpec (127), length: 20, Flags: [0x00]
		Token Bucket Rate: 0 Mbps
		Token Bucket Size: 0 bytes
		Peak Data Rate: 0 Mbps
		Minimum Policed Unit: 20 bytes
		Maximum Packet Size: 65535 bytes
	    0x0000:  0000 0007 0100 0006 7f00 0005 0000 0000
	    0x0010:  0000 0000 0000 0000 0000 0014 0000 ffff
	  Adspec Object (13) Flags: [reject if unknown], Class-Type: IntServ (2), length: 48
	    Msg-Version: 0, length: 40
	    Service Type: Default/Global Information (1), break bit not set, Service length: 32
	      Parameter ID: IS hop cnt (4), length: 4, Flags: [0x00]
		IS hop count: 1
	      Parameter ID: Path b/w estimate (6), length: 4, Flags: [0x00]
		Path b/w estimate: 0 Mbps
	      Parameter ID: Minimum path latency (8), length: 4, Flags: [0x00]
		Minimum path latency: don't care
	      Parameter ID: Composed MTU (10), length: 4, Flags: [0x00]
		Composed MTU: 1500 bytes
	    Service Type: Controlled Load (5), break bit not set, Service length: 0
	    0x0000:  0000 000a 0100 0008 0400 0001 0000 0001
	    0x0010:  0600 0001 0000 0000 0800 0001 ffff ffff
	    0x0020:  0a00 0001 0000 05dc 0500 0000
	  RRO Object (21) Flags: [reject if unknown], Class-Type: IPv4 (1), length: 12
	    Subobject Type: IPv4 prefix, length 8, Strict, 198.18.1.1/32, Flags: [none]
	    0x0000:  0108 c612 0101 2000
2026-09-22 18:13:35.795151 ?     Out ifindex 11 36:59:02:b0:0d:9e ethertype IPv4 (0x0800), length 216: (tos 0x0, ttl 64, id 59117, offset 0, flags [none], proto RSVP (46), length 196, options (RA))
    198.18.1.1 > 198.18.2.1: 
	RSVPv1 Path Message (1), Flags: [none], length: 172, ttl: 64, checksum: 0x2032
	  Session Object (1) Flags: [reject if unknown], Class-Type: Tunnel IPv4 (7), length: 16
	    IPv4 Tunnel EndPoint: 198.18.2.1, Tunnel ID: 0xfde5, Extended Tunnel ID: 198.18.1.1
	    0x0000:  c612 0201 0000 fde5 c612 0101
	  RSVP Hop Object (3) Flags: [reject if unknown], Class-Type: IPv4 (1), length: 12
	    Previous/Next Interface: 10.13.0.1, Logical Interface Handle: 0x00000000
	    0x0000:  0a0d 0001 0000 0000
	  Time Values Object (5) Flags: [reject if unknown], Class-Type: 1 (1), length: 8
	    Refresh Period: 1000ms
	    0x0000:  0000 03e8
	  ERO Object (20) Flags: [reject if unknown], Class-Type: IPv4 (1), length: 12
	    Subobject Type: IPv4 prefix, length 8, Strict, 10.13.0.2/32, Flags: [none]
	    0x0000:  0108 0a0d 0002 2000
	  Label Request Object (19) Flags: [reject if unknown], Class-Type: without label range (1), length: 8
	    L3 Protocol ID: IPv4
	    0x0000:  0000 0800
	  Sender Template Object (11) Flags: [reject if unknown], Class-Type: Tunnel IPv4 (7), length: 12
	    IPv4 Tunnel Sender Address: 198.18.1.1, LSP-ID: 0x0001
	    0x0000:  c612 0101 0000 0001
	  Sender TSpec Object (12) Flags: [reject if unknown], Class-Type: IntServ (2), length: 36
	    Msg-Version: 0, length: 28
	    Service Type: Default/Global Information (1), break bit not set, Service length: 24
	      Parameter ID: Token Bucket TSpec (127), length: 20, Flags: [0x00]
		Token Bucket Rate: 0 Mbps
		Token Bucket Size: 0 bytes
		Peak Data Rate: 0 Mbps
		Minimum Policed Unit: 20 bytes
		Maximum Packet Size: 65535 bytes
	    0x0000:  0000 0007 0100 0006 7f00 0005 0000 0000
	    0x0010:  0000 0000 0000 0000 0000 0014 0000 ffff
	  Adspec Object (13) Flags: [reject if unknown], Class-Type: IntServ (2), length: 48
	    Msg-Version: 0, length: 40
	    Service Type: Default/Global Information (1), break bit not set, Service length: 32
	      Parameter ID: IS hop cnt (4), length: 4, Flags: [0x00]
		IS hop count: 1
	      Parameter ID: Path b/w estimate (6), length: 4, Flags: [0x00]
		Path b/w estimate: 0 Mbps
	      Parameter ID: Minimum path latency (8), length: 4, Flags: [0x00]
		Minimum path latency: don't care
	      Parameter ID: Composed MTU (10), length: 4, Flags: [0x00]
		Composed MTU: 1500 bytes
	    Service Type: Controlled Load (5), break bit not set, Service length: 0
	    0x0000:  0000 000a 0100 0008 0400 0001 0000 0001
	    0x0010:  0600 0001 0000 0000 0800 0001 ffff ffff
	    0x0020:  0a00 0001 0000 05dc 0500 0000
	  RRO Object (21) Flags: [reject if unknown], Class-Type: IPv4 (1), length: 12
	    Subobject Type: IPv4 prefix, length 8, Strict, 198.18.1.1/32, Flags: [none]
	    0x0000:  0108 c612 0101 2000
2026-09-22 18:13:35.795543 ?     In  ifindex 10 26:4e:a0:4e:a5:e8 ethertype IPv4 (0x0800), length 160: (tos 0x0, ttl 64, id 34613, offset 0, flags [DF], proto RSVP (46), length 140)
    10.12.0.2 > 10.12.0.1: 
	RSVPv1 Resv Message (2), Flags: [none], length: 120, ttl: 64, checksum: 0x9188
	  Session Object (1) Flags: [reject if unknown], Class-Type: Tunnel IPv4 (7), length: 16
	    IPv4 Tunnel EndPoint: 198.18.2.1, Tunnel ID: 0xf92c, Extended Tunnel ID: 198.18.1.1
	    0x0000:  c612 0201 0000 f92c c612 0101
	  RSVP Hop Object (3) Flags: [reject if unknown], Class-Type: IPv4 (1), length: 12
	    Previous/Next Interface: 10.12.0.2, Logical Interface Handle: 0x00000000
	    0x0000:  0a0c 0002 0000 0000
	  Time Values Object (5) Flags: [reject if unknown], Class-Type: 1 (1), length: 8
	    Refresh Period: 1000ms
	    0x0000:  0000 03e8
	  Style Object (8) Flags: [reject if unknown], Class-Type: 1 (1), length: 8
	    Reservation Style: Shared Explicit, Flags: [0x00]
	    0x0000:  0000 0012
	  Flowspec Object (9) Flags: [reject if unknown], Class-Type: IntServ (2), length: 36
	    Msg-Version: 0, length: 28
	    Service Type: Controlled Load (5), break bit not set, Service length: 24
	      Parameter ID: Token Bucket TSpec (127), length: 20, Flags: [0x00]
		Token Bucket Rate: 0 Mbps
		Token Bucket Size: 0 bytes
		Peak Data Rate: 0 Mbps
		Minimum Policed Unit: 20 bytes
		Maximum Packet Size: 1500 bytes
	    0x0000:  0000 0007 0500 0006 7f00 0005 0000 0000
	    0x0010:  0000 0000 0000 0000 0000 0014 0000 05dc
	  FilterSpec Object (10) Flags: [reject if unknown], Class-Type: Tunnel IPv4 (7), length: 12
	    Source Address: 198.18.1.1, LSP-ID: 0x0001
	    0x0000:  c612 0101 0000 0001
	  Label Object (16) Flags: [reject if unknown], Class-Type: Label (1), length: 8
	    Label: 1000
	    0x0000:  0000 03e8
	  RRO Object (21) Flags: [reject if unknown], Class-Type: IPv4 (1), length: 12
	    Subobject Type: IPv4 prefix, length 8, Strict, 198.18.2.1/32, Flags: [none]
	    0x0000:  0108 c612 0201 2000
2026-09-22 18:13:35.796109 ?     In  ifindex 11 86:b9:5b:6f:41:00 ethertype IPv4 (0x0800), length 160: (tos 0x0, ttl 64, id 26124, offset 0, flags [DF], proto RSVP (46), length 140)
    10.13.0.2 > 10.13.0.1: 
	RSVPv1 Resv Message (2), Flags: [none], length: 120, ttl: 64, checksum: 0x8ccd
	  Session Object (1) Flags: [reject if unknown], Class-Type: Tunnel IPv4 (7), length: 16
	    IPv4 Tunnel EndPoint: 198.18.2.1, Tunnel ID: 0xfde5, Extended Tunnel ID: 198.18.1.1
	    0x0000:  c612 0201 0000 fde5 c612 0101
	  RSVP Hop Object (3) Flags: [reject if unknown], Class-Type: IPv4 (1), length: 12
	    Previous/Next Interface: 10.13.0.2, Logical Interface Handle: 0x00000000
	    0x0000:  0a0d 0002 0000 0000
	  Time Values Object (5) Flags: [reject if unknown], Class-Type: 1 (1), length: 8
	    Refresh Period: 1000ms
	    0x0000:  0000 03e8
	  Style Object (8) Flags: [reject if unknown], Class-Type: 1 (1), length: 8
	    Reservation Style: Shared Explicit, Flags: [0x00]
	    0x0000:  0000 0012
	  Flowspec Object (9) Flags: [reject if unknown], Class-Type: IntServ (2), length: 36
	    Msg-Version: 0, length: 28
	    Service Type: Controlled Load (5), break bit not set, Service length: 24
	      Parameter ID: Token Bucket TSpec (127), length: 20, Flags: [0x00]
		Token Bucket Rate: 0 Mbps
		Token Bucket Size: 0 bytes
		Peak Data Rate: 0 Mbps
		Minimum Policed Unit: 20 bytes
		Maximum Packet Size: 1500 bytes
	    0x0000:  0000 0007 0500 0006 7f00 0005 0000 0000
	    0x0010:  0000 0000 0000 0000 0000 0014 0000 05dc
	  FilterSpec Object (10) Flags: [reject if unknown], Class-Type: Tunnel IPv4 (7), length: 12
	    Source Address: 198.18.1.1, LSP-ID: 0x0001
	    0x0000:  c612 0101 0000 0001
	  Label Object (16) Flags: [reject if unknown], Class-Type: Label (1), length: 8
	    Label: 1001
	    0x0000:  0000 03e9
	  RRO Object (21) Flags: [reject if unknown], Class-Type: IPv4 (1), length: 12
	    Subobject Type: IPv4 prefix, length 8, Strict, 198.18.2.1/32, Flags: [none]
	    0x0000:  0108 c612 0201 2000
2026-09-22 18:13:36.423291 ?     In  ifindex 10 26:4e:a0:4e:a5:e8 ethertype IPv4 (0x0800), length 160: (tos 0x0, ttl 64, id 35200, offset 0, flags [DF], proto RSVP (46), length 140)
    10.12.0.2 > 10.12.0.1: 
	RSVPv1 Resv Message (2), Flags: [none], length: 120, ttl: 64, checksum: 0x9188
	  Session Object (1) Flags: [reject if unknown], Class-Type: Tunnel IPv4 (7), length: 16
	    IPv4 Tunnel EndPoint: 198.18.2.1, Tunnel ID: 0xf92c, Extended Tunnel ID: 198.18.1.1
	    0x0000:  c612 0201 0000 f92c c612 0101
	  RSVP Hop Object (3) Flags: [reject if unknown], Class-Type: IPv4 (1), length: 12
	    Previous/Next Interface: 10.12.0.2, Logical Interface Handle: 0x00000000
	    0x0000:  0a0c 0002 0000 0000
	  Time Values Object (5) Flags: [reject if unknown], Class-Type: 1 (1), length: 8
	    Refresh Period: 1000ms
	    0x0000:  0000 03e8
	  Style Object (8) Flags: [reject if unknown], Class-Type: 1 (1), length: 8
	    Reservation Style: Shared Explicit, Flags: [0x00]
	    0x0000:  0000 0012
	  Flowspec Object (9) Flags: [reject if unknown], Class-Type: IntServ (2), length: 36
	    Msg-Version: 0, length: 28
	    Service Type: Controlled Load (5), break bit not set, Service length: 24
	      Parameter ID: Token Bucket TSpec (127), length: 20, Flags: [0x00]
		Token Bucket Rate: 0 Mbps
		Token Bucket Size: 0 bytes
		Peak Data Rate: 0 Mbps
		Minimum Policed Unit: 20 bytes
		Maximum Packet Size: 1500 bytes
	    0x0000:  0000 0007 0500 0006 7f00 0005 0000 0000
	    0x0010:  0000 0000 0000 0000 0000 0014 0000 05dc
	  FilterSpec Object (10) Flags: [reject if unknown], Class-Type: Tunnel IPv4 (7), length: 12
	    Source Address: 198.18.1.1, LSP-ID: 0x0001
	    0x0000:  c612 0101 0000 0001
	  Label Object (16) Flags: [reject if unknown], Class-Type: Label (1), length: 8
	    Label: 1000
	    0x0000:  0000 03e8
	  RRO Object (21) Flags: [reject if unknown], Class-Type: IPv4 (1), length: 12
	    Subobject Type: IPv4 prefix, length 8, Strict, 198.18.2.1/32, Flags: [none]
	    0x0000:  0108 c612 0201 2000
2026-09-22 18:13:36.423444 ?     In  ifindex 11 86:b9:5b:6f:41:00 ethertype IPv4 (0x0800), length 160: (tos 0x0, ttl 64, id 26742, offset 0, flags [DF], proto RSVP (46), length 140)
    10.13.0.2 > 10.13.0.1: 
	RSVPv1 Resv Message (2), Flags: [none], length: 120, ttl: 64, checksum: 0x8ccd
	  Session Object (1) Flags: [reject if unknown], Class-Type: Tunnel IPv4 (7), length: 16
	    IPv4 Tunnel EndPoint: 198.18.2.1, Tunnel ID: 0xfde5, Extended Tunnel ID: 198.18.1.1
	    0x0000:  c612 0201 0000 fde5 c612 0101
	  RSVP Hop Object (3) Flags: [reject if unknown], Class-Type: IPv4 (1), length: 12
	    Previous/Next Interface: 10.13.0.2, Logical Interface Handle: 0x00000000
	    0x0000:  0a0d 0002 0000 0000
	  Time Values Object (5) Flags: [reject if unknown], Class-Type: 1 (1), length: 8
	    Refresh Period: 1000ms
	    0x0000:  0000 03e8
	  Style Object (8) Flags: [reject if unknown], Class-Type: 1 (1), length: 8
	    Reservation Style: Shared Explicit, Flags: [0x00]
	    0x0000:  0000 0012
	  Flowspec Object (9) Flags: [reject if unknown], Class-Type: IntServ (2), length: 36
	    Msg-Version: 0, length: 28
	    Service Type: Controlled Load (5), break bit not set, Service length: 24
	      Parameter ID: Token Bucket TSpec (127), length: 20, Flags: [0x00]
		Token Bucket Rate: 0 Mbps
		Token Bucket Size: 0 bytes
		Peak Data Rate: 0 Mbps
		Minimum Policed Unit: 20 bytes
		Maximum Packet Size: 1500 bytes
	    0x0000:  0000 0007 0500 0006 7f00 0005 0000 0000
	    0x0010:  0000 0000 0000 0000 0000 0014 0000 05dc
	  FilterSpec Object (10) Flags: [reject if unknown], Class-Type: Tunnel IPv4 (7), length: 12
	    Source Address: 198.18.1.1, LSP-ID: 0x0001
	    0x0000:  c612 0101 0000 0001
	  Label Object (16) Flags: [reject if unknown], Class-Type: Label (1), length: 8
	    Label: 1001
	    0x0000:  0000 03e9
	  RRO Object (21) Flags: [reject if unknown], Class-Type: IPv4 (1), length: 12
	    Subobject Type: IPv4 prefix, length 8, Strict, 198.18.2.1/32, Flags: [none]
	    0x0000:  0108 c612 0201 2000
2026-09-22 18:13:36.794453 ?     Out ifindex 10 3e:af:b2:df:f7:9c ethertype IPv4 (0x0800), length 216: (tos 0x0, ttl 64, id 60012, offset 0, flags [none], proto RSVP (46), length 196, options (RA))
    198.18.1.1 > 198.18.2.1: 
	RSVPv1 Path Message (1), Flags: [none], length: 172, ttl: 64, checksum: 0x24ed
	  Session Object (1) Flags: [reject if unknown], Class-Type: Tunnel IPv4 (7), length: 16
	    IPv4 Tunnel EndPoint: 198.18.2.1, Tunnel ID: 0xf92c, Extended Tunnel ID: 198.18.1.1
	    0x0000:  c612 0201 0000 f92c c612 0101
	  RSVP Hop Object (3) Flags: [reject if unknown], Class-Type: IPv4 (1), length: 12
	    Previous/Next Interface: 10.12.0.1, Logical Interface Handle: 0x00000000
	    0x0000:  0a0c 0001 0000 0000
	  Time Values Object (5) Flags: [reject if unknown], Class-Type: 1 (1), length: 8
	    Refresh Period: 1000ms
	    0x0000:  0000 03e8
	  ERO Object (20) Flags: [reject if unknown], Class-Type: IPv4 (1), length: 12
	    Subobject Type: IPv4 prefix, length 8, Strict, 10.12.0.2/32, Flags: [none]
	    0x0000:  0108 0a0c 0002 2000
	  Label Request Object (19) Flags: [reject if unknown], Class-Type: without label range (1), length: 8
	    L3 Protocol ID: IPv4
	    0x0000:  0000 0800
	  Sender Template Object (11) Flags: [reject if unknown], Class-Type: Tunnel IPv4 (7), length: 12
	    IPv4 Tunnel Sender Address: 198.18.1.1, LSP-ID: 0x0001
	    0x0000:  c612 0101 0000 0001
	  Sender TSpec Object (12) Flags: [reject if unknown], Class-Type: IntServ (2), length: 36
	    Msg-Version: 0, length: 28
	    Service Type: Default/Global Information (1), break bit not set, Service length: 24
	      Parameter ID: Token Bucket TSpec (127), length: 20, Flags: [0x00]
		Token Bucket Rate: 0 Mbps
		Token Bucket Size: 0 bytes
		Peak Data Rate: 0 Mbps
		Minimum Policed Unit: 20 bytes
		Maximum Packet Size: 65535 bytes
	    0x0000:  0000 0007 0100 0006 7f00 0005 0000 0000
	    0x0010:  0000 0000 0000 0000 0000 0014 0000 ffff
	  Adspec Object (13) Flags: [reject if unknown], Class-Type: IntServ (2), length: 48
	    Msg-Version: 0, length: 40
	    Service Type: Default/Global Information (1), break bit not set, Service length: 32
	      Parameter ID: IS hop cnt (4), length: 4, Flags: [0x00]
		IS hop count: 1
	      Parameter ID: Path b/w estimate (6), length: 4, Flags: [0x00]
		Path b/w estimate: 0 Mbps
	      Parameter ID: Minimum path latency (8), length: 4, Flags: [0x00]
		Minimum path latency: don't care
	      Parameter ID: Composed MTU (10), length: 4, Flags: [0x00]
		Composed MTU: 1500 bytes
	    Service Type: Controlled Load (5), break bit not set, Service length: 0
	    0x0000:  0000 000a 0100 0008 0400 0001 0000 0001
	    0x0010:  0600 0001 0000 0000 0800 0001 ffff ffff
	    0x0020:  0a00 0001 0000 05dc 0500 0000
	  RRO Object (21) Flags: [reject if unknown], Class-Type: IPv4 (1), length: 12
	    Subobject Type: IPv4 prefix, length 8, Strict, 198.18.1.1/32, Flags: [none]
	    0x0000:  0108 c612 0101 2000
2026-09-22 18:13:36.795155 ?     Out ifindex 11 36:59:02:b0:0d:9e ethertype IPv4 (0x0800), length 216: (tos 0x0, ttl 64, id 60013, offset 0, flags [none], proto RSVP (46), length 196, options (RA))
    198.18.1.1 > 198.18.2.1: 
	RSVPv1 Path Message (1), Flags: [none], length: 172, ttl: 64, checksum: 0x2032
	  Session Object (1) Flags: [reject if unknown], Class-Type: Tunnel IPv4 (7), length: 16
	    IPv4 Tunnel EndPoint: 198.18.2.1, Tunnel ID: 0xfde5, Extended Tunnel ID: 198.18.1.1
	    0x0000:  c612 0201 0000 fde5 c612 0101
	  RSVP Hop Object (3) Flags: [reject if unknown], Class-Type: IPv4 (1), length: 12
	    Previous/Next Interface: 10.13.0.1, Logical Interface Handle: 0x00000000
	    0x0000:  0a0d 0001 0000 0000
	  Time Values Object (5) Flags: [reject if unknown], Class-Type: 1 (1), length: 8
	    Refresh Period: 1000ms
	    0x0000:  0000 03e8
	  ERO Object (20) Flags: [reject if unknown], Class-Type: IPv4 (1), length: 12
	    Subobject Type: IPv4 prefix, length 8, Strict, 10.13.0.2/32, Flags: [none]
	    0x0000:  0108 0a0d 0002 2000
	  Label Request Object (19) Flags: [reject if unknown], Class-Type: without label range (1), length: 8
	    L3 Protocol ID: IPv4
	    0x0000:  0000 0800
	  Sender Template Object (11) Flags: [reject if unknown], Class-Type: Tunnel IPv4 (7), length: 12
	    IPv4 Tunnel Sender Address: 198.18.1.1, LSP-ID: 0x0001
	    0x0000:  c612 0101 0000 0001
	  Sender TSpec Object (12) Flags: [reject if unknown], Class-Type: IntServ (2), length: 36
	    Msg-Version: 0, length: 28
	    Service Type: Default/Global Information (1), break bit not set, Service length: 24
	      Parameter ID: Token Bucket TSpec (127), length: 20, Flags: [0x00]
		Token Bucket Rate: 0 Mbps
		Token Bucket Size: 0 bytes
		Peak Data Rate: 0 Mbps
		Minimum Policed Unit: 20 bytes
		Maximum Packet Size: 65535 bytes
	    0x0000:  0000 0007 0100 0006 7f00 0005 0000 0000
	    0x0010:  0000 0000 0000 0000 0000 0014 0000 ffff
	  Adspec Object (13) Flags: [reject if unknown], Class-Type: IntServ (2), length: 48
	    Msg-Version: 0, length: 40
	    Service Type: Default/Global Information (1), break bit not set, Service length: 32
	      Parameter ID: IS hop cnt (4), length: 4, Flags: [0x00]
		IS hop count: 1
	      Parameter ID: Path b/w estimate (6), length: 4, Flags: [0x00]
		Path b/w estimate: 0 Mbps
	      Parameter ID: Minimum path latency (8), length: 4, Flags: [0x00]
		Minimum path latency: don't care
	      Parameter ID: Composed MTU (10), length: 4, Flags: [0x00]
		Composed MTU: 1500 bytes
	    Service Type: Controlled Load (5), break bit not set, Service length: 0
	    0x0000:  0000 000a 0100 0008 0400 0001 0000 0001
	    0x0010:  0600 0001 0000 0000 0800 0001 ffff ffff
	    0x0020:  0a00 0001 0000 05dc 0500 0000
	  RRO Object (21) Flags: [reject if unknown], Class-Type: IPv4 (1), length: 12
	    Subobject Type: IPv4 prefix, length 8, Strict, 198.18.1.1/32, Flags: [none]
	    0x0000:  0108 c612 0101 2000
2026-09-22 18:13:36.795494 ?     In  ifindex 10 26:4e:a0:4e:a5:e8 ethertype IPv4 (0x0800), length 160: (tos 0x0, ttl 64, id 35564, offset 0, flags [DF], proto RSVP (46), length 140)
    10.12.0.2 > 10.12.0.1: 
	RSVPv1 Resv Message (2), Flags: [none], length: 120, ttl: 64, checksum: 0x9188
	  Session Object (1) Flags: [reject if unknown], Class-Type: Tunnel IPv4 (7), length: 16
	    IPv4 Tunnel EndPoint: 198.18.2.1, Tunnel ID: 0xf92c, Extended Tunnel ID: 198.18.1.1
	    0x0000:  c612 0201 0000 f92c c612 0101
	  RSVP Hop Object (3) Flags: [reject if unknown], Class-Type: IPv4 (1), length: 12
	    Previous/Next Interface: 10.12.0.2, Logical Interface Handle: 0x00000000
	    0x0000:  0a0c 0002 0000 0000
	  Time Values Object (5) Flags: [reject if unknown], Class-Type: 1 (1), length: 8
	    Refresh Period: 1000ms
	    0x0000:  0000 03e8
	  Style Object (8) Flags: [reject if unknown], Class-Type: 1 (1), length: 8
	    Reservation Style: Shared Explicit, Flags: [0x00]
	    0x0000:  0000 0012
	  Flowspec Object (9) Flags: [reject if unknown], Class-Type: IntServ (2), length: 36
	    Msg-Version: 0, length: 28
	    Service Type: Controlled Load (5), break bit not set, Service length: 24
	      Parameter ID: Token Bucket TSpec (127), length: 20, Flags: [0x00]
		Token Bucket Rate: 0 Mbps
		Token Bucket Size: 0 bytes
		Peak Data Rate: 0 Mbps
		Minimum Policed Unit: 20 bytes
		Maximum Packet Size: 1500 bytes
	    0x0000:  0000 0007 0500 0006 7f00 0005 0000 0000
	    0x0010:  0000 0000 0000 0000 0000 0014 0000 05dc
	  FilterSpec Object (10) Flags: [reject if unknown], Class-Type: Tunnel IPv4 (7), length: 12
	    Source Address: 198.18.1.1, LSP-ID: 0x0001
	    0x0000:  c612 0101 0000 0001
	  Label Object (16) Flags: [reject if unknown], Class-Type: Label (1), length: 8
	    Label: 1000
	    0x0000:  0000 03e8
	  RRO Object (21) Flags: [reject if unknown], Class-Type: IPv4 (1), length: 12
	    Subobject Type: IPv4 prefix, length 8, Strict, 198.18.2.1/32, Flags: [none]
	    0x0000:  0108 c612 0201 2000
2026-09-22 18:13:36.796043 ?     In  ifindex 11 86:b9:5b:6f:41:00 ethertype IPv4 (0x0800), length 160: (tos 0x0, ttl 64, id 26987, offset 0, flags [DF], proto RSVP (46), length 140)
    10.13.0.2 > 10.13.0.1: 
	RSVPv1 Resv Message (2), Flags: [none], length: 120, ttl: 64, checksum: 0x8ccd
	  Session Object (1) Flags: [reject if unknown], Class-Type: Tunnel IPv4 (7), length: 16
	    IPv4 Tunnel EndPoint: 198.18.2.1, Tunnel ID: 0xfde5, Extended Tunnel ID: 198.18.1.1
	    0x0000:  c612 0201 0000 fde5 c612 0101
	  RSVP Hop Object (3) Flags: [reject if unknown], Class-Type: IPv4 (1), length: 12
	    Previous/Next Interface: 10.13.0.2, Logical Interface Handle: 0x00000000
	    0x0000:  0a0d 0002 0000 0000
	  Time Values Object (5) Flags: [reject if unknown], Class-Type: 1 (1), length: 8
	    Refresh Period: 1000ms
	    0x0000:  0000 03e8
	  Style Object (8) Flags: [reject if unknown], Class-Type: 1 (1), length: 8
	    Reservation Style: Shared Explicit, Flags: [0x00]
	    0x0000:  0000 0012
	  Flowspec Object (9) Flags: [reject if unknown], Class-Type: IntServ (2), length: 36
	    Msg-Version: 0, length: 28
	    Service Type: Controlled Load (5), break bit not set, Service length: 24
	      Parameter ID: Token Bucket TSpec (127), length: 20, Flags: [0x00]
		Token Bucket Rate: 0 Mbps
		Token Bucket Size: 0 bytes
		Peak Data Rate: 0 Mbps
		Minimum Policed Unit: 20 bytes
		Maximum Packet Size: 1500 bytes
	    0x0000:  0000 0007 0500 0006 7f00 0005 0000 0000
	    0x0010:  0000 0000 0000 0000 0000 0014 0000 05dc
	  FilterSpec Object (10) Flags: [reject if unknown], Class-Type: Tunnel IPv4 (7), length: 12
	    Source Address: 198.18.1.1, LSP-ID: 0x0001
	    0x0000:  c612 0101 0000 0001
	  Label Object (16) Flags: [reject if unknown], Class-Type: Label (1), length: 8
	    Label: 1001
	    0x0000:  0000 03e9
	  RRO Object (21) Flags: [reject if unknown], Class-Type: IPv4 (1), length: 12
	    Subobject Type: IPv4 prefix, length 8, Strict, 198.18.2.1/32, Flags: [none]
	    0x0000:  0108 c612 0201 2000
2026-09-22 18:13:37.423623 ?     In  ifindex 10 26:4e:a0:4e:a5:e8 ethertype IPv4 (0x0800), length 160: (tos 0x0, ttl 64, id 35597, offset 0, flags [DF], proto RSVP (46), length 140)
    10.12.0.2 > 10.12.0.1: 
	RSVPv1 Resv Message (2), Flags: [none], length: 120, ttl: 64, checksum: 0x9188
	  Session Object (1) Flags: [reject if unknown], Class-Type: Tunnel IPv4 (7), length: 16
	    IPv4 Tunnel EndPoint: 198.18.2.1, Tunnel ID: 0xf92c, Extended Tunnel ID: 198.18.1.1
	    0x0000:  c612 0201 0000 f92c c612 0101
	  RSVP Hop Object (3) Flags: [reject if unknown], Class-Type: IPv4 (1), length: 12
	    Previous/Next Interface: 10.12.0.2, Logical Interface Handle: 0x00000000
	    0x0000:  0a0c 0002 0000 0000
	  Time Values Object (5) Flags: [reject if unknown], Class-Type: 1 (1), length: 8
	    Refresh Period: 1000ms
	    0x0000:  0000 03e8
	  Style Object (8) Flags: [reject if unknown], Class-Type: 1 (1), length: 8
	    Reservation Style: Shared Explicit, Flags: [0x00]
	    0x0000:  0000 0012
	  Flowspec Object (9) Flags: [reject if unknown], Class-Type: IntServ (2), length: 36
	    Msg-Version: 0, length: 28
	    Service Type: Controlled Load (5), break bit not set, Service length: 24
	      Parameter ID: Token Bucket TSpec (127), length: 20, Flags: [0x00]
		Token Bucket Rate: 0 Mbps
		Token Bucket Size: 0 bytes
		Peak Data Rate: 0 Mbps
		Minimum Policed Unit: 20 bytes
		Maximum Packet Size: 1500 bytes
	    0x0000:  0000 0007 0500 0006 7f00 0005 0000 0000
	    0x0010:  0000 0000 0000 0000 0000 0014 0000 05dc
	  FilterSpec Object (10) Flags: [reject if unknown], Class-Type: Tunnel IPv4 (7), length: 12
	    Source Address: 198.18.1.1, LSP-ID: 0x0001
	    0x0000:  c612 0101 0000 0001
	  Label Object (16) Flags: [reject if unknown], Class-Type: Label (1), length: 8
	    Label: 1000
	    0x0000:  0000 03e8
	  RRO Object (21) Flags: [reject if unknown], Class-Type: IPv4 (1), length: 12
	    Subobject Type: IPv4 prefix, length 8, Strict, 198.18.2.1/32, Flags: [none]
	    0x0000:  0108 c612 0201 2000
2026-09-22 18:13:37.423800 ?     In  ifindex 11 86:b9:5b:6f:41:00 ethertype IPv4 (0x0800), length 160: (tos 0x0, ttl 64, id 27188, offset 0, flags [DF], proto RSVP (46), length 140)
    10.13.0.2 > 10.13.0.1: 
	RSVPv1 Resv Message (2), Flags: [none], length: 120, ttl: 64, checksum: 0x8ccd
	  Session Object (1) Flags: [reject if unknown], Class-Type: Tunnel IPv4 (7), length: 16
	    IPv4 Tunnel EndPoint: 198.18.2.1, Tunnel ID: 0xfde5, Extended Tunnel ID: 198.18.1.1
	    0x0000:  c612 0201 0000 fde5 c612 0101
	  RSVP Hop Object (3) Flags: [reject if unknown], Class-Type: IPv4 (1), length: 12
	    Previous/Next Interface: 10.13.0.2, Logical Interface Handle: 0x00000000
	    0x0000:  0a0d 0002 0000 0000
	  Time Values Object (5) Flags: [reject if unknown], Class-Type: 1 (1), length: 8
	    Refresh Period: 1000ms
	    0x0000:  0000 03e8
	  Style Object (8) Flags: [reject if unknown], Class-Type: 1 (1), length: 8
	    Reservation Style: Shared Explicit, Flags: [0x00]
	    0x0000:  0000 0012
	  Flowspec Object (9) Flags: [reject if unknown], Class-Type: IntServ (2), length: 36
	    Msg-Version: 0, length: 28
	    Service Type: Controlled Load (5), break bit not set, Service length: 24
	      Parameter ID: Token Bucket TSpec (127), length: 20, Flags: [0x00]
		Token Bucket Rate: 0 Mbps
		Token Bucket Size: 0 bytes
		Peak Data Rate: 0 Mbps
		Minimum Policed Unit: 20 bytes
		Maximum Packet Size: 1500 bytes
	    0x0000:  0000 0007 0500 0006 7f00 0005 0000 0000
	    0x0010:  0000 0000 0000 0000 0000 0014 0000 05dc
	  FilterSpec Object (10) Flags: [reject if unknown], Class-Type: Tunnel IPv4 (7), length: 12
	    Source Address: 198.18.1.1, LSP-ID: 0x0001
	    0x0000:  c612 0101 0000 0001
	  Label Object (16) Flags: [reject if unknown], Class-Type: Label (1), length: 8
	    Label: 1001
	    0x0000:  0000 03e9
	  RRO Object (21) Flags: [reject if unknown], Class-Type: IPv4 (1), length: 12
	    Subobject Type: IPv4 prefix, length 8, Strict, 198.18.2.1/32, Flags: [none]
	    0x0000:  0108 c612 0201 2000
2026-09-22 18:13:37.794683 ?     Out ifindex 10 3e:af:b2:df:f7:9c ethertype IPv4 (0x0800), length 216: (tos 0x0, ttl 64, id 60324, offset 0, flags [none], proto RSVP (46), length 196, options (RA))
    198.18.1.1 > 198.18.2.1: 
	RSVPv1 Path Message (1), Flags: [none], length: 172, ttl: 64, checksum: 0x24ed
	  Session Object (1) Flags: [reject if unknown], Class-Type: Tunnel IPv4 (7), length: 16
	    IPv4 Tunnel EndPoint: 198.18.2.1, Tunnel ID: 0xf92c, Extended Tunnel ID: 198.18.1.1
	    0x0000:  c612 0201 0000 f92c c612 0101
	  RSVP Hop Object (3) Flags: [reject if unknown], Class-Type: IPv4 (1), length: 12
	    Previous/Next Interface: 10.12.0.1, Logical Interface Handle: 0x00000000
	    0x0000:  0a0c 0001 0000 0000
	  Time Values Object (5) Flags: [reject if unknown], Class-Type: 1 (1), length: 8
	    Refresh Period: 1000ms
	    0x0000:  0000 03e8
	  ERO Object (20) Flags: [reject if unknown], Class-Type: IPv4 (1), length: 12
	    Subobject Type: IPv4 prefix, length 8, Strict, 10.12.0.2/32, Flags: [none]
	    0x0000:  0108 0a0c 0002 2000
	  Label Request Object (19) Flags: [reject if unknown], Class-Type: without label range (1), length: 8
	    L3 Protocol ID: IPv4
	    0x0000:  0000 0800
	  Sender Template Object (11) Flags: [reject if unknown], Class-Type: Tunnel IPv4 (7), length: 12
	    IPv4 Tunnel Sender Address: 198.18.1.1, LSP-ID: 0x0001
	    0x0000:  c612 0101 0000 0001
	  Sender TSpec Object (12) Flags: [reject if unknown], Class-Type: IntServ (2), length: 36
	    Msg-Version: 0, length: 28
	    Service Type: Default/Global Information (1), break bit not set, Service length: 24
	      Parameter ID: Token Bucket TSpec (127), length: 20, Flags: [0x00]
		Token Bucket Rate: 0 Mbps
		Token Bucket Size: 0 bytes
		Peak Data Rate: 0 Mbps
		Minimum Policed Unit: 20 bytes
		Maximum Packet Size: 65535 bytes
	    0x0000:  0000 0007 0100 0006 7f00 0005 0000 0000
	    0x0010:  0000 0000 0000 0000 0000 0014 0000 ffff
	  Adspec Object (13) Flags: [reject if unknown], Class-Type: IntServ (2), length: 48
	    Msg-Version: 0, length: 40
	    Service Type: Default/Global Information (1), break bit not set, Service length: 32
	      Parameter ID: IS hop cnt (4), length: 4, Flags: [0x00]
		IS hop count: 1
	      Parameter ID: Path b/w estimate (6), length: 4, Flags: [0x00]
		Path b/w estimate: 0 Mbps
	      Parameter ID: Minimum path latency (8), length: 4, Flags: [0x00]
		Minimum path latency: don't care
	      Parameter ID: Composed MTU (10), length: 4, Flags: [0x00]
		Composed MTU: 1500 bytes
	    Service Type: Controlled Load (5), break bit not set, Service length: 0
	    0x0000:  0000 000a 0100 0008 0400 0001 0000 0001
	    0x0010:  0600 0001 0000 0000 0800 0001 ffff ffff
	    0x0020:  0a00 0001 0000 05dc 0500 0000
	  RRO Object (21) Flags: [reject if unknown], Class-Type: IPv4 (1), length: 12
	    Subobject Type: IPv4 prefix, length 8, Strict, 198.18.1.1/32, Flags: [none]
	    0x0000:  0108 c612 0101 2000
2026-09-22 18:13:37.795252 ?     Out ifindex 11 36:59:02:b0:0d:9e ethertype IPv4 (0x0800), length 216: (tos 0x0, ttl 64, id 60325, offset 0, flags [none], proto RSVP (46), length 196, options (RA))
    198.18.1.1 > 198.18.2.1: 
	RSVPv1 Path Message (1), Flags: [none], length: 172, ttl: 64, checksum: 0x2032
	  Session Object (1) Flags: [reject if unknown], Class-Type: Tunnel IPv4 (7), length: 16
	    IPv4 Tunnel EndPoint: 198.18.2.1, Tunnel ID: 0xfde5, Extended Tunnel ID: 198.18.1.1
	    0x0000:  c612 0201 0000 fde5 c612 0101
	  RSVP Hop Object (3) Flags: [reject if unknown], Class-Type: IPv4 (1), length: 12
	    Previous/Next Interface: 10.13.0.1, Logical Interface Handle: 0x00000000
	    0x0000:  0a0d 0001 0000 0000
	  Time Values Object (5) Flags: [reject if unknown], Class-Type: 1 (1), length: 8
	    Refresh Period: 1000ms
	    0x0000:  0000 03e8
	  ERO Object (20) Flags: [reject if unknown], Class-Type: IPv4 (1), length: 12
	    Subobject Type: IPv4 prefix, length 8, Strict, 10.13.0.2/32, Flags: [none]
	    0x0000:  0108 0a0d 0002 2000
	  Label Request Object (19) Flags: [reject if unknown], Class-Type: without label range (1), length: 8
	    L3 Protocol ID: IPv4
	    0x0000:  0000 0800
	  Sender Template Object (11) Flags: [reject if unknown], Class-Type: Tunnel IPv4 (7), length: 12
	    IPv4 Tunnel Sender Address: 198.18.1.1, LSP-ID: 0x0001
	    0x0000:  c612 0101 0000 0001
	  Sender TSpec Object (12) Flags: [reject if unknown], Class-Type: IntServ (2), length: 36
	    Msg-Version: 0, length: 28
	    Service Type: Default/Global Information (1), break bit not set, Service length: 24
	      Parameter ID: Token Bucket TSpec (127), length: 20, Flags: [0x00]
		Token Bucket Rate: 0 Mbps
		Token Bucket Size: 0 bytes
		Peak Data Rate: 0 Mbps
		Minimum Policed Unit: 20 bytes
		Maximum Packet Size: 65535 bytes
	    0x0000:  0000 0007 0100 0006 7f00 0005 0000 0000
	    0x0010:  0000 0000 0000 0000 0000 0014 0000 ffff
	  Adspec Object (13) Flags: [reject if unknown], Class-Type: IntServ (2), length: 48
	    Msg-Version: 0, length: 40
	    Service Type: Default/Global Information (1), break bit not set, Service length: 32
	      Parameter ID: IS hop cnt (4), length: 4, Flags: [0x00]
		IS hop count: 1
	      Parameter ID: Path b/w estimate (6), length: 4, Flags: [0x00]
		Path b/w estimate: 0 Mbps
	      Parameter ID: Minimum path latency (8), length: 4, Flags: [0x00]
		Minimum path latency: don't care
	      Parameter ID: Composed MTU (10), length: 4, Flags: [0x00]
		Composed MTU: 1500 bytes
	    Service Type: Controlled Load (5), break bit not set, Service length: 0
	    0x0000:  0000 000a 0100 0008 0400 0001 0000 0001
	    0x0010:  0600 0001 0000 0000 0800 0001 ffff ffff
	    0x0020:  0a00 0001 0000 05dc 0500 0000
	  RRO Object (21) Flags: [reject if unknown], Class-Type: IPv4 (1), length: 12
	    Subobject Type: IPv4 prefix, length 8, Strict, 198.18.1.1/32, Flags: [none]
	    0x0000:  0108 c612 0101 2000
2026-09-22 18:13:37.795578 ?     In  ifindex 10 26:4e:a0:4e:a5:e8 ethertype IPv4 (0x0800), length 160: (tos 0x0, ttl 64, id 35763, offset 0, flags [DF], proto RSVP (46), length 140)
    10.12.0.2 > 10.12.0.1: 
	RSVPv1 Resv Message (2), Flags: [none], length: 120, ttl: 64, checksum: 0x9188
	  Session Object (1) Flags: [reject if unknown], Class-Type: Tunnel IPv4 (7), length: 16
	    IPv4 Tunnel EndPoint: 198.18.2.1, Tunnel ID: 0xf92c, Extended Tunnel ID: 198.18.1.1
	    0x0000:  c612 0201 0000 f92c c612 0101
	  RSVP Hop Object (3) Flags: [reject if unknown], Class-Type: IPv4 (1), length: 12
	    Previous/Next Interface: 10.12.0.2, Logical Interface Handle: 0x00000000
	    0x0000:  0a0c 0002 0000 0000
	  Time Values Object (5) Flags: [reject if unknown], Class-Type: 1 (1), length: 8
	    Refresh Period: 1000ms
	    0x0000:  0000 03e8
	  Style Object (8) Flags: [reject if unknown], Class-Type: 1 (1), length: 8
	    Reservation Style: Shared Explicit, Flags: [0x00]
	    0x0000:  0000 0012
	  Flowspec Object (9) Flags: [reject if unknown], Class-Type: IntServ (2), length: 36
	    Msg-Version: 0, length: 28
	    Service Type: Controlled Load (5), break bit not set, Service length: 24
	      Parameter ID: Token Bucket TSpec (127), length: 20, Flags: [0x00]
		Token Bucket Rate: 0 Mbps
		Token Bucket Size: 0 bytes
		Peak Data Rate: 0 Mbps
		Minimum Policed Unit: 20 bytes
		Maximum Packet Size: 1500 bytes
	    0x0000:  0000 0007 0500 0006 7f00 0005 0000 0000
	    0x0010:  0000 0000 0000 0000 0000 0014 0000 05dc
	  FilterSpec Object (10) Flags: [reject if unknown], Class-Type: Tunnel IPv4 (7), length: 12
	    Source Address: 198.18.1.1, LSP-ID: 0x0001
	    0x0000:  c612 0101 0000 0001
	  Label Object (16) Flags: [reject if unknown], Class-Type: Label (1), length: 8
	    Label: 1000
	    0x0000:  0000 03e8
	  RRO Object (21) Flags: [reject if unknown], Class-Type: IPv4 (1), length: 12
	    Subobject Type: IPv4 prefix, length 8, Strict, 198.18.2.1/32, Flags: [none]
	    0x0000:  0108 c612 0201 2000
2026-09-22 18:13:37.796125 ?     In  ifindex 11 86:b9:5b:6f:41:00 ethertype IPv4 (0x0800), length 160: (tos 0x0, ttl 64, id 27382, offset 0, flags [DF], proto RSVP (46), length 140)
    10.13.0.2 > 10.13.0.1: 
	RSVPv1 Resv Message (2), Flags: [none], length: 120, ttl: 64, checksum: 0x8ccd
	  Session Object (1) Flags: [reject if unknown], Class-Type: Tunnel IPv4 (7), length: 16
	    IPv4 Tunnel EndPoint: 198.18.2.1, Tunnel ID: 0xfde5, Extended Tunnel ID: 198.18.1.1
	    0x0000:  c612 0201 0000 fde5 c612 0101
	  RSVP Hop Object (3) Flags: [reject if unknown], Class-Type: IPv4 (1), length: 12
	    Previous/Next Interface: 10.13.0.2, Logical Interface Handle: 0x00000000
	    0x0000:  0a0d 0002 0000 0000
	  Time Values Object (5) Flags: [reject if unknown], Class-Type: 1 (1), length: 8
	    Refresh Period: 1000ms
	    0x0000:  0000 03e8
	  Style Object (8) Flags: [reject if unknown], Class-Type: 1 (1), length: 8
	    Reservation Style: Shared Explicit, Flags: [0x00]
	    0x0000:  0000 0012
	  Flowspec Object (9) Flags: [reject if unknown], Class-Type: IntServ (2), length: 36
	    Msg-Version: 0, length: 28
	    Service Type: Controlled Load (5), break bit not set, Service length: 24
	      Parameter ID: Token Bucket TSpec (127), length: 20, Flags: [0x00]
		Token Bucket Rate: 0 Mbps
		Token Bucket Size: 0 bytes
		Peak Data Rate: 0 Mbps
		Minimum Policed Unit: 20 bytes
		Maximum Packet Size: 1500 bytes
	    0x0000:  0000 0007 0500 0006 7f00 0005 0000 0000
	    0x0010:  0000 0000 0000 0000 0000 0014 0000 05dc
	  FilterSpec Object (10) Flags: [reject if unknown], Class-Type: Tunnel IPv4 (7), length: 12
	    Source Address: 198.18.1.1, LSP-ID: 0x0001
	    0x0000:  c612 0101 0000 0001
	  Label Object (16) Flags: [reject if unknown], Class-Type: Label (1), length: 8
	    Label: 1001
	    0x0000:  0000 03e9
	  RRO Object (21) Flags: [reject if unknown], Class-Type: IPv4 (1), length: 12
	    Subobject Type: IPv4 prefix, length 8, Strict, 198.18.2.1/32, Flags: [none]
	    0x0000:  0108 c612 0201 2000
2026-09-22 18:13:38.423797 ?     In  ifindex 10 26:4e:a0:4e:a5:e8 ethertype IPv4 (0x0800), length 160: (tos 0x0, ttl 64, id 36217, offset 0, flags [DF], proto RSVP (46), length 140)
    10.12.0.2 > 10.12.0.1: 
	RSVPv1 Resv Message (2), Flags: [none], length: 120, ttl: 64, checksum: 0x9188
	  Session Object (1) Flags: [reject if unknown], Class-Type: Tunnel IPv4 (7), length: 16
	    IPv4 Tunnel EndPoint: 198.18.2.1, Tunnel ID: 0xf92c, Extended Tunnel ID: 198.18.1.1
	    0x0000:  c612 0201 0000 f92c c612 0101
	  RSVP Hop Object (3) Flags: [reject if unknown], Class-Type: IPv4 (1), length: 12
	    Previous/Next Interface: 10.12.0.2, Logical Interface Handle: 0x00000000
	    0x0000:  0a0c 0002 0000 0000
	  Time Values Object (5) Flags: [reject if unknown], Class-Type: 1 (1), length: 8
	    Refresh Period: 1000ms
	    0x0000:  0000 03e8
	  Style Object (8) Flags: [reject if unknown], Class-Type: 1 (1), length: 8
	    Reservation Style: Shared Explicit, Flags: [0x00]
	    0x0000:  0000 0012
	  Flowspec Object (9) Flags: [reject if unknown], Class-Type: IntServ (2), length: 36
	    Msg-Version: 0, length: 28
	    Service Type: Controlled Load (5), break bit not set, Service length: 24
	      Parameter ID: Token Bucket TSpec (127), length: 20, Flags: [0x00]
		Token Bucket Rate: 0 Mbps
		Token Bucket Size: 0 bytes
		Peak Data Rate: 0 Mbps
		Minimum Policed Unit: 20 bytes
		Maximum Packet Size: 1500 bytes
	    0x0000:  0000 0007 0500 0006 7f00 0005 0000 0000
	    0x0010:  0000 0000 0000 0000 0000 0014 0000 05dc
	  FilterSpec Object (10) Flags: [reject if unknown], Class-Type: Tunnel IPv4 (7), length: 12
	    Source Address: 198.18.1.1, LSP-ID: 0x0001
	    0x0000:  c612 0101 0000 0001
	  Label Object (16) Flags: [reject if unknown], Class-Type: Label (1), length: 8
	    Label: 1000
	    0x0000:  0000 03e8
	  RRO Object (21) Flags: [reject if unknown], Class-Type: IPv4 (1), length: 12
	    Subobject Type: IPv4 prefix, length 8, Strict, 198.18.2.1/32, Flags: [none]
	    0x0000:  0108 c612 0201 2000
2026-09-22 18:13:38.423970 ?     In  ifindex 11 86:b9:5b:6f:41:00 ethertype IPv4 (0x0800), length 160: (tos 0x0, ttl 64, id 27986, offset 0, flags [DF], proto RSVP (46), length 140)
    10.13.0.2 > 10.13.0.1: 
	RSVPv1 Resv Message (2), Flags: [none], length: 120, ttl: 64, checksum: 0x8ccd
	  Session Object (1) Flags: [reject if unknown], Class-Type: Tunnel IPv4 (7), length: 16
	    IPv4 Tunnel EndPoint: 198.18.2.1, Tunnel ID: 0xfde5, Extended Tunnel ID: 198.18.1.1
	    0x0000:  c612 0201 0000 fde5 c612 0101
	  RSVP Hop Object (3) Flags: [reject if unknown], Class-Type: IPv4 (1), length: 12
	    Previous/Next Interface: 10.13.0.2, Logical Interface Handle: 0x00000000
	    0x0000:  0a0d 0002 0000 0000
	  Time Values Object (5) Flags: [reject if unknown], Class-Type: 1 (1), length: 8
	    Refresh Period: 1000ms
	    0x0000:  0000 03e8
	  Style Object (8) Flags: [reject if unknown], Class-Type: 1 (1), length: 8
	    Reservation Style: Shared Explicit, Flags: [0x00]
	    0x0000:  0000 0012
	  Flowspec Object (9) Flags: [reject if unknown], Class-Type: IntServ (2), length: 36
	    Msg-Version: 0, length: 28
	    Service Type: Controlled Load (5), break bit not set, Service length: 24
	      Parameter ID: Token Bucket TSpec (127), length: 20, Flags: [0x00]
		Token Bucket Rate: 0 Mbps
		Token Bucket Size: 0 bytes
		Peak Data Rate: 0 Mbps
		Minimum Policed Unit: 20 bytes
		Maximum Packet Size: 1500 bytes
	    0x0000:  0000 0007 0500 0006 7f00 0005 0000 0000
	    0x0010:  0000 0000 0000 0000 0000 0014 0000 05dc
	  FilterSpec Object (10) Flags: [reject if unknown], Class-Type: Tunnel IPv4 (7), length: 12
	    Source Address: 198.18.1.1, LSP-ID: 0x0001
	    0x0000:  c612 0101 0000 0001
	  Label Object (16) Flags: [reject if unknown], Class-Type: Label (1), length: 8
	    Label: 1001
	    0x0000:  0000 03e9
	  RRO Object (21) Flags: [reject if unknown], Class-Type: IPv4 (1), length: 12
	    Subobject Type: IPv4 prefix, length 8, Strict, 198.18.2.1/32, Flags: [none]
	    0x0000:  0108 c612 0201 2000
2026-09-22 18:13:38.794576 ?     Out ifindex 11 36:59:02:b0:0d:9e ethertype IPv4 (0x0800), length 216: (tos 0x0, ttl 64, id 60603, offset 0, flags [none], proto RSVP (46), length 196, options (RA))
    198.18.1.1 > 198.18.2.1: 
	RSVPv1 Path Message (1), Flags: [none], length: 172, ttl: 64, checksum: 0x2032
	  Session Object (1) Flags: [reject if unknown], Class-Type: Tunnel IPv4 (7), length: 16
	    IPv4 Tunnel EndPoint: 198.18.2.1, Tunnel ID: 0xfde5, Extended Tunnel ID: 198.18.1.1
	    0x0000:  c612 0201 0000 fde5 c612 0101
	  RSVP Hop Object (3) Flags: [reject if unknown], Class-Type: IPv4 (1), length: 12
	    Previous/Next Interface: 10.13.0.1, Logical Interface Handle: 0x00000000
	    0x0000:  0a0d 0001 0000 0000
	  Time Values Object (5) Flags: [reject if unknown], Class-Type: 1 (1), length: 8
	    Refresh Period: 1000ms
	    0x0000:  0000 03e8
	  ERO Object (20) Flags: [reject if unknown], Class-Type: IPv4 (1), length: 12
	    Subobject Type: IPv4 prefix, length 8, Strict, 10.13.0.2/32, Flags: [none]
	    0x0000:  0108 0a0d 0002 2000
	  Label Request Object (19) Flags: [reject if unknown], Class-Type: without label range (1), length: 8
	    L3 Protocol ID: IPv4
	    0x0000:  0000 0800
	  Sender Template Object (11) Flags: [reject if unknown], Class-Type: Tunnel IPv4 (7), length: 12
	    IPv4 Tunnel Sender Address: 198.18.1.1, LSP-ID: 0x0001
	    0x0000:  c612 0101 0000 0001
	  Sender TSpec Object (12) Flags: [reject if unknown], Class-Type: IntServ (2), length: 36
	    Msg-Version: 0, length: 28
	    Service Type: Default/Global Information (1), break bit not set, Service length: 24
	      Parameter ID: Token Bucket TSpec (127), length: 20, Flags: [0x00]
		Token Bucket Rate: 0 Mbps
		Token Bucket Size: 0 bytes
		Peak Data Rate: 0 Mbps
		Minimum Policed Unit: 20 bytes
		Maximum Packet Size: 65535 bytes
	    0x0000:  0000 0007 0100 0006 7f00 0005 0000 0000
	    0x0010:  0000 0000 0000 0000 0000 0014 0000 ffff
	  Adspec Object (13) Flags: [reject if unknown], Class-Type: IntServ (2), length: 48
	    Msg-Version: 0, length: 40
	    Service Type: Default/Global Information (1), break bit not set, Service length: 32
	      Parameter ID: IS hop cnt (4), length: 4, Flags: [0x00]
		IS hop count: 1
	      Parameter ID: Path b/w estimate (6), length: 4, Flags: [0x00]
		Path b/w estimate: 0 Mbps
	      Parameter ID: Minimum path latency (8), length: 4, Flags: [0x00]
		Minimum path latency: don't care
	      Parameter ID: Composed MTU (10), length: 4, Flags: [0x00]
		Composed MTU: 1500 bytes
	    Service Type: Controlled Load (5), break bit not set, Service length: 0
	    0x0000:  0000 000a 0100 0008 0400 0001 0000 0001
	    0x0010:  0600 0001 0000 0000 0800 0001 ffff ffff
	    0x0020:  0a00 0001 0000 05dc 0500 0000
	  RRO Object (21) Flags: [reject if unknown], Class-Type: IPv4 (1), length: 12
	    Subobject Type: IPv4 prefix, length 8, Strict, 198.18.1.1/32, Flags: [none]
	    0x0000:  0108 c612 0101 2000
2026-09-22 18:13:38.795203 ?     Out ifindex 10 3e:af:b2:df:f7:9c ethertype IPv4 (0x0800), length 216: (tos 0x0, ttl 64, id 60604, offset 0, flags [none], proto RSVP (46), length 196, options (RA))
    198.18.1.1 > 198.18.2.1: 
	RSVPv1 Path Message (1), Flags: [none], length: 172, ttl: 64, checksum: 0x24ed
	  Session Object (1) Flags: [reject if unknown], Class-Type: Tunnel IPv4 (7), length: 16
	    IPv4 Tunnel EndPoint: 198.18.2.1, Tunnel ID: 0xf92c, Extended Tunnel ID: 198.18.1.1
	    0x0000:  c612 0201 0000 f92c c612 0101
	  RSVP Hop Object (3) Flags: [reject if unknown], Class-Type: IPv4 (1), length: 12
	    Previous/Next Interface: 10.12.0.1, Logical Interface Handle: 0x00000000
	    0x0000:  0a0c 0001 0000 0000
	  Time Values Object (5) Flags: [reject if unknown], Class-Type: 1 (1), length: 8
	    Refresh Period: 1000ms
	    0x0000:  0000 03e8
	  ERO Object (20) Flags: [reject if unknown], Class-Type: IPv4 (1), length: 12
	    Subobject Type: IPv4 prefix, length 8, Strict, 10.12.0.2/32, Flags: [none]
	    0x0000:  0108 0a0c 0002 2000
	  Label Request Object (19) Flags: [reject if unknown], Class-Type: without label range (1), length: 8
	    L3 Protocol ID: IPv4
	    0x0000:  0000 0800
	  Sender Template Object (11) Flags: [reject if unknown], Class-Type: Tunnel IPv4 (7), length: 12
	    IPv4 Tunnel Sender Address: 198.18.1.1, LSP-ID: 0x0001
	    0x0000:  c612 0101 0000 0001
	  Sender TSpec Object (12) Flags: [reject if unknown], Class-Type: IntServ (2), length: 36
	    Msg-Version: 0, length: 28
	    Service Type: Default/Global Information (1), break bit not set, Service length: 24
	      Parameter ID: Token Bucket TSpec (127), length: 20, Flags: [0x00]
		Token Bucket Rate: 0 Mbps
		Token Bucket Size: 0 bytes
		Peak Data Rate: 0 Mbps
		Minimum Policed Unit: 20 bytes
		Maximum Packet Size: 65535 bytes
	    0x0000:  0000 0007 0100 0006 7f00 0005 0000 0000
	    0x0010:  0000 0000 0000 0000 0000 0014 0000 ffff
	  Adspec Object (13) Flags: [reject if unknown], Class-Type: IntServ (2), length: 48
	    Msg-Version: 0, length: 40
	    Service Type: Default/Global Information (1), break bit not set, Service length: 32
	      Parameter ID: IS hop cnt (4), length: 4, Flags: [0x00]
		IS hop count: 1
	      Parameter ID: Path b/w estimate (6), length: 4, Flags: [0x00]
		Path b/w estimate: 0 Mbps
	      Parameter ID: Minimum path latency (8), length: 4, Flags: [0x00]
		Minimum path latency: don't care
	      Parameter ID: Composed MTU (10), length: 4, Flags: [0x00]
		Composed MTU: 1500 bytes
	    Service Type: Controlled Load (5), break bit not set, Service length: 0
	    0x0000:  0000 000a 0100 0008 0400 0001 0000 0001
	    0x0010:  0600 0001 0000 0000 0800 0001 ffff ffff
	    0x0020:  0a00 0001 0000 05dc 0500 0000
	  RRO Object (21) Flags: [reject if unknown], Class-Type: IPv4 (1), length: 12
	    Subobject Type: IPv4 prefix, length 8, Strict, 198.18.1.1/32, Flags: [none]
	    0x0000:  0108 c612 0101 2000
2026-09-22 18:13:38.795732 ?     In  ifindex 11 86:b9:5b:6f:41:00 ethertype IPv4 (0x0800), length 160: (tos 0x0, ttl 64, id 28090, offset 0, flags [DF], proto RSVP (46), length 140)
    10.13.0.2 > 10.13.0.1: 
	RSVPv1 Resv Message (2), Flags: [none], length: 120, ttl: 64, checksum: 0x8ccd
	  Session Object (1) Flags: [reject if unknown], Class-Type: Tunnel IPv4 (7), length: 16
	    IPv4 Tunnel EndPoint: 198.18.2.1, Tunnel ID: 0xfde5, Extended Tunnel ID: 198.18.1.1
	    0x0000:  c612 0201 0000 fde5 c612 0101
	  RSVP Hop Object (3) Flags: [reject if unknown], Class-Type: IPv4 (1), length: 12
	    Previous/Next Interface: 10.13.0.2, Logical Interface Handle: 0x00000000
	    0x0000:  0a0d 0002 0000 0000
	  Time Values Object (5) Flags: [reject if unknown], Class-Type: 1 (1), length: 8
	    Refresh Period: 1000ms
	    0x0000:  0000 03e8
	  Style Object (8) Flags: [reject if unknown], Class-Type: 1 (1), length: 8
	    Reservation Style: Shared Explicit, Flags: [0x00]
	    0x0000:  0000 0012
	  Flowspec Object (9) Flags: [reject if unknown], Class-Type: IntServ (2), length: 36
	    Msg-Version: 0, length: 28
	    Service Type: Controlled Load (5), break bit not set, Service length: 24
	      Parameter ID: Token Bucket TSpec (127), length: 20, Flags: [0x00]
		Token Bucket Rate: 0 Mbps
		Token Bucket Size: 0 bytes
		Peak Data Rate: 0 Mbps
		Minimum Policed Unit: 20 bytes
		Maximum Packet Size: 1500 bytes
	    0x0000:  0000 0007 0500 0006 7f00 0005 0000 0000
	    0x0010:  0000 0000 0000 0000 0000 0014 0000 05dc
	  FilterSpec Object (10) Flags: [reject if unknown], Class-Type: Tunnel IPv4 (7), length: 12
	    Source Address: 198.18.1.1, LSP-ID: 0x0001
	    0x0000:  c612 0101 0000 0001
	  Label Object (16) Flags: [reject if unknown], Class-Type: Label (1), length: 8
	    Label: 1001
	    0x0000:  0000 03e9
	  RRO Object (21) Flags: [reject if unknown], Class-Type: IPv4 (1), length: 12
	    Subobject Type: IPv4 prefix, length 8, Strict, 198.18.2.1/32, Flags: [none]
	    0x0000:  0108 c612 0201 2000
2026-09-22 18:13:38.796307 ?     In  ifindex 10 26:4e:a0:4e:a5:e8 ethertype IPv4 (0x0800), length 160: (tos 0x0, ttl 64, id 36244, offset 0, flags [DF], proto RSVP (46), length 140)
    10.12.0.2 > 10.12.0.1: 
	RSVPv1 Resv Message (2), Flags: [none], length: 120, ttl: 64, checksum: 0x9188
	  Session Object (1) Flags: [reject if unknown], Class-Type: Tunnel IPv4 (7), length: 16
	    IPv4 Tunnel EndPoint: 198.18.2.1, Tunnel ID: 0xf92c, Extended Tunnel ID: 198.18.1.1
	    0x0000:  c612 0201 0000 f92c c612 0101
	  RSVP Hop Object (3) Flags: [reject if unknown], Class-Type: IPv4 (1), length: 12
	    Previous/Next Interface: 10.12.0.2, Logical Interface Handle: 0x00000000
	    0x0000:  0a0c 0002 0000 0000
	  Time Values Object (5) Flags: [reject if unknown], Class-Type: 1 (1), length: 8
	    Refresh Period: 1000ms
	    0x0000:  0000 03e8
	  Style Object (8) Flags: [reject if unknown], Class-Type: 1 (1), length: 8
	    Reservation Style: Shared Explicit, Flags: [0x00]
	    0x0000:  0000 0012
	  Flowspec Object (9) Flags: [reject if unknown], Class-Type: IntServ (2), length: 36
	    Msg-Version: 0, length: 28
	    Service Type: Controlled Load (5), break bit not set, Service length: 24
	      Parameter ID: Token Bucket TSpec (127), length: 20, Flags: [0x00]
		Token Bucket Rate: 0 Mbps
		Token Bucket Size: 0 bytes
		Peak Data Rate: 0 Mbps
		Minimum Policed Unit: 20 bytes
		Maximum Packet Size: 1500 bytes
	    0x0000:  0000 0007 0500 0006 7f00 0005 0000 0000
	    0x0010:  0000 0000 0000 0000 0000 0014 0000 05dc
	  FilterSpec Object (10) Flags: [reject if unknown], Class-Type: Tunnel IPv4 (7), length: 12
	    Source Address: 198.18.1.1, LSP-ID: 0x0001
	    0x0000:  c612 0101 0000 0001
	  Label Object (16) Flags: [reject if unknown], Class-Type: Label (1), length: 8
	    Label: 1000
	    0x0000:  0000 03e8
	  RRO Object (21) Flags: [reject if unknown], Class-Type: IPv4 (1), length: 12
	    Subobject Type: IPv4 prefix, length 8, Strict, 198.18.2.1/32, Flags: [none]
	    0x0000:  0108 c612 0201 2000
2026-09-22 18:13:39.423961 ?     In  ifindex 10 26:4e:a0:4e:a5:e8 ethertype IPv4 (0x0800), length 160: (tos 0x0, ttl 64, id 36347, offset 0, flags [DF], proto RSVP (46), length 140)
    10.12.0.2 > 10.12.0.1: 
	RSVPv1 Resv Message (2), Flags: [none], length: 120, ttl: 64, checksum: 0x9188
	  Session Object (1) Flags: [reject if unknown], Class-Type: Tunnel IPv4 (7), length: 16
	    IPv4 Tunnel EndPoint: 198.18.2.1, Tunnel ID: 0xf92c, Extended Tunnel ID: 198.18.1.1
	    0x0000:  c612 0201 0000 f92c c612 0101
	  RSVP Hop Object (3) Flags: [reject if unknown], Class-Type: IPv4 (1), length: 12
	    Previous/Next Interface: 10.12.0.2, Logical Interface Handle: 0x00000000
	    0x0000:  0a0c 0002 0000 0000
	  Time Values Object (5) Flags: [reject if unknown], Class-Type: 1 (1), length: 8
	    Refresh Period: 1000ms
	    0x0000:  0000 03e8
	  Style Object (8) Flags: [reject if unknown], Class-Type: 1 (1), length: 8
	    Reservation Style: Shared Explicit, Flags: [0x00]
	    0x0000:  0000 0012
	  Flowspec Object (9) Flags: [reject if unknown], Class-Type: IntServ (2), length: 36
	    Msg-Version: 0, length: 28
	    Service Type: Controlled Load (5), break bit not set, Service length: 24
	      Parameter ID: Token Bucket TSpec (127), length: 20, Flags: [0x00]
		Token Bucket Rate: 0 Mbps
		Token Bucket Size: 0 bytes
		Peak Data Rate: 0 Mbps
		Minimum Policed Unit: 20 bytes
		Maximum Packet Size: 1500 bytes
	    0x0000:  0000 0007 0500 0006 7f00 0005 0000 0000
	    0x0010:  0000 0000 0000 0000 0000 0014 0000 05dc
	  FilterSpec Object (10) Flags: [reject if unknown], Class-Type: Tunnel IPv4 (7), length: 12
	    Source Address: 198.18.1.1, LSP-ID: 0x0001
	    0x0000:  c612 0101 0000 0001
	  Label Object (16) Flags: [reject if unknown], Class-Type: Label (1), length: 8
	    Label: 1000
	    0x0000:  0000 03e8
	  RRO Object (21) Flags: [reject if unknown], Class-Type: IPv4 (1), length: 12
	    Subobject Type: IPv4 prefix, length 8, Strict, 198.18.2.1/32, Flags: [none]
	    0x0000:  0108 c612 0201 2000
2026-09-22 18:13:39.424092 ?     In  ifindex 11 86:b9:5b:6f:41:00 ethertype IPv4 (0x0800), length 160: (tos 0x0, ttl 64, id 28276, offset 0, flags [DF], proto RSVP (46), length 140)
    10.13.0.2 > 10.13.0.1: 
	RSVPv1 Resv Message (2), Flags: [none], length: 120, ttl: 64, checksum: 0x8ccd
	  Session Object (1) Flags: [reject if unknown], Class-Type: Tunnel IPv4 (7), length: 16
	    IPv4 Tunnel EndPoint: 198.18.2.1, Tunnel ID: 0xfde5, Extended Tunnel ID: 198.18.1.1
	    0x0000:  c612 0201 0000 fde5 c612 0101
	  RSVP Hop Object (3) Flags: [reject if unknown], Class-Type: IPv4 (1), length: 12
	    Previous/Next Interface: 10.13.0.2, Logical Interface Handle: 0x00000000
	    0x0000:  0a0d 0002 0000 0000
	  Time Values Object (5) Flags: [reject if unknown], Class-Type: 1 (1), length: 8
	    Refresh Period: 1000ms
	    0x0000:  0000 03e8
	  Style Object (8) Flags: [reject if unknown], Class-Type: 1 (1), length: 8
	    Reservation Style: Shared Explicit, Flags: [0x00]
	    0x0000:  0000 0012
	  Flowspec Object (9) Flags: [reject if unknown], Class-Type: IntServ (2), length: 36
	    Msg-Version: 0, length: 28
	    Service Type: Controlled Load (5), break bit not set, Service length: 24
	      Parameter ID: Token Bucket TSpec (127), length: 20, Flags: [0x00]
		Token Bucket Rate: 0 Mbps
		Token Bucket Size: 0 bytes
		Peak Data Rate: 0 Mbps
		Minimum Policed Unit: 20 bytes
		Maximum Packet Size: 1500 bytes
	    0x0000:  0000 0007 0500 0006 7f00 0005 0000 0000
	    0x0010:  0000 0000 0000 0000 0000 0014 0000 05dc
	  FilterSpec Object (10) Flags: [reject if unknown], Class-Type: Tunnel IPv4 (7), length: 12
	    Source Address: 198.18.1.1, LSP-ID: 0x0001
	    0x0000:  c612 0101 0000 0001
	  Label Object (16) Flags: [reject if unknown], Class-Type: Label (1), length: 8
	    Label: 1001
	    0x0000:  0000 03e9
	  RRO Object (21) Flags: [reject if unknown], Class-Type: IPv4 (1), length: 12
	    Subobject Type: IPv4 prefix, length 8, Strict, 198.18.2.1/32, Flags: [none]
	    0x0000:  0108 c612 0201 2000
2026-09-22 18:13:39.794542 ?     Out ifindex 10 3e:af:b2:df:f7:9c ethertype IPv4 (0x0800), length 216: (tos 0x0, ttl 64, id 60944, offset 0, flags [none], proto RSVP (46), length 196, options (RA))
    198.18.1.1 > 198.18.2.1: 
	RSVPv1 Path Message (1), Flags: [none], length: 172, ttl: 64, checksum: 0x24ed
	  Session Object (1) Flags: [reject if unknown], Class-Type: Tunnel IPv4 (7), length: 16
	    IPv4 Tunnel EndPoint: 198.18.2.1, Tunnel ID: 0xf92c, Extended Tunnel ID: 198.18.1.1
	    0x0000:  c612 0201 0000 f92c c612 0101
	  RSVP Hop Object (3) Flags: [reject if unknown], Class-Type: IPv4 (1), length: 12
	    Previous/Next Interface: 10.12.0.1, Logical Interface Handle: 0x00000000
	    0x0000:  0a0c 0001 0000 0000
	  Time Values Object (5) Flags: [reject if unknown], Class-Type: 1 (1), length: 8
	    Refresh Period: 1000ms
	    0x0000:  0000 03e8
	  ERO Object (20) Flags: [reject if unknown], Class-Type: IPv4 (1), length: 12
	    Subobject Type: IPv4 prefix, length 8, Strict, 10.12.0.2/32, Flags: [none]
	    0x0000:  0108 0a0c 0002 2000
	  Label Request Object (19) Flags: [reject if unknown], Class-Type: without label range (1), length: 8
	    L3 Protocol ID: IPv4
	    0x0000:  0000 0800
	  Sender Template Object (11) Flags: [reject if unknown], Class-Type: Tunnel IPv4 (7), length: 12
	    IPv4 Tunnel Sender Address: 198.18.1.1, LSP-ID: 0x0001
	    0x0000:  c612 0101 0000 0001
	  Sender TSpec Object (12) Flags: [reject if unknown], Class-Type: IntServ (2), length: 36
	    Msg-Version: 0, length: 28
	    Service Type: Default/Global Information (1), break bit not set, Service length: 24
	      Parameter ID: Token Bucket TSpec (127), length: 20, Flags: [0x00]
		Token Bucket Rate: 0 Mbps
		Token Bucket Size: 0 bytes
		Peak Data Rate: 0 Mbps
		Minimum Policed Unit: 20 bytes
		Maximum Packet Size: 65535 bytes
	    0x0000:  0000 0007 0100 0006 7f00 0005 0000 0000
	    0x0010:  0000 0000 0000 0000 0000 0014 0000 ffff
	  Adspec Object (13) Flags: [reject if unknown], Class-Type: IntServ (2), length: 48
	    Msg-Version: 0, length: 40
	    Service Type: Default/Global Information (1), break bit not set, Service length: 32
	      Parameter ID: IS hop cnt (4), length: 4, Flags: [0x00]
		IS hop count: 1
	      Parameter ID: Path b/w estimate (6), length: 4, Flags: [0x00]
		Path b/w estimate: 0 Mbps
	      Parameter ID: Minimum path latency (8), length: 4, Flags: [0x00]
		Minimum path latency: don't care
	      Parameter ID: Composed MTU (10), length: 4, Flags: [0x00]
		Composed MTU: 1500 bytes
	    Service Type: Controlled Load (5), break bit not set, Service length: 0
	    0x0000:  0000 000a 0100 0008 0400 0001 0000 0001
	    0x0010:  0600 0001 0000 0000 0800 0001 ffff ffff
	    0x0020:  0a00 0001 0000 05dc 0500 0000
	  RRO Object (21) Flags: [reject if unknown], Class-Type: IPv4 (1), length: 12
	    Subobject Type: IPv4 prefix, length 8, Strict, 198.18.1.1/32, Flags: [none]
	    0x0000:  0108 c612 0101 2000
2026-09-22 18:13:39.795426 ?     Out ifindex 11 36:59:02:b0:0d:9e ethertype IPv4 (0x0800), length 216: (tos 0x0, ttl 64, id 60945, offset 0, flags [none], proto RSVP (46), length 196, options (RA))
    198.18.1.1 > 198.18.2.1: 
	RSVPv1 Path Message (1), Flags: [none], length: 172, ttl: 64, checksum: 0x2032
	  Session Object (1) Flags: [reject if unknown], Class-Type: Tunnel IPv4 (7), length: 16
	    IPv4 Tunnel EndPoint: 198.18.2.1, Tunnel ID: 0xfde5, Extended Tunnel ID: 198.18.1.1
	    0x0000:  c612 0201 0000 fde5 c612 0101
	  RSVP Hop Object (3) Flags: [reject if unknown], Class-Type: IPv4 (1), length: 12
	    Previous/Next Interface: 10.13.0.1, Logical Interface Handle: 0x00000000
	    0x0000:  0a0d 0001 0000 0000
	  Time Values Object (5) Flags: [reject if unknown], Class-Type: 1 (1), length: 8
	    Refresh Period: 1000ms
	    0x0000:  0000 03e8
	  ERO Object (20) Flags: [reject if unknown], Class-Type: IPv4 (1), length: 12
	    Subobject Type: IPv4 prefix, length 8, Strict, 10.13.0.2/32, Flags: [none]
	    0x0000:  0108 0a0d 0002 2000
	  Label Request Object (19) Flags: [reject if unknown], Class-Type: without label range (1), length: 8
	    L3 Protocol ID: IPv4
	    0x0000:  0000 0800
	  Sender Template Object (11) Flags: [reject if unknown], Class-Type: Tunnel IPv4 (7), length: 12
	    IPv4 Tunnel Sender Address: 198.18.1.1, LSP-ID: 0x0001
	    0x0000:  c612 0101 0000 0001
	  Sender TSpec Object (12) Flags: [reject if unknown], Class-Type: IntServ (2), length: 36
	    Msg-Version: 0, length: 28
	    Service Type: Default/Global Information (1), break bit not set, Service length: 24
	      Parameter ID: Token Bucket TSpec (127), length: 20, Flags: [0x00]
		Token Bucket Rate: 0 Mbps
		Token Bucket Size: 0 bytes
		Peak Data Rate: 0 Mbps
		Minimum Policed Unit: 20 bytes
		Maximum Packet Size: 65535 bytes
	    0x0000:  0000 0007 0100 0006 7f00 0005 0000 0000
	    0x0010:  0000 0000 0000 0000 0000 0014 0000 ffff
	  Adspec Object (13) Flags: [reject if unknown], Class-Type: IntServ (2), length: 48
	    Msg-Version: 0, length: 40
	    Service Type: Default/Global Information (1), break bit not set, Service length: 32
	      Parameter ID: IS hop cnt (4), length: 4, Flags: [0x00]
		IS hop count: 1
	      Parameter ID: Path b/w estimate (6), length: 4, Flags: [0x00]
		Path b/w estimate: 0 Mbps
	      Parameter ID: Minimum path latency (8), length: 4, Flags: [0x00]
		Minimum path latency: don't care
	      Parameter ID: Composed MTU (10), length: 4, Flags: [0x00]
		Composed MTU: 1500 bytes
	    Service Type: Controlled Load (5), break bit not set, Service length: 0
	    0x0000:  0000 000a 0100 0008 0400 0001 0000 0001
	    0x0010:  0600 0001 0000 0000 0800 0001 ffff ffff
	    0x0020:  0a00 0001 0000 05dc 0500 0000
	  RRO Object (21) Flags: [reject if unknown], Class-Type: IPv4 (1), length: 12
	    Subobject Type: IPv4 prefix, length 8, Strict, 198.18.1.1/32, Flags: [none]
	    0x0000:  0108 c612 0101 2000
2026-09-22 18:13:39.795622 ?     In  ifindex 10 26:4e:a0:4e:a5:e8 ethertype IPv4 (0x0800), length 160: (tos 0x0, ttl 64, id 36465, offset 0, flags [DF], proto RSVP (46), length 140)
    10.12.0.2 > 10.12.0.1: 
	RSVPv1 Resv Message (2), Flags: [none], length: 120, ttl: 64, checksum: 0x9188
	  Session Object (1) Flags: [reject if unknown], Class-Type: Tunnel IPv4 (7), length: 16
	    IPv4 Tunnel EndPoint: 198.18.2.1, Tunnel ID: 0xf92c, Extended Tunnel ID: 198.18.1.1
	    0x0000:  c612 0201 0000 f92c c612 0101
	  RSVP Hop Object (3) Flags: [reject if unknown], Class-Type: IPv4 (1), length: 12
	    Previous/Next Interface: 10.12.0.2, Logical Interface Handle: 0x00000000
	    0x0000:  0a0c 0002 0000 0000
	  Time Values Object (5) Flags: [reject if unknown], Class-Type: 1 (1), length: 8
	    Refresh Period: 1000ms
	    0x0000:  0000 03e8
	  Style Object (8) Flags: [reject if unknown], Class-Type: 1 (1), length: 8
	    Reservation Style: Shared Explicit, Flags: [0x00]
	    0x0000:  0000 0012
	  Flowspec Object (9) Flags: [reject if unknown], Class-Type: IntServ (2), length: 36
	    Msg-Version: 0, length: 28
	    Service Type: Controlled Load (5), break bit not set, Service length: 24
	      Parameter ID: Token Bucket TSpec (127), length: 20, Flags: [0x00]
		Token Bucket Rate: 0 Mbps
		Token Bucket Size: 0 bytes
		Peak Data Rate: 0 Mbps
		Minimum Policed Unit: 20 bytes
		Maximum Packet Size: 1500 bytes
	    0x0000:  0000 0007 0500 0006 7f00 0005 0000 0000
	    0x0010:  0000 0000 0000 0000 0000 0014 0000 05dc
	  FilterSpec Object (10) Flags: [reject if unknown], Class-Type: Tunnel IPv4 (7), length: 12
	    Source Address: 198.18.1.1, LSP-ID: 0x0001
	    0x0000:  c612 0101 0000 0001
	  Label Object (16) Flags: [reject if unknown], Class-Type: Label (1), length: 8
	    Label: 1000
	    0x0000:  0000 03e8
	  RRO Object (21) Flags: [reject if unknown], Class-Type: IPv4 (1), length: 12
	    Subobject Type: IPv4 prefix, length 8, Strict, 198.18.2.1/32, Flags: [none]
	    0x0000:  0108 c612 0201 2000
2026-09-22 18:13:39.797069 ?     In  ifindex 11 86:b9:5b:6f:41:00 ethertype IPv4 (0x0800), length 160: (tos 0x0, ttl 64, id 28418, offset 0, flags [DF], proto RSVP (46), length 140)
    10.13.0.2 > 10.13.0.1: 
	RSVPv1 Resv Message (2), Flags: [none], length: 120, ttl: 64, checksum: 0x8ccd
	  Session Object (1) Flags: [reject if unknown], Class-Type: Tunnel IPv4 (7), length: 16
	    IPv4 Tunnel EndPoint: 198.18.2.1, Tunnel ID: 0xfde5, Extended Tunnel ID: 198.18.1.1
	    0x0000:  c612 0201 0000 fde5 c612 0101
	  RSVP Hop Object (3) Flags: [reject if unknown], Class-Type: IPv4 (1), length: 12
	    Previous/Next Interface: 10.13.0.2, Logical Interface Handle: 0x00000000
	    0x0000:  0a0d 0002 0000 0000
	  Time Values Object (5) Flags: [reject if unknown], Class-Type: 1 (1), length: 8
	    Refresh Period: 1000ms
	    0x0000:  0000 03e8
	  Style Object (8) Flags: [reject if unknown], Class-Type: 1 (1), length: 8
	    Reservation Style: Shared Explicit, Flags: [0x00]
	    0x0000:  0000 0012
	  Flowspec Object (9) Flags: [reject if unknown], Class-Type: IntServ (2), length: 36
	    Msg-Version: 0, length: 28
	    Service Type: Controlled Load (5), break bit not set, Service length: 24
	      Parameter ID: Token Bucket TSpec (127), length: 20, Flags: [0x00]
		Token Bucket Rate: 0 Mbps
		Token Bucket Size: 0 bytes
		Peak Data Rate: 0 Mbps
		Minimum Policed Unit: 20 bytes
		Maximum Packet Size: 1500 bytes
	    0x0000:  0000 0007 0500 0006 7f00 0005 0000 0000
	    0x0010:  0000 0000 0000 0000 0000 0014 0000 05dc
	  FilterSpec Object (10) Flags: [reject if unknown], Class-Type: Tunnel IPv4 (7), length: 12
	    Source Address: 198.18.1.1, LSP-ID: 0x0001
	    0x0000:  c612 0101 0000 0001
	  Label Object (16) Flags: [reject if unknown], Class-Type: Label (1), length: 8
	    Label: 1001
	    0x0000:  0000 03e9
	  RRO Object (21) Flags: [reject if unknown], Class-Type: IPv4 (1), length: 12
	    Subobject Type: IPv4 prefix, length 8, Strict, 198.18.2.1/32, Flags: [none]
	    0x0000:  0108 c612 0201 2000
2026-09-22 18:13:40.423961 ?     In  ifindex 10 26:4e:a0:4e:a5:e8 ethertype IPv4 (0x0800), length 160: (tos 0x0, ttl 64, id 36538, offset 0, flags [DF], proto RSVP (46), length 140)
    10.12.0.2 > 10.12.0.1: 
	RSVPv1 Resv Message (2), Flags: [none], length: 120, ttl: 64, checksum: 0x9188
	  Session Object (1) Flags: [reject if unknown], Class-Type: Tunnel IPv4 (7), length: 16
	    IPv4 Tunnel EndPoint: 198.18.2.1, Tunnel ID: 0xf92c, Extended Tunnel ID: 198.18.1.1
	    0x0000:  c612 0201 0000 f92c c612 0101
	  RSVP Hop Object (3) Flags: [reject if unknown], Class-Type: IPv4 (1), length: 12
	    Previous/Next Interface: 10.12.0.2, Logical Interface Handle: 0x00000000
	    0x0000:  0a0c 0002 0000 0000
	  Time Values Object (5) Flags: [reject if unknown], Class-Type: 1 (1), length: 8
	    Refresh Period: 1000ms
	    0x0000:  0000 03e8
	  Style Object (8) Flags: [reject if unknown], Class-Type: 1 (1), length: 8
	    Reservation Style: Shared Explicit, Flags: [0x00]
	    0x0000:  0000 0012
	  Flowspec Object (9) Flags: [reject if unknown], Class-Type: IntServ (2), length: 36
	    Msg-Version: 0, length: 28
	    Service Type: Controlled Load (5), break bit not set, Service length: 24
	      Parameter ID: Token Bucket TSpec (127), length: 20, Flags: [0x00]
		Token Bucket Rate: 0 Mbps
		Token Bucket Size: 0 bytes
		Peak Data Rate: 0 Mbps
		Minimum Policed Unit: 20 bytes
		Maximum Packet Size: 1500 bytes
	    0x0000:  0000 0007 0500 0006 7f00 0005 0000 0000
	    0x0010:  0000 0000 0000 0000 0000 0014 0000 05dc
	  FilterSpec Object (10) Flags: [reject if unknown], Class-Type: Tunnel IPv4 (7), length: 12
	    Source Address: 198.18.1.1, LSP-ID: 0x0001
	    0x0000:  c612 0101 0000 0001
	  Label Object (16) Flags: [reject if unknown], Class-Type: Label (1), length: 8
	    Label: 1000
	    0x0000:  0000 03e8
	  RRO Object (21) Flags: [reject if unknown], Class-Type: IPv4 (1), length: 12
	    Subobject Type: IPv4 prefix, length 8, Strict, 198.18.2.1/32, Flags: [none]
	    0x0000:  0108 c612 0201 2000
2026-09-22 18:13:40.424059 ?     In  ifindex 11 86:b9:5b:6f:41:00 ethertype IPv4 (0x0800), length 160: (tos 0x0, ttl 64, id 29004, offset 0, flags [DF], proto RSVP (46), length 140)
    10.13.0.2 > 10.13.0.1: 
	RSVPv1 Resv Message (2), Flags: [none], length: 120, ttl: 64, checksum: 0x8ccd
	  Session Object (1) Flags: [reject if unknown], Class-Type: Tunnel IPv4 (7), length: 16
	    IPv4 Tunnel EndPoint: 198.18.2.1, Tunnel ID: 0xfde5, Extended Tunnel ID: 198.18.1.1
	    0x0000:  c612 0201 0000 fde5 c612 0101
	  RSVP Hop Object (3) Flags: [reject if unknown], Class-Type: IPv4 (1), length: 12
	    Previous/Next Interface: 10.13.0.2, Logical Interface Handle: 0x00000000
	    0x0000:  0a0d 0002 0000 0000
	  Time Values Object (5) Flags: [reject if unknown], Class-Type: 1 (1), length: 8
	    Refresh Period: 1000ms
	    0x0000:  0000 03e8
	  Style Object (8) Flags: [reject if unknown], Class-Type: 1 (1), length: 8
	    Reservation Style: Shared Explicit, Flags: [0x00]
	    0x0000:  0000 0012
	  Flowspec Object (9) Flags: [reject if unknown], Class-Type: IntServ (2), length: 36
	    Msg-Version: 0, length: 28
	    Service Type: Controlled Load (5), break bit not set, Service length: 24
	      Parameter ID: Token Bucket TSpec (127), length: 20, Flags: [0x00]
		Token Bucket Rate: 0 Mbps
		Token Bucket Size: 0 bytes
		Peak Data Rate: 0 Mbps
		Minimum Policed Unit: 20 bytes
		Maximum Packet Size: 1500 bytes
	    0x0000:  0000 0007 0500 0006 7f00 0005 0000 0000
	    0x0010:  0000 0000 0000 0000 0000 0014 0000 05dc
	  FilterSpec Object (10) Flags: [reject if unknown], Class-Type: Tunnel IPv4 (7), length: 12
	    Source Address: 198.18.1.1, LSP-ID: 0x0001
	    0x0000:  c612 0101 0000 0001
	  Label Object (16) Flags: [reject if unknown], Class-Type: Label (1), length: 8
	    Label: 1001
	    0x0000:  0000 03e9
	  RRO Object (21) Flags: [reject if unknown], Class-Type: IPv4 (1), length: 12
	    Subobject Type: IPv4 prefix, length 8, Strict, 198.18.2.1/32, Flags: [none]
	    0x0000:  0108 c612 0201 2000
2026-09-22 18:13:40.794369 ?     Out ifindex 10 3e:af:b2:df:f7:9c ethertype IPv4 (0x0800), length 216: (tos 0x0, ttl 64, id 61698, offset 0, flags [none], proto RSVP (46), length 196, options (RA))
    198.18.1.1 > 198.18.2.1: 
	RSVPv1 Path Message (1), Flags: [none], length: 172, ttl: 64, checksum: 0x24ed
	  Session Object (1) Flags: [reject if unknown], Class-Type: Tunnel IPv4 (7), length: 16
	    IPv4 Tunnel EndPoint: 198.18.2.1, Tunnel ID: 0xf92c, Extended Tunnel ID: 198.18.1.1
	    0x0000:  c612 0201 0000 f92c c612 0101
	  RSVP Hop Object (3) Flags: [reject if unknown], Class-Type: IPv4 (1), length: 12
	    Previous/Next Interface: 10.12.0.1, Logical Interface Handle: 0x00000000
	    0x0000:  0a0c 0001 0000 0000
	  Time Values Object (5) Flags: [reject if unknown], Class-Type: 1 (1), length: 8
	    Refresh Period: 1000ms
	    0x0000:  0000 03e8
	  ERO Object (20) Flags: [reject if unknown], Class-Type: IPv4 (1), length: 12
	    Subobject Type: IPv4 prefix, length 8, Strict, 10.12.0.2/32, Flags: [none]
	    0x0000:  0108 0a0c 0002 2000
	  Label Request Object (19) Flags: [reject if unknown], Class-Type: without label range (1), length: 8
	    L3 Protocol ID: IPv4
	    0x0000:  0000 0800
	  Sender Template Object (11) Flags: [reject if unknown], Class-Type: Tunnel IPv4 (7), length: 12
	    IPv4 Tunnel Sender Address: 198.18.1.1, LSP-ID: 0x0001
	    0x0000:  c612 0101 0000 0001
	  Sender TSpec Object (12) Flags: [reject if unknown], Class-Type: IntServ (2), length: 36
	    Msg-Version: 0, length: 28
	    Service Type: Default/Global Information (1), break bit not set, Service length: 24
	      Parameter ID: Token Bucket TSpec (127), length: 20, Flags: [0x00]
		Token Bucket Rate: 0 Mbps
		Token Bucket Size: 0 bytes
		Peak Data Rate: 0 Mbps
		Minimum Policed Unit: 20 bytes
		Maximum Packet Size: 65535 bytes
	    0x0000:  0000 0007 0100 0006 7f00 0005 0000 0000
	    0x0010:  0000 0000 0000 0000 0000 0014 0000 ffff
	  Adspec Object (13) Flags: [reject if unknown], Class-Type: IntServ (2), length: 48
	    Msg-Version: 0, length: 40
	    Service Type: Default/Global Information (1), break bit not set, Service length: 32
	      Parameter ID: IS hop cnt (4), length: 4, Flags: [0x00]
		IS hop count: 1
	      Parameter ID: Path b/w estimate (6), length: 4, Flags: [0x00]
		Path b/w estimate: 0 Mbps
	      Parameter ID: Minimum path latency (8), length: 4, Flags: [0x00]
		Minimum path latency: don't care
	      Parameter ID: Composed MTU (10), length: 4, Flags: [0x00]
		Composed MTU: 1500 bytes
	    Service Type: Controlled Load (5), break bit not set, Service length: 0
	    0x0000:  0000 000a 0100 0008 0400 0001 0000 0001
	    0x0010:  0600 0001 0000 0000 0800 0001 ffff ffff
	    0x0020:  0a00 0001 0000 05dc 0500 0000
	  RRO Object (21) Flags: [reject if unknown], Class-Type: IPv4 (1), length: 12
	    Subobject Type: IPv4 prefix, length 8, Strict, 198.18.1.1/32, Flags: [none]
	    0x0000:  0108 c612 0101 2000
2026-09-22 18:13:40.794917 ?     Out ifindex 11 36:59:02:b0:0d:9e ethertype IPv4 (0x0800), length 216: (tos 0x0, ttl 64, id 61699, offset 0, flags [none], proto RSVP (46), length 196, options (RA))
    198.18.1.1 > 198.18.2.1: 
	RSVPv1 Path Message (1), Flags: [none], length: 172, ttl: 64, checksum: 0x2032
	  Session Object (1) Flags: [reject if unknown], Class-Type: Tunnel IPv4 (7), length: 16
	    IPv4 Tunnel EndPoint: 198.18.2.1, Tunnel ID: 0xfde5, Extended Tunnel ID: 198.18.1.1
	    0x0000:  c612 0201 0000 fde5 c612 0101
	  RSVP Hop Object (3) Flags: [reject if unknown], Class-Type: IPv4 (1), length: 12
	    Previous/Next Interface: 10.13.0.1, Logical Interface Handle: 0x00000000
	    0x0000:  0a0d 0001 0000 0000
	  Time Values Object (5) Flags: [reject if unknown], Class-Type: 1 (1), length: 8
	    Refresh Period: 1000ms
	    0x0000:  0000 03e8
	  ERO Object (20) Flags: [reject if unknown], Class-Type: IPv4 (1), length: 12
	    Subobject Type: IPv4 prefix, length 8, Strict, 10.13.0.2/32, Flags: [none]
	    0x0000:  0108 0a0d 0002 2000
	  Label Request Object (19) Flags: [reject if unknown], Class-Type: without label range (1), length: 8
	    L3 Protocol ID: IPv4
	    0x0000:  0000 0800
	  Sender Template Object (11) Flags: [reject if unknown], Class-Type: Tunnel IPv4 (7), length: 12
	    IPv4 Tunnel Sender Address: 198.18.1.1, LSP-ID: 0x0001
	    0x0000:  c612 0101 0000 0001
	  Sender TSpec Object (12) Flags: [reject if unknown], Class-Type: IntServ (2), length: 36
	    Msg-Version: 0, length: 28
	    Service Type: Default/Global Information (1), break bit not set, Service length: 24
	      Parameter ID: Token Bucket TSpec (127), length: 20, Flags: [0x00]
		Token Bucket Rate: 0 Mbps
		Token Bucket Size: 0 bytes
		Peak Data Rate: 0 Mbps
		Minimum Policed Unit: 20 bytes
		Maximum Packet Size: 65535 bytes
	    0x0000:  0000 0007 0100 0006 7f00 0005 0000 0000
	    0x0010:  0000 0000 0000 0000 0000 0014 0000 ffff
	  Adspec Object (13) Flags: [reject if unknown], Class-Type: IntServ (2), length: 48
	    Msg-Version: 0, length: 40
	    Service Type: Default/Global Information (1), break bit not set, Service length: 32
	      Parameter ID: IS hop cnt (4), length: 4, Flags: [0x00]
		IS hop count: 1
	      Parameter ID: Path b/w estimate (6), length: 4, Flags: [0x00]
		Path b/w estimate: 0 Mbps
	      Parameter ID: Minimum path latency (8), length: 4, Flags: [0x00]
		Minimum path latency: don't care
	      Parameter ID: Composed MTU (10), length: 4, Flags: [0x00]
		Composed MTU: 1500 bytes
	    Service Type: Controlled Load (5), break bit not set, Service length: 0
	    0x0000:  0000 000a 0100 0008 0400 0001 0000 0001
	    0x0010:  0600 0001 0000 0000 0800 0001 ffff ffff
	    0x0020:  0a00 0001 0000 05dc 0500 0000
	  RRO Object (21) Flags: [reject if unknown], Class-Type: IPv4 (1), length: 12
	    Subobject Type: IPv4 prefix, length 8, Strict, 198.18.1.1/32, Flags: [none]
	    0x0000:  0108 c612 0101 2000
2026-09-22 18:13:40.795290 ?     In  ifindex 10 26:4e:a0:4e:a5:e8 ethertype IPv4 (0x0800), length 160: (tos 0x0, ttl 64, id 36845, offset 0, flags [DF], proto RSVP (46), length 140)
    10.12.0.2 > 10.12.0.1: 
	RSVPv1 Resv Message (2), Flags: [none], length: 120, ttl: 64, checksum: 0x9188
	  Session Object (1) Flags: [reject if unknown], Class-Type: Tunnel IPv4 (7), length: 16
	    IPv4 Tunnel EndPoint: 198.18.2.1, Tunnel ID: 0xf92c, Extended Tunnel ID: 198.18.1.1
	    0x0000:  c612 0201 0000 f92c c612 0101
	  RSVP Hop Object (3) Flags: [reject if unknown], Class-Type: IPv4 (1), length: 12
	    Previous/Next Interface: 10.12.0.2, Logical Interface Handle: 0x00000000
	    0x0000:  0a0c 0002 0000 0000
	  Time Values Object (5) Flags: [reject if unknown], Class-Type: 1 (1), length: 8
	    Refresh Period: 1000ms
	    0x0000:  0000 03e8
	  Style Object (8) Flags: [reject if unknown], Class-Type: 1 (1), length: 8
	    Reservation Style: Shared Explicit, Flags: [0x00]
	    0x0000:  0000 0012
	  Flowspec Object (9) Flags: [reject if unknown], Class-Type: IntServ (2), length: 36
	    Msg-Version: 0, length: 28
	    Service Type: Controlled Load (5), break bit not set, Service length: 24
	      Parameter ID: Token Bucket TSpec (127), length: 20, Flags: [0x00]
		Token Bucket Rate: 0 Mbps
		Token Bucket Size: 0 bytes
		Peak Data Rate: 0 Mbps
		Minimum Policed Unit: 20 bytes
		Maximum Packet Size: 1500 bytes
	    0x0000:  0000 0007 0500 0006 7f00 0005 0000 0000
	    0x0010:  0000 0000 0000 0000 0000 0014 0000 05dc
	  FilterSpec Object (10) Flags: [reject if unknown], Class-Type: Tunnel IPv4 (7), length: 12
	    Source Address: 198.18.1.1, LSP-ID: 0x0001
	    0x0000:  c612 0101 0000 0001
	  Label Object (16) Flags: [reject if unknown], Class-Type: Label (1), length: 8
	    Label: 1000
	    0x0000:  0000 03e8
	  RRO Object (21) Flags: [reject if unknown], Class-Type: IPv4 (1), length: 12
	    Subobject Type: IPv4 prefix, length 8, Strict, 198.18.2.1/32, Flags: [none]
	    0x0000:  0108 c612 0201 2000
2026-09-22 18:13:40.795939 ?     In  ifindex 11 86:b9:5b:6f:41:00 ethertype IPv4 (0x0800), length 160: (tos 0x0, ttl 64, id 29272, offset 0, flags [DF], proto RSVP (46), length 140)
    10.13.0.2 > 10.13.0.1: 
	RSVPv1 Resv Message (2), Flags: [none], length: 120, ttl: 64, checksum: 0x8ccd
	  Session Object (1) Flags: [reject if unknown], Class-Type: Tunnel IPv4 (7), length: 16
	    IPv4 Tunnel EndPoint: 198.18.2.1, Tunnel ID: 0xfde5, Extended Tunnel ID: 198.18.1.1
	    0x0000:  c612 0201 0000 fde5 c612 0101
	  RSVP Hop Object (3) Flags: [reject if unknown], Class-Type: IPv4 (1), length: 12
	    Previous/Next Interface: 10.13.0.2, Logical Interface Handle: 0x00000000
	    0x0000:  0a0d 0002 0000 0000
	  Time Values Object (5) Flags: [reject if unknown], Class-Type: 1 (1), length: 8
	    Refresh Period: 1000ms
	    0x0000:  0000 03e8
	  Style Object (8) Flags: [reject if unknown], Class-Type: 1 (1), length: 8
	    Reservation Style: Shared Explicit, Flags: [0x00]
	    0x0000:  0000 0012
	  Flowspec Object (9) Flags: [reject if unknown], Class-Type: IntServ (2), length: 36
	    Msg-Version: 0, length: 28
	    Service Type: Controlled Load (5), break bit not set, Service length: 24
	      Parameter ID: Token Bucket TSpec (127), length: 20, Flags: [0x00]
		Token Bucket Rate: 0 Mbps
		Token Bucket Size: 0 bytes
		Peak Data Rate: 0 Mbps
		Minimum Policed Unit: 20 bytes
		Maximum Packet Size: 1500 bytes
	    0x0000:  0000 0007 0500 0006 7f00 0005 0000 0000
	    0x0010:  0000 0000 0000 0000 0000 0014 0000 05dc
	  FilterSpec Object (10) Flags: [reject if unknown], Class-Type: Tunnel IPv4 (7), length: 12
	    Source Address: 198.18.1.1, LSP-ID: 0x0001
	    0x0000:  c612 0101 0000 0001
	  Label Object (16) Flags: [reject if unknown], Class-Type: Label (1), length: 8
	    Label: 1001
	    0x0000:  0000 03e9
	  RRO Object (21) Flags: [reject if unknown], Class-Type: IPv4 (1), length: 12
	    Subobject Type: IPv4 prefix, length 8, Strict, 198.18.2.1/32, Flags: [none]
	    0x0000:  0108 c612 0201 2000
2026-09-22 18:13:41.424699 ?     In  ifindex 10 26:4e:a0:4e:a5:e8 ethertype IPv4 (0x0800), length 160: (tos 0x0, ttl 64, id 37392, offset 0, flags [DF], proto RSVP (46), length 140)
    10.12.0.2 > 10.12.0.1: 
	RSVPv1 Resv Message (2), Flags: [none], length: 120, ttl: 64, checksum: 0x9188
	  Session Object (1) Flags: [reject if unknown], Class-Type: Tunnel IPv4 (7), length: 16
	    IPv4 Tunnel EndPoint: 198.18.2.1, Tunnel ID: 0xf92c, Extended Tunnel ID: 198.18.1.1
	    0x0000:  c612 0201 0000 f92c c612 0101
	  RSVP Hop Object (3) Flags: [reject if unknown], Class-Type: IPv4 (1), length: 12
	    Previous/Next Interface: 10.12.0.2, Logical Interface Handle: 0x00000000
	    0x0000:  0a0c 0002 0000 0000
	  Time Values Object (5) Flags: [reject if unknown], Class-Type: 1 (1), length: 8
	    Refresh Period: 1000ms
	    0x0000:  0000 03e8
	  Style Object (8) Flags: [reject if unknown], Class-Type: 1 (1), length: 8
	    Reservation Style: Shared Explicit, Flags: [0x00]
	    0x0000:  0000 0012
	  Flowspec Object (9) Flags: [reject if unknown], Class-Type: IntServ (2), length: 36
	    Msg-Version: 0, length: 28
	    Service Type: Controlled Load (5), break bit not set, Service length: 24
	      Parameter ID: Token Bucket TSpec (127), length: 20, Flags: [0x00]
		Token Bucket Rate: 0 Mbps
		Token Bucket Size: 0 bytes
		Peak Data Rate: 0 Mbps
		Minimum Policed Unit: 20 bytes
		Maximum Packet Size: 1500 bytes
	    0x0000:  0000 0007 0500 0006 7f00 0005 0000 0000
	    0x0010:  0000 0000 0000 0000 0000 0014 0000 05dc
	  FilterSpec Object (10) Flags: [reject if unknown], Class-Type: Tunnel IPv4 (7), length: 12
	    Source Address: 198.18.1.1, LSP-ID: 0x0001
	    0x0000:  c612 0101 0000 0001
	  Label Object (16) Flags: [reject if unknown], Class-Type: Label (1), length: 8
	    Label: 1000
	    0x0000:  0000 03e8
	  RRO Object (21) Flags: [reject if unknown], Class-Type: IPv4 (1), length: 12
	    Subobject Type: IPv4 prefix, length 8, Strict, 198.18.2.1/32, Flags: [none]
	    0x0000:  0108 c612 0201 2000
2026-09-22 18:13:41.424960 ?     In  ifindex 11 86:b9:5b:6f:41:00 ethertype IPv4 (0x0800), length 160: (tos 0x0, ttl 64, id 29572, offset 0, flags [DF], proto RSVP (46), length 140)
    10.13.0.2 > 10.13.0.1: 
	RSVPv1 Resv Message (2), Flags: [none], length: 120, ttl: 64, checksum: 0x8ccd
	  Session Object (1) Flags: [reject if unknown], Class-Type: Tunnel IPv4 (7), length: 16
	    IPv4 Tunnel EndPoint: 198.18.2.1, Tunnel ID: 0xfde5, Extended Tunnel ID: 198.18.1.1
	    0x0000:  c612 0201 0000 fde5 c612 0101
	  RSVP Hop Object (3) Flags: [reject if unknown], Class-Type: IPv4 (1), length: 12
	    Previous/Next Interface: 10.13.0.2, Logical Interface Handle: 0x00000000
	    0x0000:  0a0d 0002 0000 0000
	  Time Values Object (5) Flags: [reject if unknown], Class-Type: 1 (1), length: 8
	    Refresh Period: 1000ms
	    0x0000:  0000 03e8
	  Style Object (8) Flags: [reject if unknown], Class-Type: 1 (1), length: 8
	    Reservation Style: Shared Explicit, Flags: [0x00]
	    0x0000:  0000 0012
	  Flowspec Object (9) Flags: [reject if unknown], Class-Type: IntServ (2), length: 36
	    Msg-Version: 0, length: 28
	    Service Type: Controlled Load (5), break bit not set, Service length: 24
	      Parameter ID: Token Bucket TSpec (127), length: 20, Flags: [0x00]
		Token Bucket Rate: 0 Mbps
		Token Bucket Size: 0 bytes
		Peak Data Rate: 0 Mbps
		Minimum Policed Unit: 20 bytes
		Maximum Packet Size: 1500 bytes
	    0x0000:  0000 0007 0500 0006 7f00 0005 0000 0000
	    0x0010:  0000 0000 0000 0000 0000 0014 0000 05dc
	  FilterSpec Object (10) Flags: [reject if unknown], Class-Type: Tunnel IPv4 (7), length: 12
	    Source Address: 198.18.1.1, LSP-ID: 0x0001
	    0x0000:  c612 0101 0000 0001
	  Label Object (16) Flags: [reject if unknown], Class-Type: Label (1), length: 8
	    Label: 1001
	    0x0000:  0000 03e9
	  RRO Object (21) Flags: [reject if unknown], Class-Type: IPv4 (1), length: 12
	    Subobject Type: IPv4 prefix, length 8, Strict, 198.18.2.1/32, Flags: [none]
	    0x0000:  0108 c612 0201 2000
2026-09-22 18:13:41.794395 ?     Out ifindex 10 3e:af:b2:df:f7:9c ethertype IPv4 (0x0800), length 216: (tos 0x0, ttl 64, id 62423, offset 0, flags [none], proto RSVP (46), length 196, options (RA))
    198.18.1.1 > 198.18.2.1: 
	RSVPv1 Path Message (1), Flags: [none], length: 172, ttl: 64, checksum: 0x24ed
	  Session Object (1) Flags: [reject if unknown], Class-Type: Tunnel IPv4 (7), length: 16
	    IPv4 Tunnel EndPoint: 198.18.2.1, Tunnel ID: 0xf92c, Extended Tunnel ID: 198.18.1.1
	    0x0000:  c612 0201 0000 f92c c612 0101
	  RSVP Hop Object (3) Flags: [reject if unknown], Class-Type: IPv4 (1), length: 12
	    Previous/Next Interface: 10.12.0.1, Logical Interface Handle: 0x00000000
	    0x0000:  0a0c 0001 0000 0000
	  Time Values Object (5) Flags: [reject if unknown], Class-Type: 1 (1), length: 8
	    Refresh Period: 1000ms
	    0x0000:  0000 03e8
	  ERO Object (20) Flags: [reject if unknown], Class-Type: IPv4 (1), length: 12
	    Subobject Type: IPv4 prefix, length 8, Strict, 10.12.0.2/32, Flags: [none]
	    0x0000:  0108 0a0c 0002 2000
	  Label Request Object (19) Flags: [reject if unknown], Class-Type: without label range (1), length: 8
	    L3 Protocol ID: IPv4
	    0x0000:  0000 0800
	  Sender Template Object (11) Flags: [reject if unknown], Class-Type: Tunnel IPv4 (7), length: 12
	    IPv4 Tunnel Sender Address: 198.18.1.1, LSP-ID: 0x0001
	    0x0000:  c612 0101 0000 0001
	  Sender TSpec Object (12) Flags: [reject if unknown], Class-Type: IntServ (2), length: 36
	    Msg-Version: 0, length: 28
	    Service Type: Default/Global Information (1), break bit not set, Service length: 24
	      Parameter ID: Token Bucket TSpec (127), length: 20, Flags: [0x00]
		Token Bucket Rate: 0 Mbps
		Token Bucket Size: 0 bytes
		Peak Data Rate: 0 Mbps
		Minimum Policed Unit: 20 bytes
		Maximum Packet Size: 65535 bytes
	    0x0000:  0000 0007 0100 0006 7f00 0005 0000 0000
	    0x0010:  0000 0000 0000 0000 0000 0014 0000 ffff
	  Adspec Object (13) Flags: [reject if unknown], Class-Type: IntServ (2), length: 48
	    Msg-Version: 0, length: 40
	    Service Type: Default/Global Information (1), break bit not set, Service length: 32
	      Parameter ID: IS hop cnt (4), length: 4, Flags: [0x00]
		IS hop count: 1
	      Parameter ID: Path b/w estimate (6), length: 4, Flags: [0x00]
		Path b/w estimate: 0 Mbps
	      Parameter ID: Minimum path latency (8), length: 4, Flags: [0x00]
		Minimum path latency: don't care
	      Parameter ID: Composed MTU (10), length: 4, Flags: [0x00]
		Composed MTU: 1500 bytes
	    Service Type: Controlled Load (5), break bit not set, Service length: 0
	    0x0000:  0000 000a 0100 0008 0400 0001 0000 0001
	    0x0010:  0600 0001 0000 0000 0800 0001 ffff ffff
	    0x0020:  0a00 0001 0000 05dc 0500 0000
	  RRO Object (21) Flags: [reject if unknown], Class-Type: IPv4 (1), length: 12
	    Subobject Type: IPv4 prefix, length 8, Strict, 198.18.1.1/32, Flags: [none]
	    0x0000:  0108 c612 0101 2000
2026-09-22 18:13:41.794986 ?     Out ifindex 11 36:59:02:b0:0d:9e ethertype IPv4 (0x0800), length 216: (tos 0x0, ttl 64, id 62424, offset 0, flags [none], proto RSVP (46), length 196, options (RA))
    198.18.1.1 > 198.18.2.1: 
	RSVPv1 Path Message (1), Flags: [none], length: 172, ttl: 64, checksum: 0x2032
	  Session Object (1) Flags: [reject if unknown], Class-Type: Tunnel IPv4 (7), length: 16
	    IPv4 Tunnel EndPoint: 198.18.2.1, Tunnel ID: 0xfde5, Extended Tunnel ID: 198.18.1.1
	    0x0000:  c612 0201 0000 fde5 c612 0101
	  RSVP Hop Object (3) Flags: [reject if unknown], Class-Type: IPv4 (1), length: 12
	    Previous/Next Interface: 10.13.0.1, Logical Interface Handle: 0x00000000
	    0x0000:  0a0d 0001 0000 0000
	  Time Values Object (5) Flags: [reject if unknown], Class-Type: 1 (1), length: 8
	    Refresh Period: 1000ms
	    0x0000:  0000 03e8
	  ERO Object (20) Flags: [reject if unknown], Class-Type: IPv4 (1), length: 12
	    Subobject Type: IPv4 prefix, length 8, Strict, 10.13.0.2/32, Flags: [none]
	    0x0000:  0108 0a0d 0002 2000
	  Label Request Object (19) Flags: [reject if unknown], Class-Type: without label range (1), length: 8
	    L3 Protocol ID: IPv4
	    0x0000:  0000 0800
	  Sender Template Object (11) Flags: [reject if unknown], Class-Type: Tunnel IPv4 (7), length: 12
	    IPv4 Tunnel Sender Address: 198.18.1.1, LSP-ID: 0x0001
	    0x0000:  c612 0101 0000 0001
	  Sender TSpec Object (12) Flags: [reject if unknown], Class-Type: IntServ (2), length: 36
	    Msg-Version: 0, length: 28
	    Service Type: Default/Global Information (1), break bit not set, Service length: 24
	      Parameter ID: Token Bucket TSpec (127), length: 20, Flags: [0x00]
		Token Bucket Rate: 0 Mbps
		Token Bucket Size: 0 bytes
		Peak Data Rate: 0 Mbps
		Minimum Policed Unit: 20 bytes
		Maximum Packet Size: 65535 bytes
	    0x0000:  0000 0007 0100 0006 7f00 0005 0000 0000
	    0x0010:  0000 0000 0000 0000 0000 0014 0000 ffff
	  Adspec Object (13) Flags: [reject if unknown], Class-Type: IntServ (2), length: 48
	    Msg-Version: 0, length: 40
	    Service Type: Default/Global Information (1), break bit not set, Service length: 32
	      Parameter ID: IS hop cnt (4), length: 4, Flags: [0x00]
		IS hop count: 1
	      Parameter ID: Path b/w estimate (6), length: 4, Flags: [0x00]
		Path b/w estimate: 0 Mbps
	      Parameter ID: Minimum path latency (8), length: 4, Flags: [0x00]
		Minimum path latency: don't care
	      Parameter ID: Composed MTU (10), length: 4, Flags: [0x00]
		Composed MTU: 1500 bytes
	    Service Type: Controlled Load (5), break bit not set, Service length: 0
	    0x0000:  0000 000a 0100 0008 0400 0001 0000 0001
	    0x0010:  0600 0001 0000 0000 0800 0001 ffff ffff
	    0x0020:  0a00 0001 0000 05dc 0500 0000
	  RRO Object (21) Flags: [reject if unknown], Class-Type: IPv4 (1), length: 12
	    Subobject Type: IPv4 prefix, length 8, Strict, 198.18.1.1/32, Flags: [none]
	    0x0000:  0108 c612 0101 2000
2026-09-22 18:13:41.795715 ?     In  ifindex 10 26:4e:a0:4e:a5:e8 ethertype IPv4 (0x0800), length 160: (tos 0x0, ttl 64, id 37424, offset 0, flags [DF], proto RSVP (46), length 140)
    10.12.0.2 > 10.12.0.1: 
	RSVPv1 Resv Message (2), Flags: [none], length: 120, ttl: 64, checksum: 0x9188
	  Session Object (1) Flags: [reject if unknown], Class-Type: Tunnel IPv4 (7), length: 16
	    IPv4 Tunnel EndPoint: 198.18.2.1, Tunnel ID: 0xf92c, Extended Tunnel ID: 198.18.1.1
	    0x0000:  c612 0201 0000 f92c c612 0101
	  RSVP Hop Object (3) Flags: [reject if unknown], Class-Type: IPv4 (1), length: 12
	    Previous/Next Interface: 10.12.0.2, Logical Interface Handle: 0x00000000
	    0x0000:  0a0c 0002 0000 0000
	  Time Values Object (5) Flags: [reject if unknown], Class-Type: 1 (1), length: 8
	    Refresh Period: 1000ms
	    0x0000:  0000 03e8
	  Style Object (8) Flags: [reject if unknown], Class-Type: 1 (1), length: 8
	    Reservation Style: Shared Explicit, Flags: [0x00]
	    0x0000:  0000 0012
	  Flowspec Object (9) Flags: [reject if unknown], Class-Type: IntServ (2), length: 36
	    Msg-Version: 0, length: 28
	    Service Type: Controlled Load (5), break bit not set, Service length: 24
	      Parameter ID: Token Bucket TSpec (127), length: 20, Flags: [0x00]
		Token Bucket Rate: 0 Mbps
		Token Bucket Size: 0 bytes
		Peak Data Rate: 0 Mbps
		Minimum Policed Unit: 20 bytes
		Maximum Packet Size: 1500 bytes
	    0x0000:  0000 0007 0500 0006 7f00 0005 0000 0000
	    0x0010:  0000 0000 0000 0000 0000 0014 0000 05dc
	  FilterSpec Object (10) Flags: [reject if unknown], Class-Type: Tunnel IPv4 (7), length: 12
	    Source Address: 198.18.1.1, LSP-ID: 0x0001
	    0x0000:  c612 0101 0000 0001
	  Label Object (16) Flags: [reject if unknown], Class-Type: Label (1), length: 8
	    Label: 1000
	    0x0000:  0000 03e8
	  RRO Object (21) Flags: [reject if unknown], Class-Type: IPv4 (1), length: 12
	    Subobject Type: IPv4 prefix, length 8, Strict, 198.18.2.1/32, Flags: [none]
	    0x0000:  0108 c612 0201 2000
2026-09-22 18:13:41.796285 ?     In  ifindex 11 86:b9:5b:6f:41:00 ethertype IPv4 (0x0800), length 160: (tos 0x0, ttl 64, id 29928, offset 0, flags [DF], proto RSVP (46), length 140)
    10.13.0.2 > 10.13.0.1: 
	RSVPv1 Resv Message (2), Flags: [none], length: 120, ttl: 64, checksum: 0x8ccd
	  Session Object (1) Flags: [reject if unknown], Class-Type: Tunnel IPv4 (7), length: 16
	    IPv4 Tunnel EndPoint: 198.18.2.1, Tunnel ID: 0xfde5, Extended Tunnel ID: 198.18.1.1
	    0x0000:  c612 0201 0000 fde5 c612 0101
	  RSVP Hop Object (3) Flags: [reject if unknown], Class-Type: IPv4 (1), length: 12
	    Previous/Next Interface: 10.13.0.2, Logical Interface Handle: 0x00000000
	    0x0000:  0a0d 0002 0000 0000
	  Time Values Object (5) Flags: [reject if unknown], Class-Type: 1 (1), length: 8
	    Refresh Period: 1000ms
	    0x0000:  0000 03e8
	  Style Object (8) Flags: [reject if unknown], Class-Type: 1 (1), length: 8
	    Reservation Style: Shared Explicit, Flags: [0x00]
	    0x0000:  0000 0012
	  Flowspec Object (9) Flags: [reject if unknown], Class-Type: IntServ (2), length: 36
	    Msg-Version: 0, length: 28
	    Service Type: Controlled Load (5), break bit not set, Service length: 24
	      Parameter ID: Token Bucket TSpec (127), length: 20, Flags: [0x00]
		Token Bucket Rate: 0 Mbps
		Token Bucket Size: 0 bytes
		Peak Data Rate: 0 Mbps
		Minimum Policed Unit: 20 bytes
		Maximum Packet Size: 1500 bytes
	    0x0000:  0000 0007 0500 0006 7f00 0005 0000 0000
	    0x0010:  0000 0000 0000 0000 0000 0014 0000 05dc
	  FilterSpec Object (10) Flags: [reject if unknown], Class-Type: Tunnel IPv4 (7), length: 12
	    Source Address: 198.18.1.1, LSP-ID: 0x0001
	    0x0000:  c612 0101 0000 0001
	  Label Object (16) Flags: [reject if unknown], Class-Type: Label (1), length: 8
	    Label: 1001
	    0x0000:  0000 03e9
	  RRO Object (21) Flags: [reject if unknown], Class-Type: IPv4 (1), length: 12
	    Subobject Type: IPv4 prefix, length 8, Strict, 198.18.2.1/32, Flags: [none]
	    0x0000:  0108 c612 0201 2000
2026-09-22 18:13:42.423227 ?     In  ifindex 11 86:b9:5b:6f:41:00 ethertype IPv4 (0x0800), length 160: (tos 0x0, ttl 64, id 29963, offset 0, flags [DF], proto RSVP (46), length 140)
    10.13.0.2 > 10.13.0.1: 
	RSVPv1 Resv Message (2), Flags: [none], length: 120, ttl: 64, checksum: 0x8ccd
	  Session Object (1) Flags: [reject if unknown], Class-Type: Tunnel IPv4 (7), length: 16
	    IPv4 Tunnel EndPoint: 198.18.2.1, Tunnel ID: 0xfde5, Extended Tunnel ID: 198.18.1.1
	    0x0000:  c612 0201 0000 fde5 c612 0101
	  RSVP Hop Object (3) Flags: [reject if unknown], Class-Type: IPv4 (1), length: 12
	    Previous/Next Interface: 10.13.0.2, Logical Interface Handle: 0x00000000
	    0x0000:  0a0d 0002 0000 0000
	  Time Values Object (5) Flags: [reject if unknown], Class-Type: 1 (1), length: 8
	    Refresh Period: 1000ms
	    0x0000:  0000 03e8
	  Style Object (8) Flags: [reject if unknown], Class-Type: 1 (1), length: 8
	    Reservation Style: Shared Explicit, Flags: [0x00]
	    0x0000:  0000 0012
	  Flowspec Object (9) Flags: [reject if unknown], Class-Type: IntServ (2), length: 36
	    Msg-Version: 0, length: 28
	    Service Type: Controlled Load (5), break bit not set, Service length: 24
	      Parameter ID: Token Bucket TSpec (127), length: 20, Flags: [0x00]
		Token Bucket Rate: 0 Mbps
		Token Bucket Size: 0 bytes
		Peak Data Rate: 0 Mbps
		Minimum Policed Unit: 20 bytes
		Maximum Packet Size: 1500 bytes
	    0x0000:  0000 0007 0500 0006 7f00 0005 0000 0000
	    0x0010:  0000 0000 0000 0000 0000 0014 0000 05dc
	  FilterSpec Object (10) Flags: [reject if unknown], Class-Type: Tunnel IPv4 (7), length: 12
	    Source Address: 198.18.1.1, LSP-ID: 0x0001
	    0x0000:  c612 0101 0000 0001
	  Label Object (16) Flags: [reject if unknown], Class-Type: Label (1), length: 8
	    Label: 1001
	    0x0000:  0000 03e9
	  RRO Object (21) Flags: [reject if unknown], Class-Type: IPv4 (1), length: 12
	    Subobject Type: IPv4 prefix, length 8, Strict, 198.18.2.1/32, Flags: [none]
	    0x0000:  0108 c612 0201 2000
2026-09-22 18:13:42.423987 ?     In  ifindex 10 26:4e:a0:4e:a5:e8 ethertype IPv4 (0x0800), length 160: (tos 0x0, ttl 64, id 37454, offset 0, flags [DF], proto RSVP (46), length 140)
    10.12.0.2 > 10.12.0.1: 
	RSVPv1 Resv Message (2), Flags: [none], length: 120, ttl: 64, checksum: 0x9188
	  Session Object (1) Flags: [reject if unknown], Class-Type: Tunnel IPv4 (7), length: 16
	    IPv4 Tunnel EndPoint: 198.18.2.1, Tunnel ID: 0xf92c, Extended Tunnel ID: 198.18.1.1
	    0x0000:  c612 0201 0000 f92c c612 0101
	  RSVP Hop Object (3) Flags: [reject if unknown], Class-Type: IPv4 (1), length: 12
	    Previous/Next Interface: 10.12.0.2, Logical Interface Handle: 0x00000000
	    0x0000:  0a0c 0002 0000 0000
	  Time Values Object (5) Flags: [reject if unknown], Class-Type: 1 (1), length: 8
	    Refresh Period: 1000ms
	    0x0000:  0000 03e8
	  Style Object (8) Flags: [reject if unknown], Class-Type: 1 (1), length: 8
	    Reservation Style: Shared Explicit, Flags: [0x00]
	    0x0000:  0000 0012
	  Flowspec Object (9) Flags: [reject if unknown], Class-Type: IntServ (2), length: 36
	    Msg-Version: 0, length: 28
	    Service Type: Controlled Load (5), break bit not set, Service length: 24
	      Parameter ID: Token Bucket TSpec (127), length: 20, Flags: [0x00]
		Token Bucket Rate: 0 Mbps
		Token Bucket Size: 0 bytes
		Peak Data Rate: 0 Mbps
		Minimum Policed Unit: 20 bytes
		Maximum Packet Size: 1500 bytes
	    0x0000:  0000 0007 0500 0006 7f00 0005 0000 0000
	    0x0010:  0000 0000 0000 0000 0000 0014 0000 05dc
	  FilterSpec Object (10) Flags: [reject if unknown], Class-Type: Tunnel IPv4 (7), length: 12
	    Source Address: 198.18.1.1, LSP-ID: 0x0001
	    0x0000:  c612 0101 0000 0001
	  Label Object (16) Flags: [reject if unknown], Class-Type: Label (1), length: 8
	    Label: 1000
	    0x0000:  0000 03e8
	  RRO Object (21) Flags: [reject if unknown], Class-Type: IPv4 (1), length: 12
	    Subobject Type: IPv4 prefix, length 8, Strict, 198.18.2.1/32, Flags: [none]
	    0x0000:  0108 c612 0201 2000
2026-09-22 18:13:42.794519 ?     Out ifindex 10 3e:af:b2:df:f7:9c ethertype IPv4 (0x0800), length 216: (tos 0x0, ttl 64, id 62447, offset 0, flags [none], proto RSVP (46), length 196, options (RA))
    198.18.1.1 > 198.18.2.1: 
	RSVPv1 Path Message (1), Flags: [none], length: 172, ttl: 64, checksum: 0x24ed
	  Session Object (1) Flags: [reject if unknown], Class-Type: Tunnel IPv4 (7), length: 16
	    IPv4 Tunnel EndPoint: 198.18.2.1, Tunnel ID: 0xf92c, Extended Tunnel ID: 198.18.1.1
	    0x0000:  c612 0201 0000 f92c c612 0101
	  RSVP Hop Object (3) Flags: [reject if unknown], Class-Type: IPv4 (1), length: 12
	    Previous/Next Interface: 10.12.0.1, Logical Interface Handle: 0x00000000
	    0x0000:  0a0c 0001 0000 0000
	  Time Values Object (5) Flags: [reject if unknown], Class-Type: 1 (1), length: 8
	    Refresh Period: 1000ms
	    0x0000:  0000 03e8
	  ERO Object (20) Flags: [reject if unknown], Class-Type: IPv4 (1), length: 12
	    Subobject Type: IPv4 prefix, length 8, Strict, 10.12.0.2/32, Flags: [none]
	    0x0000:  0108 0a0c 0002 2000
	  Label Request Object (19) Flags: [reject if unknown], Class-Type: without label range (1), length: 8
	    L3 Protocol ID: IPv4
	    0x0000:  0000 0800
	  Sender Template Object (11) Flags: [reject if unknown], Class-Type: Tunnel IPv4 (7), length: 12
	    IPv4 Tunnel Sender Address: 198.18.1.1, LSP-ID: 0x0001
	    0x0000:  c612 0101 0000 0001
	  Sender TSpec Object (12) Flags: [reject if unknown], Class-Type: IntServ (2), length: 36
	    Msg-Version: 0, length: 28
	    Service Type: Default/Global Information (1), break bit not set, Service length: 24
	      Parameter ID: Token Bucket TSpec (127), length: 20, Flags: [0x00]
		Token Bucket Rate: 0 Mbps
		Token Bucket Size: 0 bytes
		Peak Data Rate: 0 Mbps
		Minimum Policed Unit: 20 bytes
		Maximum Packet Size: 65535 bytes
	    0x0000:  0000 0007 0100 0006 7f00 0005 0000 0000
	    0x0010:  0000 0000 0000 0000 0000 0014 0000 ffff
	  Adspec Object (13) Flags: [reject if unknown], Class-Type: IntServ (2), length: 48
	    Msg-Version: 0, length: 40
	    Service Type: Default/Global Information (1), break bit not set, Service length: 32
	      Parameter ID: IS hop cnt (4), length: 4, Flags: [0x00]
		IS hop count: 1
	      Parameter ID: Path b/w estimate (6), length: 4, Flags: [0x00]
		Path b/w estimate: 0 Mbps
	      Parameter ID: Minimum path latency (8), length: 4, Flags: [0x00]
		Minimum path latency: don't care
	      Parameter ID: Composed MTU (10), length: 4, Flags: [0x00]
		Composed MTU: 1500 bytes
	    Service Type: Controlled Load (5), break bit not set, Service length: 0
	    0x0000:  0000 000a 0100 0008 0400 0001 0000 0001
	    0x0010:  0600 0001 0000 0000 0800 0001 ffff ffff
	    0x0020:  0a00 0001 0000 05dc 0500 0000
	  RRO Object (21) Flags: [reject if unknown], Class-Type: IPv4 (1), length: 12
	    Subobject Type: IPv4 prefix, length 8, Strict, 198.18.1.1/32, Flags: [none]
	    0x0000:  0108 c612 0101 2000
2026-09-22 18:13:42.795217 ?     Out ifindex 11 36:59:02:b0:0d:9e ethertype IPv4 (0x0800), length 216: (tos 0x0, ttl 64, id 62448, offset 0, flags [none], proto RSVP (46), length 196, options (RA))
    198.18.1.1 > 198.18.2.1: 
	RSVPv1 Path Message (1), Flags: [none], length: 172, ttl: 64, checksum: 0x2032
	  Session Object (1) Flags: [reject if unknown], Class-Type: Tunnel IPv4 (7), length: 16
	    IPv4 Tunnel EndPoint: 198.18.2.1, Tunnel ID: 0xfde5, Extended Tunnel ID: 198.18.1.1
	    0x0000:  c612 0201 0000 fde5 c612 0101
	  RSVP Hop Object (3) Flags: [reject if unknown], Class-Type: IPv4 (1), length: 12
	    Previous/Next Interface: 10.13.0.1, Logical Interface Handle: 0x00000000
	    0x0000:  0a0d 0001 0000 0000
	  Time Values Object (5) Flags: [reject if unknown], Class-Type: 1 (1), length: 8
	    Refresh Period: 1000ms
	    0x0000:  0000 03e8
	  ERO Object (20) Flags: [reject if unknown], Class-Type: IPv4 (1), length: 12
	    Subobject Type: IPv4 prefix, length 8, Strict, 10.13.0.2/32, Flags: [none]
	    0x0000:  0108 0a0d 0002 2000
	  Label Request Object (19) Flags: [reject if unknown], Class-Type: without label range (1), length: 8
	    L3 Protocol ID: IPv4
	    0x0000:  0000 0800
	  Sender Template Object (11) Flags: [reject if unknown], Class-Type: Tunnel IPv4 (7), length: 12
	    IPv4 Tunnel Sender Address: 198.18.1.1, LSP-ID: 0x0001
	    0x0000:  c612 0101 0000 0001
	  Sender TSpec Object (12) Flags: [reject if unknown], Class-Type: IntServ (2), length: 36
	    Msg-Version: 0, length: 28
	    Service Type: Default/Global Information (1), break bit not set, Service length: 24
	      Parameter ID: Token Bucket TSpec (127), length: 20, Flags: [0x00]
		Token Bucket Rate: 0 Mbps
		Token Bucket Size: 0 bytes
		Peak Data Rate: 0 Mbps
		Minimum Policed Unit: 20 bytes
		Maximum Packet Size: 65535 bytes
	    0x0000:  0000 0007 0100 0006 7f00 0005 0000 0000
	    0x0010:  0000 0000 0000 0000 0000 0014 0000 ffff
	  Adspec Object (13) Flags: [reject if unknown], Class-Type: IntServ (2), length: 48
	    Msg-Version: 0, length: 40
	    Service Type: Default/Global Information (1), break bit not set, Service length: 32
	      Parameter ID: IS hop cnt (4), length: 4, Flags: [0x00]
		IS hop count: 1
	      Parameter ID: Path b/w estimate (6), length: 4, Flags: [0x00]
		Path b/w estimate: 0 Mbps
	      Parameter ID: Minimum path latency (8), length: 4, Flags: [0x00]
		Minimum path latency: don't care
	      Parameter ID: Composed MTU (10), length: 4, Flags: [0x00]
		Composed MTU: 1500 bytes
	    Service Type: Controlled Load (5), break bit not set, Service length: 0
	    0x0000:  0000 000a 0100 0008 0400 0001 0000 0001
	    0x0010:  0600 0001 0000 0000 0800 0001 ffff ffff
	    0x0020:  0a00 0001 0000 05dc 0500 0000
	  RRO Object (21) Flags: [reject if unknown], Class-Type: IPv4 (1), length: 12
	    Subobject Type: IPv4 prefix, length 8, Strict, 198.18.1.1/32, Flags: [none]
	    0x0000:  0108 c612 0101 2000
2026-09-22 18:13:42.795347 ?     In  ifindex 10 26:4e:a0:4e:a5:e8 ethertype IPv4 (0x0800), length 160: (tos 0x0, ttl 64, id 37602, offset 0, flags [DF], proto RSVP (46), length 140)
    10.12.0.2 > 10.12.0.1: 
	RSVPv1 Resv Message (2), Flags: [none], length: 120, ttl: 64, checksum: 0x9188
	  Session Object (1) Flags: [reject if unknown], Class-Type: Tunnel IPv4 (7), length: 16
	    IPv4 Tunnel EndPoint: 198.18.2.1, Tunnel ID: 0xf92c, Extended Tunnel ID: 198.18.1.1
	    0x0000:  c612 0201 0000 f92c c612 0101
	  RSVP Hop Object (3) Flags: [reject if unknown], Class-Type: IPv4 (1), length: 12
	    Previous/Next Interface: 10.12.0.2, Logical Interface Handle: 0x00000000
	    0x0000:  0a0c 0002 0000 0000
	  Time Values Object (5) Flags: [reject if unknown], Class-Type: 1 (1), length: 8
	    Refresh Period: 1000ms
	    0x0000:  0000 03e8
	  Style Object (8) Flags: [reject if unknown], Class-Type: 1 (1), length: 8
	    Reservation Style: Shared Explicit, Flags: [0x00]
	    0x0000:  0000 0012
	  Flowspec Object (9) Flags: [reject if unknown], Class-Type: IntServ (2), length: 36
	    Msg-Version: 0, length: 28
	    Service Type: Controlled Load (5), break bit not set, Service length: 24
	      Parameter ID: Token Bucket TSpec (127), length: 20, Flags: [0x00]
		Token Bucket Rate: 0 Mbps
		Token Bucket Size: 0 bytes
		Peak Data Rate: 0 Mbps
		Minimum Policed Unit: 20 bytes
		Maximum Packet Size: 1500 bytes
	    0x0000:  0000 0007 0500 0006 7f00 0005 0000 0000
	    0x0010:  0000 0000 0000 0000 0000 0014 0000 05dc
	  FilterSpec Object (10) Flags: [reject if unknown], Class-Type: Tunnel IPv4 (7), length: 12
	    Source Address: 198.18.1.1, LSP-ID: 0x0001
	    0x0000:  c612 0101 0000 0001
	  Label Object (16) Flags: [reject if unknown], Class-Type: Label (1), length: 8
	    Label: 1000
	    0x0000:  0000 03e8
	  RRO Object (21) Flags: [reject if unknown], Class-Type: IPv4 (1), length: 12
	    Subobject Type: IPv4 prefix, length 8, Strict, 198.18.2.1/32, Flags: [none]
	    0x0000:  0108 c612 0201 2000
2026-09-22 18:13:42.795716 ?     In  ifindex 11 86:b9:5b:6f:41:00 ethertype IPv4 (0x0800), length 160: (tos 0x0, ttl 64, id 30081, offset 0, flags [DF], proto RSVP (46), length 140)
    10.13.0.2 > 10.13.0.1: 
	RSVPv1 Resv Message (2), Flags: [none], length: 120, ttl: 64, checksum: 0x8ccd
	  Session Object (1) Flags: [reject if unknown], Class-Type: Tunnel IPv4 (7), length: 16
	    IPv4 Tunnel EndPoint: 198.18.2.1, Tunnel ID: 0xfde5, Extended Tunnel ID: 198.18.1.1
	    0x0000:  c612 0201 0000 fde5 c612 0101
	  RSVP Hop Object (3) Flags: [reject if unknown], Class-Type: IPv4 (1), length: 12
	    Previous/Next Interface: 10.13.0.2, Logical Interface Handle: 0x00000000
	    0x0000:  0a0d 0002 0000 0000
	  Time Values Object (5) Flags: [reject if unknown], Class-Type: 1 (1), length: 8
	    Refresh Period: 1000ms
	    0x0000:  0000 03e8
	  Style Object (8) Flags: [reject if unknown], Class-Type: 1 (1), length: 8
	    Reservation Style: Shared Explicit, Flags: [0x00]
	    0x0000:  0000 0012
	  Flowspec Object (9) Flags: [reject if unknown], Class-Type: IntServ (2), length: 36
	    Msg-Version: 0, length: 28
	    Service Type: Controlled Load (5), break bit not set, Service length: 24
	      Parameter ID: Token Bucket TSpec (127), length: 20, Flags: [0x00]
		Token Bucket Rate: 0 Mbps
		Token Bucket Size: 0 bytes
		Peak Data Rate: 0 Mbps
		Minimum Policed Unit: 20 bytes
		Maximum Packet Size: 1500 bytes
	    0x0000:  0000 0007 0500 0006 7f00 0005 0000 0000
	    0x0010:  0000 0000 0000 0000 0000 0014 0000 05dc
	  FilterSpec Object (10) Flags: [reject if unknown], Class-Type: Tunnel IPv4 (7), length: 12
	    Source Address: 198.18.1.1, LSP-ID: 0x0001
	    0x0000:  c612 0101 0000 0001
	  Label Object (16) Flags: [reject if unknown], Class-Type: Label (1), length: 8
	    Label: 1001
	    0x0000:  0000 03e9
	  RRO Object (21) Flags: [reject if unknown], Class-Type: IPv4 (1), length: 12
	    Subobject Type: IPv4 prefix, length 8, Strict, 198.18.2.1/32, Flags: [none]
	    0x0000:  0108 c612 0201 2000
2026-09-22 18:13:42.844355 ?     Out ifindex 10 3e:af:b2:df:f7:9c ethertype IPv4 (0x0800), length 128: (tos 0x0, ttl 64, id 62474, offset 0, flags [none], proto RSVP (46), length 108, options (RA))
    198.18.1.1 > 198.18.2.1: 
	RSVPv1 PathTear Message (5), Flags: [none], length: 84, ttl: 64, checksum: 0xbaac
	  Session Object (1) Flags: [reject if unknown], Class-Type: Tunnel IPv4 (7), length: 16
	    IPv4 Tunnel EndPoint: 198.18.2.1, Tunnel ID: 0xf92c, Extended Tunnel ID: 198.18.1.1
	    0x0000:  c612 0201 0000 f92c c612 0101
	  RSVP Hop Object (3) Flags: [reject if unknown], Class-Type: IPv4 (1), length: 12
	    Previous/Next Interface: 10.12.0.1, Logical Interface Handle: 0x00000000
	    0x0000:  0a0c 0001 0000 0000
	  Sender Template Object (11) Flags: [reject if unknown], Class-Type: Tunnel IPv4 (7), length: 12
	    IPv4 Tunnel Sender Address: 198.18.1.1, LSP-ID: 0x0001
	    0x0000:  c612 0101 0000 0001
	  Sender TSpec Object (12) Flags: [reject if unknown], Class-Type: IntServ (2), length: 36
	    Msg-Version: 0, length: 28
	    Service Type: Default/Global Information (1), break bit not set, Service length: 24
	      Parameter ID: Token Bucket TSpec (127), length: 20, Flags: [0x00]
		Token Bucket Rate: 0 Mbps
		Token Bucket Size: 0 bytes
		Peak Data Rate: 0 Mbps
		Minimum Policed Unit: 20 bytes
		Maximum Packet Size: 65535 bytes
	    0x0000:  0000 0007 0100 0006 7f00 0005 0000 0000
	    0x0010:  0000 0000 0000 0000 0000 0014 0000 ffff
2026-09-22 18:13:42.845137 ?     Out ifindex 11 36:59:02:b0:0d:9e ethertype IPv4 (0x0800), length 128: (tos 0x0, ttl 64, id 62475, offset 0, flags [none], proto RSVP (46), length 108, options (RA))
    198.18.1.1 > 198.18.2.1: 
	RSVPv1 PathTear Message (5), Flags: [none], length: 84, ttl: 64, checksum: 0xb5f2
	  Session Object (1) Flags: [reject if unknown], Class-Type: Tunnel IPv4 (7), length: 16
	    IPv4 Tunnel EndPoint: 198.18.2.1, Tunnel ID: 0xfde5, Extended Tunnel ID: 198.18.1.1
	    0x0000:  c612 0201 0000 fde5 c612 0101
	  RSVP Hop Object (3) Flags: [reject if unknown], Class-Type: IPv4 (1), length: 12
	    Previous/Next Interface: 10.13.0.1, Logical Interface Handle: 0x00000000
	    0x0000:  0a0d 0001 0000 0000
	  Sender Template Object (11) Flags: [reject if unknown], Class-Type: Tunnel IPv4 (7), length: 12
	    IPv4 Tunnel Sender Address: 198.18.1.1, LSP-ID: 0x0001
	    0x0000:  c612 0101 0000 0001
	  Sender TSpec Object (12) Flags: [reject if unknown], Class-Type: IntServ (2), length: 36
	    Msg-Version: 0, length: 28
	    Service Type: Default/Global Information (1), break bit not set, Service length: 24
	      Parameter ID: Token Bucket TSpec (127), length: 20, Flags: [0x00]
		Token Bucket Rate: 0 Mbps
		Token Bucket Size: 0 bytes
		Peak Data Rate: 0 Mbps
		Minimum Policed Unit: 20 bytes
		Maximum Packet Size: 65535 bytes
	    0x0000:  0000 0007 0100 0006 7f00 0005 0000 0000
	    0x0010:  0000 0000 0000 0000 0000 0014 0000 ffff
