2026-09-22 18:13:19.802731 ?     In  ifindex 9 32:15:5d:b8:e6:f6 ethertype IPv4 (0x0800), length 272: (tos 0x0, ttl 63, id 16398, offset 0, flags [none], proto RSVP (46), length 252, options (RA))
    198.18.1.1 > 198.18.3.1: 
	RSVPv1 Path Message (1), Flags: [none], length: 228, ttl: 63, checksum: 0xc4d5
	  Session Object (1) Flags: [reject if unknown], Class-Type: Tunnel IPv4 (7), length: 16
	    IPv4 Tunnel EndPoint: 198.18.3.1, Tunnel ID: 0x005b, Extended Tunnel ID: 198.18.1.1
	    0x0000:  c612 0301 0000 005b c612 0101
	  RSVP Hop Object (3) Flags: [reject if unknown], Class-Type: IPv4 (1), length: 12
	    Previous/Next Interface: 10.14.0.1, Logical Interface Handle: 0x00000000
	    0x0000:  0a0e 0001 0000 0000
	  Time Values Object (5) Flags: [reject if unknown], Class-Type: 1 (1), length: 8
	    Refresh Period: 1000ms
	    0x0000:  0000 03e8
	  ERO Object (20) Flags: [reject if unknown], Class-Type: IPv4 (1), length: 20
	    Subobject Type: IPv4 prefix, length 8, Strict, 10.14.0.2/32, Flags: [none]
	    Subobject Type: IPv4 prefix, length 8, Loose, 198.18.3.1/32, Flags: [none]
	    0x0000:  0108 0a0e 0002 2000 8108 c612 0301 2000
	  Label Request Object (19) Flags: [reject if unknown], Class-Type: without label range (1), length: 8
	    L3 Protocol ID: IPv4
	    0x0000:  0000 0800
	  Session Attribute Object (207) Flags: [ignore and forward if unknown], Class-Type: Tunnel IPv4 (7), length: 16
	    Session Name: denied
	    Setup Priority: 7, Holding Priority: 7, Flags: [Local Protection, Label Recording, SE Style] (0x7)
	    0x0000:  0707 0706 6465 6e69 6564 0000
	  Fast Re-Route Object (205) Flags: [ignore and forward if unknown], Class-Type: 1 (1), length: 24
	    Setup Priority: 7, Holding Priority: 7, Hop-limit: 16, Bandwidth: 0.001000000047 Mbps
	    Include-any: 0x00000000, Exclude-any: 0x00000000, Include-all: 0x00000000
	    0x0000:  0707 1002 42fa 0000 0000 0000 0000 0000
	    0x0010:  0000 0000
	  Sender Template Object (11) Flags: [reject if unknown], Class-Type: Tunnel IPv4 (7), length: 12
	    IPv4 Tunnel Sender Address: 198.18.1.1, LSP-ID: 0x0001
	    0x0000:  c612 0101 0000 0001
	  Sender TSpec Object (12) Flags: [reject if unknown], Class-Type: IntServ (2), length: 36
	    Msg-Version: 0, length: 28
	    Service Type: Default/Global Information (1), break bit not set, Service length: 24
	      Parameter ID: Token Bucket TSpec (127), length: 20, Flags: [0x00]
		Token Bucket Rate: 0.001000000047 Mbps
		Token Bucket Size: 125 bytes
		Peak Data Rate: 0.001000000047 Mbps
		Minimum Policed Unit: 20 bytes
		Maximum Packet Size: 65535 bytes
	    0x0000:  0000 0007 0100 0006 7f00 0005 42fa 0000
	    0x0010:  42fa 0000 42fa 0000 0000 0014 0000 ffff
	  Adspec Object (13) Flags: [reject if unknown], Class-Type: IntServ (2), length: 48
	    Msg-Version: 0, length: 40
	    Service Type: Default/Global Information (1), break bit not set, Service length: 32
	      Parameter ID: IS hop cnt (4), length: 4, Flags: [0x00]
		IS hop count: 2
	      Parameter ID: Path b/w estimate (6), length: 4, Flags: [0x00]
		Path b/w estimate: 0 Mbps
	      Parameter ID: Minimum path latency (8), length: 4, Flags: [0x00]
		Minimum path latency: don't care
	      Parameter ID: Composed MTU (10), length: 4, Flags: [0x00]
		Composed MTU: 1500 bytes
	    Service Type: Controlled Load (5), break bit not set, Service length: 0
	    0x0000:  0000 000a 0100 0008 0400 0001 0000 0002
	    0x0010:  0600 0001 0000 0000 0800 0001 ffff ffff
	    0x0020:  0a00 0001 0000 05dc 0500 0000
	  RRO Object (21) Flags: [reject if unknown], Class-Type: IPv4 (1), length: 20
	    Subobject Type: IPv4 prefix, length 8, Strict, 198.18.2.1/32, Flags: [none]
	    Subobject Type: IPv4 prefix, length 8, Strict, 198.18.1.1/32, Flags: [none]
	    0x0000:  0108 c612 0201 2000 0108 c612 0101 2000
2026-09-22 18:13:19.809060 ?     Out ifindex 9 0e:3e:18:d2:4e:e6 ethertype IPv4 (0x0800), length 124: (tos 0x0, ttl 64, id 21413, offset 0, flags [DF], proto RSVP (46), length 104)
    10.14.0.2 > 10.14.0.1: 
	RSVPv1 PathErr Message (3), Flags: [none], length: 84, ttl: 64, checksum: 0x2775
	  Session Object (1) Flags: [reject if unknown], Class-Type: Tunnel IPv4 (7), length: 16
	    IPv4 Tunnel EndPoint: 198.18.3.1, Tunnel ID: 0x005b, Extended Tunnel ID: 198.18.1.1
	    0x0000:  c612 0301 0000 005b c612 0101
	  Error Spec Object (6) Flags: [reject if unknown], Class-Type: IPv4 (1), length: 12
	    Error Node Address: 198.18.3.1, Flags: [0x00]
	    Error Code: unknown (22), Unknown Error Value (0)
	    0x0000:  c612 0301 0016 0000
	  Sender Template Object (11) Flags: [reject if unknown], Class-Type: Tunnel IPv4 (7), length: 12
	    IPv4 Tunnel Sender Address: 198.18.1.1, LSP-ID: 0x0001
	    0x0000:  c612 0101 0000 0001
	  Sender TSpec Object (12) Flags: [reject if unknown], Class-Type: IntServ (2), length: 36
	    Msg-Version: 0, length: 28
	    Service Type: Default/Global Information (1), break bit not set, Service length: 24
	      Parameter ID: Token Bucket TSpec (127), length: 20, Flags: [0x00]
		Token Bucket Rate: 0.001000000047 Mbps
		Token Bucket Size: 125 bytes
		Peak Data Rate: 0.001000000047 Mbps
		Minimum Policed Unit: 20 bytes
		Maximum Packet Size: 65535 bytes
	    0x0000:  0000 0007 0100 0006 7f00 0005 42fa 0000
	    0x0010:  42fa 0000 42fa 0000 0000 0014 0000 ffff
2026-09-22 18:13:20.796112 ?     In  ifindex 9 32:15:5d:b8:e6:f6 ethertype IPv4 (0x0800), length 272: (tos 0x0, ttl 63, id 17356, offset 0, flags [none], proto RSVP (46), length 252, options (RA))
    198.18.1.1 > 198.18.3.1: 
	RSVPv1 Path Message (1), Flags: [none], length: 228, ttl: 63, checksum: 0xc4d5
	  Session Object (1) Flags: [reject if unknown], Class-Type: Tunnel IPv4 (7), length: 16
	    IPv4 Tunnel EndPoint: 198.18.3.1, Tunnel ID: 0x005b, Extended Tunnel ID: 198.18.1.1
	    0x0000:  c612 0301 0000 005b c612 0101
	  RSVP Hop Object (3) Flags: [reject if unknown], Class-Type: IPv4 (1), length: 12
	    Previous/Next Interface: 10.14.0.1, Logical Interface Handle: 0x00000000
	    0x0000:  0a0e 0001 0000 0000
	  Time Values Object (5) Flags: [reject if unknown], Class-Type: 1 (1), length: 8
	    Refresh Period: 1000ms
	    0x0000:  0000 03e8
	  ERO Object (20) Flags: [reject if unknown], Class-Type: IPv4 (1), length: 20
	    Subobject Type: IPv4 prefix, length 8, Strict, 10.14.0.2/32, Flags: [none]
	    Subobject Type: IPv4 prefix, length 8, Loose, 198.18.3.1/32, Flags: [none]
	    0x0000:  0108 0a0e 0002 2000 8108 c612 0301 2000
	  Label Request Object (19) Flags: [reject if unknown], Class-Type: without label range (1), length: 8
	    L3 Protocol ID: IPv4
	    0x0000:  0000 0800
	  Session Attribute Object (207) Flags: [ignore and forward if unknown], Class-Type: Tunnel IPv4 (7), length: 16
	    Session Name: denied
	    Setup Priority: 7, Holding Priority: 7, Flags: [Local Protection, Label Recording, SE Style] (0x7)
	    0x0000:  0707 0706 6465 6e69 6564 0000
	  Fast Re-Route Object (205) Flags: [ignore and forward if unknown], Class-Type: 1 (1), length: 24
	    Setup Priority: 7, Holding Priority: 7, Hop-limit: 16, Bandwidth: 0.001000000047 Mbps
	    Include-any: 0x00000000, Exclude-any: 0x00000000, Include-all: 0x00000000
	    0x0000:  0707 1002 42fa 0000 0000 0000 0000 0000
	    0x0010:  0000 0000
	  Sender Template Object (11) Flags: [reject if unknown], Class-Type: Tunnel IPv4 (7), length: 12
	    IPv4 Tunnel Sender Address: 198.18.1.1, LSP-ID: 0x0001
	    0x0000:  c612 0101 0000 0001
	  Sender TSpec Object (12) Flags: [reject if unknown], Class-Type: IntServ (2), length: 36
	    Msg-Version: 0, length: 28
	    Service Type: Default/Global Information (1), break bit not set, Service length: 24
	      Parameter ID: Token Bucket TSpec (127), length: 20, Flags: [0x00]
		Token Bucket Rate: 0.001000000047 Mbps
		Token Bucket Size: 125 bytes
		Peak Data Rate: 0.001000000047 Mbps
		Minimum Policed Unit: 20 bytes
		Maximum Packet Size: 65535 bytes
	    0x0000:  0000 0007 0100 0006 7f00 0005 42fa 0000
	    0x0010:  42fa 0000 42fa 0000 0000 0014 0000 ffff
	  Adspec Object (13) Flags: [reject if unknown], Class-Type: IntServ (2), length: 48
	    Msg-Version: 0, length: 40
	    Service Type: Default/Global Information (1), break bit not set, Service length: 32
	      Parameter ID: IS hop cnt (4), length: 4, Flags: [0x00]
		IS hop count: 2
	      Parameter ID: Path b/w estimate (6), length: 4, Flags: [0x00]
		Path b/w estimate: 0 Mbps
	      Parameter ID: Minimum path latency (8), length: 4, Flags: [0x00]
		Minimum path latency: don't care
	      Parameter ID: Composed MTU (10), length: 4, Flags: [0x00]
		Composed MTU: 1500 bytes
	    Service Type: Controlled Load (5), break bit not set, Service length: 0
	    0x0000:  0000 000a 0100 0008 0400 0001 0000 0002
	    0x0010:  0600 0001 0000 0000 0800 0001 ffff ffff
	    0x0020:  0a00 0001 0000 05dc 0500 0000
	  RRO Object (21) Flags: [reject if unknown], Class-Type: IPv4 (1), length: 20
	    Subobject Type: IPv4 prefix, length 8, Strict, 198.18.2.1/32, Flags: [none]
	    Subobject Type: IPv4 prefix, length 8, Strict, 198.18.1.1/32, Flags: [none]
	    0x0000:  0108 c612 0201 2000 0108 c612 0101 2000
2026-09-22 18:13:20.798024 ?     Out ifindex 9 0e:3e:18:d2:4e:e6 ethertype IPv4 (0x0800), length 124: (tos 0x0, ttl 64, id 22364, offset 0, flags [DF], proto RSVP (46), length 104)
    10.14.0.2 > 10.14.0.1: 
	RSVPv1 PathErr Message (3), Flags: [none], length: 84, ttl: 64, checksum: 0x2775
	  Session Object (1) Flags: [reject if unknown], Class-Type: Tunnel IPv4 (7), length: 16
	    IPv4 Tunnel EndPoint: 198.18.3.1, Tunnel ID: 0x005b, Extended Tunnel ID: 198.18.1.1
	    0x0000:  c612 0301 0000 005b c612 0101
	  Error Spec Object (6) Flags: [reject if unknown], Class-Type: IPv4 (1), length: 12
	    Error Node Address: 198.18.3.1, Flags: [0x00]
	    Error Code: unknown (22), Unknown Error Value (0)
	    0x0000:  c612 0301 0016 0000
	  Sender Template Object (11) Flags: [reject if unknown], Class-Type: Tunnel IPv4 (7), length: 12
	    IPv4 Tunnel Sender Address: 198.18.1.1, LSP-ID: 0x0001
	    0x0000:  c612 0101 0000 0001
	  Sender TSpec Object (12) Flags: [reject if unknown], Class-Type: IntServ (2), length: 36
	    Msg-Version: 0, length: 28
	    Service Type: Default/Global Information (1), break bit not set, Service length: 24
	      Parameter ID: Token Bucket TSpec (127), length: 20, Flags: [0x00]
		Token Bucket Rate: 0.001000000047 Mbps
		Token Bucket Size: 125 bytes
		Peak Data Rate: 0.001000000047 Mbps
		Minimum Policed Unit: 20 bytes
		Maximum Packet Size: 65535 bytes
	    0x0000:  0000 0007 0100 0006 7f00 0005 42fa 0000
	    0x0010:  42fa 0000 42fa 0000 0000 0014 0000 ffff
2026-09-22 18:13:21.002166 ?     In  ifindex 9 32:15:5d:b8:e6:f6 ethertype IPv4 (0x0800), length 128: (tos 0x0, ttl 64, id 17460, offset 0, flags [none], proto RSVP (46), length 108, options (RA))
    198.18.1.1 > 198.18.3.1: 
	RSVPv1 PathTear Message (5), Flags: [none], length: 84, ttl: 64, checksum: 0xe98d
	  Session Object (1) Flags: [reject if unknown], Class-Type: Tunnel IPv4 (7), length: 16
	    IPv4 Tunnel EndPoint: 198.18.3.1, Tunnel ID: 0x005b, Extended Tunnel ID: 198.18.1.1
	    0x0000:  c612 0301 0000 005b c612 0101
	  RSVP Hop Object (3) Flags: [reject if unknown], Class-Type: IPv4 (1), length: 12
	    Previous/Next Interface: 10.14.0.1, Logical Interface Handle: 0x00000000
	    0x0000:  0a0e 0001 0000 0000
	  Sender Template Object (11) Flags: [reject if unknown], Class-Type: Tunnel IPv4 (7), length: 12
	    IPv4 Tunnel Sender Address: 198.18.1.1, LSP-ID: 0x0001
	    0x0000:  c612 0101 0000 0001
	  Sender TSpec Object (12) Flags: [reject if unknown], Class-Type: IntServ (2), length: 36
	    Msg-Version: 0, length: 28
	    Service Type: Default/Global Information (1), break bit not set, Service length: 24
	      Parameter ID: Token Bucket TSpec (127), length: 20, Flags: [0x00]
		Token Bucket Rate: 0.001000000047 Mbps
		Token Bucket Size: 125 bytes
		Peak Data Rate: 0.001000000047 Mbps
		Minimum Policed Unit: 20 bytes
		Maximum Packet Size: 65535 bytes
	    0x0000:  0000 0007 0100 0006 7f00 0005 42fa 0000
	    0x0010:  42fa 0000 42fa 0000 0000 0014 0000 ffff
2026-09-22 18:13:21.369237 ?     In  ifindex 9 32:15:5d:b8:e6:f6 ethertype IPv4 (0x0800), length 232: (tos 0x0, ttl 63, id 35453, offset 0, flags [none], proto RSVP (46), length 212, options (RA))
    198.18.1.1 > 198.18.3.2: 
	RSVPv1 Path Message (1), Flags: [none], length: 188, ttl: 63, checksum: 0x0170
	  Session Object (1) Flags: [reject if unknown], Class-Type: Tunnel IPv4 (7), length: 16
	    IPv4 Tunnel EndPoint: 198.18.3.2, Tunnel ID: 0x005c, Extended Tunnel ID: 198.18.1.1
	    0x0000:  c612 0302 0000 005c c612 0101
	  RSVP Hop Object (3) Flags: [reject if unknown], Class-Type: IPv4 (1), length: 12
	    Previous/Next Interface: 10.14.0.1, Logical Interface Handle: 0x00000000
	    0x0000:  0a0e 0001 0000 0000
	  Time Values Object (5) Flags: [reject if unknown], Class-Type: 1 (1), length: 8
	    Refresh Period: 1000ms
	    0x0000:  0000 03e8
	  ERO Object (20) Flags: [reject if unknown], Class-Type: IPv4 (1), length: 20
	    Subobject Type: IPv4 prefix, length 8, Strict, 10.14.0.2/32, Flags: [none]
	    Subobject Type: IPv4 prefix, length 8, Loose, 198.18.3.2/32, Flags: [none]
	    0x0000:  0108 0a0e 0002 2000 8108 c612 0302 2000
	  Label Request Object (19) Flags: [reject if unknown], Class-Type: without label range (1), length: 8
	    L3 Protocol ID: IPv4
	    0x0000:  0000 0800
	  Sender Template Object (11) Flags: [reject if unknown], Class-Type: Tunnel IPv4 (7), length: 12
	    IPv4 Tunnel Sender Address: 198.18.1.1, LSP-ID: 0x0001
	    0x0000:  c612 0101 0000 0001
	  Sender TSpec Object (12) Flags: [reject if unknown], Class-Type: IntServ (2), length: 36
	    Msg-Version: 0, length: 28
	    Service Type: Default/Global Information (1), break bit not set, Service length: 24
	      Parameter ID: Token Bucket TSpec (127), length: 20, Flags: [0x00]
		Token Bucket Rate: 0.001000000047 Mbps
		Token Bucket Size: 125 bytes
		Peak Data Rate: 0.001000000047 Mbps
		Minimum Policed Unit: 20 bytes
		Maximum Packet Size: 65535 bytes
	    0x0000:  0000 0007 0100 0006 7f00 0005 42fa 0000
	    0x0010:  42fa 0000 42fa 0000 0000 0014 0000 ffff
	  Adspec Object (13) Flags: [reject if unknown], Class-Type: IntServ (2), length: 48
	    Msg-Version: 0, length: 40
	    Service Type: Default/Global Information (1), break bit not set, Service length: 32
	      Parameter ID: IS hop cnt (4), length: 4, Flags: [0x00]
		IS hop count: 2
	      Parameter ID: Path b/w estimate (6), length: 4, Flags: [0x00]
		Path b/w estimate: 0 Mbps
	      Parameter ID: Minimum path latency (8), length: 4, Flags: [0x00]
		Minimum path latency: don't care
	      Parameter ID: Composed MTU (10), length: 4, Flags: [0x00]
		Composed MTU: 1500 bytes
	    Service Type: Controlled Load (5), break bit not set, Service length: 0
	    0x0000:  0000 000a 0100 0008 0400 0001 0000 0002
	    0x0010:  0600 0001 0000 0000 0800 0001 ffff ffff
	    0x0020:  0a00 0001 0000 05dc 0500 0000
	  RRO Object (21) Flags: [reject if unknown], Class-Type: IPv4 (1), length: 20
	    Subobject Type: IPv4 prefix, length 8, Strict, 198.18.2.1/32, Flags: [none]
	    Subobject Type: IPv4 prefix, length 8, Strict, 198.18.1.1/32, Flags: [none]
	    0x0000:  0108 c612 0201 2000 0108 c612 0101 2000
2026-09-22 18:13:21.370642 ?     Out ifindex 9 0e:3e:18:d2:4e:e6 ethertype IPv4 (0x0800), length 160: (tos 0x0, ttl 64, id 22408, offset 0, flags [DF], proto RSVP (46), length 140)
    10.14.0.2 > 10.14.0.1: 
	RSVPv1 Resv Message (2), Flags: [none], length: 120, ttl: 64, checksum: 0xbf67
	  Session Object (1) Flags: [reject if unknown], Class-Type: Tunnel IPv4 (7), length: 16
	    IPv4 Tunnel EndPoint: 198.18.3.2, Tunnel ID: 0x005c, Extended Tunnel ID: 198.18.1.1
	    0x0000:  c612 0302 0000 005c c612 0101
	  RSVP Hop Object (3) Flags: [reject if unknown], Class-Type: IPv4 (1), length: 12
	    Previous/Next Interface: 10.14.0.2, Logical Interface Handle: 0x00000000
	    0x0000:  0a0e 0002 0000 0000
	  Time Values Object (5) Flags: [reject if unknown], Class-Type: 1 (1), length: 8
	    Refresh Period: 1000ms
	    0x0000:  0000 03e8
	  Style Object (8) Flags: [reject if unknown], Class-Type: 1 (1), length: 8
	    Reservation Style: Shared Explicit, Flags: [0x00]
	    0x0000:  0000 0012
	  Flowspec Object (9) Flags: [reject if unknown], Class-Type: IntServ (2), length: 36
	    Msg-Version: 0, length: 28
	    Service Type: Controlled Load (5), break bit not set, Service length: 24
	      Parameter ID: Token Bucket TSpec (127), length: 20, Flags: [0x00]
		Token Bucket Rate: 0.001000000047 Mbps
		Token Bucket Size: 125 bytes
		Peak Data Rate: 0.001000000047 Mbps
		Minimum Policed Unit: 20 bytes
		Maximum Packet Size: 1500 bytes
	    0x0000:  0000 0007 0500 0006 7f00 0005 42fa 0000
	    0x0010:  42fa 0000 42fa 0000 0000 0014 0000 05dc
	  FilterSpec Object (10) Flags: [reject if unknown], Class-Type: Tunnel IPv4 (7), length: 12
	    Source Address: 198.18.1.1, LSP-ID: 0x0001
	    0x0000:  c612 0101 0000 0001
	  Label Object (16) Flags: [reject if unknown], Class-Type: Label (1), length: 8
	    Label: 1000
	    0x0000:  0000 03e8
	  RRO Object (21) Flags: [reject if unknown], Class-Type: IPv4 (1), length: 12
	    Subobject Type: IPv4 prefix, length 8, Strict, 198.18.3.1/32, Flags: [none]
	    0x0000:  0108 c612 0301 2000
2026-09-22 18:13:21.556571 ?     In  ifindex 9 32:15:5d:b8:e6:f6 ethertype MPLS unicast (0x8847), length 64: MPLS (label 1000, tc 0, [S], ttl 63)
	(tos 0x0, ttl 64, id 31187, offset 0, flags [DF], proto UDP (17), length 40)
    198.18.1.1.60078 > 198.18.3.2.37777: [bad udp cksum 0x904d -> 0x571d!] UDP, length 12
2026-09-22 18:13:21.723010 ?     In  ifindex 9 32:15:5d:b8:e6:f6 ethertype IPv4 (0x0800), length 128: (tos 0x0, ttl 64, id 35537, offset 0, flags [none], proto RSVP (46), length 108, options (RA))
    198.18.1.1 > 198.18.3.2: 
	RSVPv1 PathTear Message (5), Flags: [none], length: 84, ttl: 64, checksum: 0xe98b
	  Session Object (1) Flags: [reject if unknown], Class-Type: Tunnel IPv4 (7), length: 16
	    IPv4 Tunnel EndPoint: 198.18.3.2, Tunnel ID: 0x005c, Extended Tunnel ID: 198.18.1.1
	    0x0000:  c612 0302 0000 005c c612 0101
	  RSVP Hop Object (3) Flags: [reject if unknown], Class-Type: IPv4 (1), length: 12
	    Previous/Next Interface: 10.14.0.1, Logical Interface Handle: 0x00000000
	    0x0000:  0a0e 0001 0000 0000
	  Sender Template Object (11) Flags: [reject if unknown], Class-Type: Tunnel IPv4 (7), length: 12
	    IPv4 Tunnel Sender Address: 198.18.1.1, LSP-ID: 0x0001
	    0x0000:  c612 0101 0000 0001
	  Sender TSpec Object (12) Flags: [reject if unknown], Class-Type: IntServ (2), length: 36
	    Msg-Version: 0, length: 28
	    Service Type: Default/Global Information (1), break bit not set, Service length: 24
	      Parameter ID: Token Bucket TSpec (127), length: 20, Flags: [0x00]
		Token Bucket Rate: 0.001000000047 Mbps
		Token Bucket Size: 125 bytes
		Peak Data Rate: 0.001000000047 Mbps
		Minimum Policed Unit: 20 bytes
		Maximum Packet Size: 65535 bytes
	    0x0000:  0000 0007 0100 0006 7f00 0005 42fa 0000
	    0x0010:  42fa 0000 42fa 0000 0000 0014 0000 ffff
2026-09-22 18:13:22.081557 ?     In  ifindex 9 32:15:5d:b8:e6:f6 ethertype IPv4 (0x0800), length 276: (tos 0x0, ttl 63, id 17824, offset 0, flags [none], proto RSVP (46), length 256, options (RA))
    198.18.1.1 > 198.18.3.1: 
	RSVPv1 Path Message (1), Flags: [none], length: 232, ttl: 63, checksum: 0xdf4b
	  Session Object (1) Flags: [reject if unknown], Class-Type: Tunnel IPv4 (7), length: 16
	    IPv4 Tunnel EndPoint: 198.18.3.1, Tunnel ID: 0x005d, Extended Tunnel ID: 198.18.1.1
	    0x0000:  c612 0301 0000 005d c612 0101
	  RSVP Hop Object (3) Flags: [reject if unknown], Class-Type: IPv4 (1), length: 12
	    Previous/Next Interface: 10.14.0.1, Logical Interface Handle: 0x00000000
	    0x0000:  0a0e 0001 0000 0000
	  Time Values Object (5) Flags: [reject if unknown], Class-Type: 1 (1), length: 8
	    Refresh Period: 1000ms
	    0x0000:  0000 03e8
	  ERO Object (20) Flags: [reject if unknown], Class-Type: IPv4 (1), length: 20
	    Subobject Type: IPv4 prefix, length 8, Strict, 10.14.0.2/32, Flags: [none]
	    Subobject Type: IPv4 prefix, length 8, Loose, 198.18.3.1/32, Flags: [none]
	    0x0000:  0108 0a0e 0002 2000 8108 c612 0301 2000
	  Label Request Object (19) Flags: [reject if unknown], Class-Type: without label range (1), length: 8
	    L3 Protocol ID: IPv4
	    0x0000:  0000 0800
	  Session Attribute Object (207) Flags: [ignore and forward if unknown], Class-Type: Tunnel IPv4 (7), length: 20
	    Session Name: protected
	    Setup Priority: 7, Holding Priority: 7, Flags: [Local Protection, Label Recording, SE Style] (0x7)
	    0x0000:  0707 0709 7072 6f74 6563 7465 6400 0000
	  Fast Re-Route Object (205) Flags: [ignore and forward if unknown], Class-Type: 1 (1), length: 24
	    Setup Priority: 7, Holding Priority: 7, Hop-limit: 16, Bandwidth: 0.001000000047 Mbps
	    Include-any: 0x00000000, Exclude-any: 0x00000000, Include-all: 0x00000000
	    0x0000:  0707 1002 42fa 0000 0000 0000 0000 0000
	    0x0010:  0000 0000
	  Sender Template Object (11) Flags: [reject if unknown], Class-Type: Tunnel IPv4 (7), length: 12
	    IPv4 Tunnel Sender Address: 198.18.1.1, LSP-ID: 0x0001
	    0x0000:  c612 0101 0000 0001
	  Sender TSpec Object (12) Flags: [reject if unknown], Class-Type: IntServ (2), length: 36
	    Msg-Version: 0, length: 28
	    Service Type: Default/Global Information (1), break bit not set, Service length: 24
	      Parameter ID: Token Bucket TSpec (127), length: 20, Flags: [0x00]
		Token Bucket Rate: 0.001000000047 Mbps
		Token Bucket Size: 125 bytes
		Peak Data Rate: 0.001000000047 Mbps
		Minimum Policed Unit: 20 bytes
		Maximum Packet Size: 65535 bytes
	    0x0000:  0000 0007 0100 0006 7f00 0005 42fa 0000
	    0x0010:  42fa 0000 42fa 0000 0000 0014 0000 ffff
	  Adspec Object (13) Flags: [reject if unknown], Class-Type: IntServ (2), length: 48
	    Msg-Version: 0, length: 40
	    Service Type: Default/Global Information (1), break bit not set, Service length: 32
	      Parameter ID: IS hop cnt (4), length: 4, Flags: [0x00]
		IS hop count: 2
	      Parameter ID: Path b/w estimate (6), length: 4, Flags: [0x00]
		Path b/w estimate: 0 Mbps
	      Parameter ID: Minimum path latency (8), length: 4, Flags: [0x00]
		Minimum path latency: don't care
	      Parameter ID: Composed MTU (10), length: 4, Flags: [0x00]
		Composed MTU: 1500 bytes
	    Service Type: Controlled Load (5), break bit not set, Service length: 0
	    0x0000:  0000 000a 0100 0008 0400 0001 0000 0002
	    0x0010:  0600 0001 0000 0000 0800 0001 ffff ffff
	    0x0020:  0a00 0001 0000 05dc 0500 0000
	  RRO Object (21) Flags: [reject if unknown], Class-Type: IPv4 (1), length: 20
	    Subobject Type: IPv4 prefix, length 8, Strict, 198.18.2.1/32, Flags: [none]
	    Subobject Type: IPv4 prefix, length 8, Strict, 198.18.1.1/32, Flags: [none]
	    0x0000:  0108 c612 0201 2000 0108 c612 0101 2000
2026-09-22 18:13:22.082811 ?     Out ifindex 9 0e:3e:18:d2:4e:e6 ethertype IPv4 (0x0800), length 168: (tos 0x0, ttl 64, id 23043, offset 0, flags [DF], proto RSVP (46), length 148)
    10.14.0.2 > 10.14.0.1: 
	RSVPv1 Resv Message (2), Flags: [none], length: 128, ttl: 64, checksum: 0xb867
	  Session Object (1) Flags: [reject if unknown], Class-Type: Tunnel IPv4 (7), length: 16
	    IPv4 Tunnel EndPoint: 198.18.3.1, Tunnel ID: 0x005d, Extended Tunnel ID: 198.18.1.1
	    0x0000:  c612 0301 0000 005d c612 0101
	  RSVP Hop Object (3) Flags: [reject if unknown], Class-Type: IPv4 (1), length: 12
	    Previous/Next Interface: 10.14.0.2, Logical Interface Handle: 0x00000000
	    0x0000:  0a0e 0002 0000 0000
	  Time Values Object (5) Flags: [reject if unknown], Class-Type: 1 (1), length: 8
	    Refresh Period: 1000ms
	    0x0000:  0000 03e8
	  Style Object (8) Flags: [reject if unknown], Class-Type: 1 (1), length: 8
	    Reservation Style: Shared Explicit, Flags: [0x00]
	    0x0000:  0000 0012
	  Flowspec Object (9) Flags: [reject if unknown], Class-Type: IntServ (2), length: 36
	    Msg-Version: 0, length: 28
	    Service Type: Controlled Load (5), break bit not set, Service length: 24
	      Parameter ID: Token Bucket TSpec (127), length: 20, Flags: [0x00]
		Token Bucket Rate: 0.001000000047 Mbps
		Token Bucket Size: 125 bytes
		Peak Data Rate: 0.001000000047 Mbps
		Minimum Policed Unit: 20 bytes
		Maximum Packet Size: 1500 bytes
	    0x0000:  0000 0007 0500 0006 7f00 0005 42fa 0000
	    0x0010:  42fa 0000 42fa 0000 0000 0014 0000 05dc
	  FilterSpec Object (10) Flags: [reject if unknown], Class-Type: Tunnel IPv4 (7), length: 12
	    Source Address: 198.18.1.1, LSP-ID: 0x0001
	    0x0000:  c612 0101 0000 0001
	  Label Object (16) Flags: [reject if unknown], Class-Type: Label (1), length: 8
	    Label: 1000
	    0x0000:  0000 03e8
	  RRO Object (21) Flags: [reject if unknown], Class-Type: IPv4 (1), length: 20
	    Subobject Type: IPv4 prefix, length 8, Strict, 198.18.3.1/32, Flags: [none]
	    Subobject Type: Label, length 8, Flags: [none] (0), Class-Type: Unknown (0), 1000
	    0x0000:  0108 c612 0301 2000 0308 0000 0000 03e8
2026-09-22 18:13:22.378195 ?     In  ifindex 9 32:15:5d:b8:e6:f6 ethertype MPLS unicast (0x8847), length 66: MPLS (label 1000, tc 0, [S], ttl 63)
	(tos 0x0, ttl 64, id 11891, offset 0, flags [DF], proto UDP (17), length 42)
    198.18.1.1.54013 > 198.18.3.1.41633: [bad udp cksum 0x904e -> 0xec4b!] UDP, length 14
2026-09-22 18:13:22.435152 ?     In  ifindex 9 32:15:5d:b8:e6:f6 ethertype IPv4 (0x0800), length 276: (tos 0x0, ttl 64, id 18036, offset 0, flags [none], proto RSVP (46), length 256, options (RA))
    198.18.1.1 > 198.18.3.1: 
	RSVPv1 Path Message (1), Flags: [none], length: 232, ttl: 64, checksum: 0xde4b
	  Session Object (1) Flags: [reject if unknown], Class-Type: Tunnel IPv4 (7), length: 16
	    IPv4 Tunnel EndPoint: 198.18.3.1, Tunnel ID: 0x005d, Extended Tunnel ID: 198.18.1.1
	    0x0000:  c612 0301 0000 005d c612 0101
	  RSVP Hop Object (3) Flags: [reject if unknown], Class-Type: IPv4 (1), length: 12
	    Previous/Next Interface: 10.14.0.1, Logical Interface Handle: 0x00000000
	    0x0000:  0a0e 0001 0000 0000
	  Time Values Object (5) Flags: [reject if unknown], Class-Type: 1 (1), length: 8
	    Refresh Period: 1000ms
	    0x0000:  0000 03e8
	  ERO Object (20) Flags: [reject if unknown], Class-Type: IPv4 (1), length: 20
	    Subobject Type: IPv4 prefix, length 8, Strict, 10.14.0.2/32, Flags: [none]
	    Subobject Type: IPv4 prefix, length 8, Loose, 198.18.3.1/32, Flags: [none]
	    0x0000:  0108 0a0e 0002 2000 8108 c612 0301 2000
	  Label Request Object (19) Flags: [reject if unknown], Class-Type: without label range (1), length: 8
	    L3 Protocol ID: IPv4
	    0x0000:  0000 0800
	  Session Attribute Object (207) Flags: [ignore and forward if unknown], Class-Type: Tunnel IPv4 (7), length: 20
	    Session Name: protected
	    Setup Priority: 7, Holding Priority: 7, Flags: [Local Protection, Label Recording, SE Style] (0x7)
	    0x0000:  0707 0709 7072 6f74 6563 7465 6400 0000
	  Fast Re-Route Object (205) Flags: [ignore and forward if unknown], Class-Type: 1 (1), length: 24
	    Setup Priority: 7, Holding Priority: 7, Hop-limit: 16, Bandwidth: 0.001000000047 Mbps
	    Include-any: 0x00000000, Exclude-any: 0x00000000, Include-all: 0x00000000
	    0x0000:  0707 1002 42fa 0000 0000 0000 0000 0000
	    0x0010:  0000 0000
	  Sender Template Object (11) Flags: [reject if unknown], Class-Type: Tunnel IPv4 (7), length: 12
	    IPv4 Tunnel Sender Address: 198.18.1.1, LSP-ID: 0x0001
	    0x0000:  c612 0101 0000 0001
	  Sender TSpec Object (12) Flags: [reject if unknown], Class-Type: IntServ (2), length: 36
	    Msg-Version: 0, length: 28
	    Service Type: Default/Global Information (1), break bit not set, Service length: 24
	      Parameter ID: Token Bucket TSpec (127), length: 20, Flags: [0x00]
		Token Bucket Rate: 0.001000000047 Mbps
		Token Bucket Size: 125 bytes
		Peak Data Rate: 0.001000000047 Mbps
		Minimum Policed Unit: 20 bytes
		Maximum Packet Size: 65535 bytes
	    0x0000:  0000 0007 0100 0006 7f00 0005 42fa 0000
	    0x0010:  42fa 0000 42fa 0000 0000 0014 0000 ffff
	  Adspec Object (13) Flags: [reject if unknown], Class-Type: IntServ (2), length: 48
	    Msg-Version: 0, length: 40
	    Service Type: Default/Global Information (1), break bit not set, Service length: 32
	      Parameter ID: IS hop cnt (4), length: 4, Flags: [0x00]
		IS hop count: 2
	      Parameter ID: Path b/w estimate (6), length: 4, Flags: [0x00]
		Path b/w estimate: 0 Mbps
	      Parameter ID: Minimum path latency (8), length: 4, Flags: [0x00]
		Minimum path latency: don't care
	      Parameter ID: Composed MTU (10), length: 4, Flags: [0x00]
		Composed MTU: 1500 bytes
	    Service Type: Controlled Load (5), break bit not set, Service length: 0
	    0x0000:  0000 000a 0100 0008 0400 0001 0000 0002
	    0x0010:  0600 0001 0000 0000 0800 0001 ffff ffff
	    0x0020:  0a00 0001 0000 05dc 0500 0000
	  RRO Object (21) Flags: [reject if unknown], Class-Type: IPv4 (1), length: 20
	    Subobject Type: IPv4 prefix, length 8, Strict, 198.18.2.1/32, Flags: [none]
	    Subobject Type: IPv4 prefix, length 8, Strict, 198.18.1.1/32, Flags: [none]
	    0x0000:  0108 c612 0201 2000 0108 c612 0101 2000
2026-09-22 18:13:22.435635 ?     In  ifindex 9 32:15:5d:b8:e6:f6 ethertype IPv4 (0x0800), length 276: (tos 0x0, ttl 63, id 18037, offset 0, flags [none], proto RSVP (46), length 256, options (RA))
    198.18.1.1 > 198.18.3.1: 
	RSVPv1 Path Message (1), Flags: [none], length: 232, ttl: 63, checksum: 0xdf4a
	  Session Object (1) Flags: [reject if unknown], Class-Type: Tunnel IPv4 (7), length: 16
	    IPv4 Tunnel EndPoint: 198.18.3.1, Tunnel ID: 0x005d, Extended Tunnel ID: 198.18.1.1
	    0x0000:  c612 0301 0000 005d c612 0101
	  RSVP Hop Object (3) Flags: [reject if unknown], Class-Type: IPv4 (1), length: 12
	    Previous/Next Interface: 10.14.0.1, Logical Interface Handle: 0x00000000
	    0x0000:  0a0e 0001 0000 0000
	  Time Values Object (5) Flags: [reject if unknown], Class-Type: 1 (1), length: 8
	    Refresh Period: 1000ms
	    0x0000:  0000 03e8
	  ERO Object (20) Flags: [reject if unknown], Class-Type: IPv4 (1), length: 20
	    Subobject Type: IPv4 prefix, length 8, Strict, 10.14.0.2/32, Flags: [none]
	    Subobject Type: IPv4 prefix, length 8, Loose, 198.18.3.1/32, Flags: [none]
	    0x0000:  0108 0a0e 0002 2000 8108 c612 0301 2000
	  Label Request Object (19) Flags: [reject if unknown], Class-Type: without label range (1), length: 8
	    L3 Protocol ID: IPv4
	    0x0000:  0000 0800
	  Session Attribute Object (207) Flags: [ignore and forward if unknown], Class-Type: Tunnel IPv4 (7), length: 20
	    Session Name: protected
	    Setup Priority: 7, Holding Priority: 7, Flags: [Local Protection, Label Recording, SE Style] (0x7)
	    0x0000:  0707 0709 7072 6f74 6563 7465 6400 0000
	  Fast Re-Route Object (205) Flags: [ignore and forward if unknown], Class-Type: 1 (1), length: 24
	    Setup Priority: 7, Holding Priority: 7, Hop-limit: 16, Bandwidth: 0.001000000047 Mbps
	    Include-any: 0x00000000, Exclude-any: 0x00000000, Include-all: 0x00000000
	    0x0000:  0707 1002 42fa 0000 0000 0000 0000 0000
	    0x0010:  0000 0000
	  Sender Template Object (11) Flags: [reject if unknown], Class-Type: Tunnel IPv4 (7), length: 12
	    IPv4 Tunnel Sender Address: 198.18.1.1, LSP-ID: 0x0002
	    0x0000:  c612 0101 0000 0002
	  Sender TSpec Object (12) Flags: [reject if unknown], Class-Type: IntServ (2), length: 36
	    Msg-Version: 0, length: 28
	    Service Type: Default/Global Information (1), break bit not set, Service length: 24
	      Parameter ID: Token Bucket TSpec (127), length: 20, Flags: [0x00]
		Token Bucket Rate: 0.001000000047 Mbps
		Token Bucket Size: 125 bytes
		Peak Data Rate: 0.001000000047 Mbps
		Minimum Policed Unit: 20 bytes
		Maximum Packet Size: 65535 bytes
	    0x0000:  0000 0007 0100 0006 7f00 0005 42fa 0000
	    0x0010:  42fa 0000 42fa 0000 0000 0014 0000 ffff
	  Adspec Object (13) Flags: [reject if unknown], Class-Type: IntServ (2), length: 48
	    Msg-Version: 0, length: 40
	    Service Type: Default/Global Information (1), break bit not set, Service length: 32
	      Parameter ID: IS hop cnt (4), length: 4, Flags: [0x00]
		IS hop count: 2
	      Parameter ID: Path b/w estimate (6), length: 4, Flags: [0x00]
		Path b/w estimate: 0 Mbps
	      Parameter ID: Minimum path latency (8), length: 4, Flags: [0x00]
		Minimum path latency: don't care
	      Parameter ID: Composed MTU (10), length: 4, Flags: [0x00]
		Composed MTU: 1500 bytes
	    Service Type: Controlled Load (5), break bit not set, Service length: 0
	    0x0000:  0000 000a 0100 0008 0400 0001 0000 0002
	    0x0010:  0600 0001 0000 0000 0800 0001 ffff ffff
	    0x0020:  0a00 0001 0000 05dc 0500 0000
	  RRO Object (21) Flags: [reject if unknown], Class-Type: IPv4 (1), length: 20
	    Subobject Type: IPv4 prefix, length 8, Strict, 198.18.2.1/32, Flags: [none]
	    Subobject Type: IPv4 prefix, length 8, Strict, 198.18.1.1/32, Flags: [none]
	    0x0000:  0108 c612 0201 2000 0108 c612 0101 2000
2026-09-22 18:13:22.436999 ?     Out ifindex 9 0e:3e:18:d2:4e:e6 ethertype IPv4 (0x0800), length 168: (tos 0x0, ttl 64, id 23332, offset 0, flags [DF], proto RSVP (46), length 148)
    10.14.0.2 > 10.14.0.1: 
	RSVPv1 Resv Message (2), Flags: [none], length: 128, ttl: 64, checksum: 0xb867
	  Session Object (1) Flags: [reject if unknown], Class-Type: Tunnel IPv4 (7), length: 16
	    IPv4 Tunnel EndPoint: 198.18.3.1, Tunnel ID: 0x005d, Extended Tunnel ID: 198.18.1.1
	    0x0000:  c612 0301 0000 005d c612 0101
	  RSVP Hop Object (3) Flags: [reject if unknown], Class-Type: IPv4 (1), length: 12
	    Previous/Next Interface: 10.14.0.2, Logical Interface Handle: 0x00000000
	    0x0000:  0a0e 0002 0000 0000
	  Time Values Object (5) Flags: [reject if unknown], Class-Type: 1 (1), length: 8
	    Refresh Period: 1000ms
	    0x0000:  0000 03e8
	  Style Object (8) Flags: [reject if unknown], Class-Type: 1 (1), length: 8
	    Reservation Style: Shared Explicit, Flags: [0x00]
	    0x0000:  0000 0012
	  Flowspec Object (9) Flags: [reject if unknown], Class-Type: IntServ (2), length: 36
	    Msg-Version: 0, length: 28
	    Service Type: Controlled Load (5), break bit not set, Service length: 24
	      Parameter ID: Token Bucket TSpec (127), length: 20, Flags: [0x00]
		Token Bucket Rate: 0.001000000047 Mbps
		Token Bucket Size: 125 bytes
		Peak Data Rate: 0.001000000047 Mbps
		Minimum Policed Unit: 20 bytes
		Maximum Packet Size: 1500 bytes
	    0x0000:  0000 0007 0500 0006 7f00 0005 42fa 0000
	    0x0010:  42fa 0000 42fa 0000 0000 0014 0000 05dc
	  FilterSpec Object (10) Flags: [reject if unknown], Class-Type: Tunnel IPv4 (7), length: 12
	    Source Address: 198.18.1.1, LSP-ID: 0x0001
	    0x0000:  c612 0101 0000 0001
	  Label Object (16) Flags: [reject if unknown], Class-Type: Label (1), length: 8
	    Label: 1000
	    0x0000:  0000 03e8
	  RRO Object (21) Flags: [reject if unknown], Class-Type: IPv4 (1), length: 20
	    Subobject Type: IPv4 prefix, length 8, Strict, 198.18.3.1/32, Flags: [none]
	    Subobject Type: Label, length 8, Flags: [none] (0), Class-Type: Unknown (0), 1000
	    0x0000:  0108 c612 0301 2000 0308 0000 0000 03e8
2026-09-22 18:13:22.437475 ?     In  ifindex 9 32:15:5d:b8:e6:f6 ethertype MPLS unicast (0x8847), length 67: MPLS (label 1000, tc 0, [S], ttl 63)
	(tos 0x0, ttl 64, id 11892, offset 0, flags [DF], proto UDP (17), length 43)
    198.18.1.1.40891 > 198.18.3.1.32856: [udp sum ok] UDP, length 15
2026-09-22 18:13:22.438322 ?     Out ifindex 9 0e:3e:18:d2:4e:e6 ethertype IPv4 (0x0800), length 168: (tos 0x0, ttl 64, id 23333, offset 0, flags [DF], proto RSVP (46), length 148)
    10.14.0.2 > 10.14.0.1: 
	RSVPv1 Resv Message (2), Flags: [none], length: 128, ttl: 64, checksum: 0xb864
	  Session Object (1) Flags: [reject if unknown], Class-Type: Tunnel IPv4 (7), length: 16
	    IPv4 Tunnel EndPoint: 198.18.3.1, Tunnel ID: 0x005d, Extended Tunnel ID: 198.18.1.1
	    0x0000:  c612 0301 0000 005d c612 0101
	  RSVP Hop Object (3) Flags: [reject if unknown], Class-Type: IPv4 (1), length: 12
	    Previous/Next Interface: 10.14.0.2, Logical Interface Handle: 0x00000000
	    0x0000:  0a0e 0002 0000 0000
	  Time Values Object (5) Flags: [reject if unknown], Class-Type: 1 (1), length: 8
	    Refresh Period: 1000ms
	    0x0000:  0000 03e8
	  Style Object (8) Flags: [reject if unknown], Class-Type: 1 (1), length: 8
	    Reservation Style: Shared Explicit, Flags: [0x00]
	    0x0000:  0000 0012
	  Flowspec Object (9) Flags: [reject if unknown], Class-Type: IntServ (2), length: 36
	    Msg-Version: 0, length: 28
	    Service Type: Controlled Load (5), break bit not set, Service length: 24
	      Parameter ID: Token Bucket TSpec (127), length: 20, Flags: [0x00]
		Token Bucket Rate: 0.001000000047 Mbps
		Token Bucket Size: 125 bytes
		Peak Data Rate: 0.001000000047 Mbps
		Minimum Policed Unit: 20 bytes
		Maximum Packet Size: 1500 bytes
	    0x0000:  0000 0007 0500 0006 7f00 0005 42fa 0000
	    0x0010:  42fa 0000 42fa 0000 0000 0014 0000 05dc
	  FilterSpec Object (10) Flags: [reject if unknown], Class-Type: Tunnel IPv4 (7), length: 12
	    Source Address: 198.18.1.1, LSP-ID: 0x0002
	    0x0000:  c612 0101 0000 0002
	  Label Object (16) Flags: [reject if unknown], Class-Type: Label (1), length: 8
	    Label: 1001
	    0x0000:  0000 03e9
	  RRO Object (21) Flags: [reject if unknown], Class-Type: IPv4 (1), length: 20
	    Subobject Type: IPv4 prefix, length 8, Strict, 198.18.3.1/32, Flags: [none]
	    Subobject Type: Label, length 8, Flags: [none] (0), Class-Type: Unknown (0), 1001
	    0x0000:  0108 c612 0301 2000 0308 0000 0000 03e9
2026-09-22 18:13:22.441849 ?     In  ifindex 9 32:15:5d:b8:e6:f6 ethertype IPv4 (0x0800), length 144: (tos 0x0, ttl 63, id 60943, offset 0, flags [none], proto RSVP (46), length 124, options (RA))
    198.18.2.1 > 198.18.3.1: 
	RSVPv1 ResvConf Message (7), Flags: [none], length: 100, ttl: 63, checksum: 0x4461
	  Session Object (1) Flags: [reject if unknown], Class-Type: Tunnel IPv4 (7), length: 16
	    IPv4 Tunnel EndPoint: 198.18.3.1, Tunnel ID: 0x005d, Extended Tunnel ID: 198.18.1.1
	    0x0000:  c612 0301 0000 005d c612 0101
	  Error Spec Object (6) Flags: [reject if unknown], Class-Type: IPv4 (1), length: 12
	    Error Node Address: 198.18.1.1, Flags: [0x00]
	    Error Code: unknown (0), Unknown Error Value (0)
	    0x0000:  c612 0101 0000 0000
	  Confirm Object (15) Flags: [reject if unknown], Class-Type: IPv4 (1), length: 8
	    IPv4 Receiver Address: 198.18.3.1
	    0x0000:  c612 0301
	  Style Object (8) Flags: [reject if unknown], Class-Type: 1 (1), length: 8
	    Reservation Style: Shared Explicit, Flags: [0x00]
	    0x0000:  0000 0012
	  Flowspec Object (9) Flags: [reject if unknown], Class-Type: IntServ (2), length: 36
	    Msg-Version: 0, length: 28
	    Service Type: Controlled Load (5), break bit not set, Service length: 24
	      Parameter ID: Token Bucket TSpec (127), length: 20, Flags: [0x00]
		Token Bucket Rate: 0.001000000047 Mbps
		Token Bucket Size: 125 bytes
		Peak Data Rate: 0.001000000047 Mbps
		Minimum Policed Unit: 20 bytes
		Maximum Packet Size: 1500 bytes
	    0x0000:  0000 0007 0500 0006 7f00 0005 42fa 0000
	    0x0010:  42fa 0000 42fa 0000 0000 0014 0000 05dc
	  FilterSpec Object (10) Flags: [reject if unknown], Class-Type: Tunnel IPv4 (7), length: 12
	    Source Address: 198.18.1.1, LSP-ID: 0x0001
	    0x0000:  c612 0101 0000 0001
2026-09-22 18:13:22.639083 ?     In  ifindex 9 32:15:5d:b8:e6:f6 ethertype IPv4 (0x0800), length 128: (tos 0x0, ttl 64, id 18120, offset 0, flags [none], proto RSVP (46), length 108, options (RA))
    198.18.1.1 > 198.18.3.1: 
	RSVPv1 PathTear Message (5), Flags: [none], length: 84, ttl: 64, checksum: 0xe98a
	  Session Object (1) Flags: [reject if unknown], Class-Type: Tunnel IPv4 (7), length: 16
	    IPv4 Tunnel EndPoint: 198.18.3.1, Tunnel ID: 0x005d, Extended Tunnel ID: 198.18.1.1
	    0x0000:  c612 0301 0000 005d c612 0101
	  RSVP Hop Object (3) Flags: [reject if unknown], Class-Type: IPv4 (1), length: 12
	    Previous/Next Interface: 10.14.0.1, Logical Interface Handle: 0x00000000
	    0x0000:  0a0e 0001 0000 0000
	  Sender Template Object (11) Flags: [reject if unknown], Class-Type: Tunnel IPv4 (7), length: 12
	    IPv4 Tunnel Sender Address: 198.18.1.1, LSP-ID: 0x0002
	    0x0000:  c612 0101 0000 0002
	  Sender TSpec Object (12) Flags: [reject if unknown], Class-Type: IntServ (2), length: 36
	    Msg-Version: 0, length: 28
	    Service Type: Default/Global Information (1), break bit not set, Service length: 24
	      Parameter ID: Token Bucket TSpec (127), length: 20, Flags: [0x00]
		Token Bucket Rate: 0.001000000047 Mbps
		Token Bucket Size: 125 bytes
		Peak Data Rate: 0.001000000047 Mbps
		Minimum Policed Unit: 20 bytes
		Maximum Packet Size: 65535 bytes
	    0x0000:  0000 0007 0100 0006 7f00 0005 42fa 0000
	    0x0010:  42fa 0000 42fa 0000 0000 0014 0000 ffff
2026-09-22 18:13:22.908796 ?     Out ifindex 9 0e:3e:18:d2:4e:e6 ethertype IPv4 (0x0800), length 168: (tos 0x0, ttl 64, id 23567, offset 0, flags [DF], proto RSVP (46), length 148)
    10.14.0.2 > 10.14.0.1: 
	RSVPv1 Resv Message (2), Flags: [none], length: 128, ttl: 64, checksum: 0xb867
	  Session Object (1) Flags: [reject if unknown], Class-Type: Tunnel IPv4 (7), length: 16
	    IPv4 Tunnel EndPoint: 198.18.3.1, Tunnel ID: 0x005d, Extended Tunnel ID: 198.18.1.1
	    0x0000:  c612 0301 0000 005d c612 0101
	  RSVP Hop Object (3) Flags: [reject if unknown], Class-Type: IPv4 (1), length: 12
	    Previous/Next Interface: 10.14.0.2, Logical Interface Handle: 0x00000000
	    0x0000:  0a0e 0002 0000 0000
	  Time Values Object (5) Flags: [reject if unknown], Class-Type: 1 (1), length: 8
	    Refresh Period: 1000ms
	    0x0000:  0000 03e8
	  Style Object (8) Flags: [reject if unknown], Class-Type: 1 (1), length: 8
	    Reservation Style: Shared Explicit, Flags: [0x00]
	    0x0000:  0000 0012
	  Flowspec Object (9) Flags: [reject if unknown], Class-Type: IntServ (2), length: 36
	    Msg-Version: 0, length: 28
	    Service Type: Controlled Load (5), break bit not set, Service length: 24
	      Parameter ID: Token Bucket TSpec (127), length: 20, Flags: [0x00]
		Token Bucket Rate: 0.001000000047 Mbps
		Token Bucket Size: 125 bytes
		Peak Data Rate: 0.001000000047 Mbps
		Minimum Policed Unit: 20 bytes
		Maximum Packet Size: 1500 bytes
	    0x0000:  0000 0007 0500 0006 7f00 0005 42fa 0000
	    0x0010:  42fa 0000 42fa 0000 0000 0014 0000 05dc
	  FilterSpec Object (10) Flags: [reject if unknown], Class-Type: Tunnel IPv4 (7), length: 12
	    Source Address: 198.18.1.1, LSP-ID: 0x0001
	    0x0000:  c612 0101 0000 0001
	  Label Object (16) Flags: [reject if unknown], Class-Type: Label (1), length: 8
	    Label: 1000
	    0x0000:  0000 03e8
	  RRO Object (21) Flags: [reject if unknown], Class-Type: IPv4 (1), length: 20
	    Subobject Type: IPv4 prefix, length 8, Strict, 198.18.3.1/32, Flags: [none]
	    Subobject Type: Label, length 8, Flags: [none] (0), Class-Type: Unknown (0), 1000
	    0x0000:  0108 c612 0301 2000 0308 0000 0000 03e8
2026-09-22 18:13:23.423713 ?     In  ifindex 9 32:15:5d:b8:e6:f6 ethertype IPv4 (0x0800), length 276: (tos 0x0, ttl 64, id 18499, offset 0, flags [none], proto RSVP (46), length 256, options (RA))
    198.18.1.1 > 198.18.3.1: 
	RSVPv1 Path Message (1), Flags: [none], length: 232, ttl: 64, checksum: 0xde4b
	  Session Object (1) Flags: [reject if unknown], Class-Type: Tunnel IPv4 (7), length: 16
	    IPv4 Tunnel EndPoint: 198.18.3.1, Tunnel ID: 0x005d, Extended Tunnel ID: 198.18.1.1
	    0x0000:  c612 0301 0000 005d c612 0101
	  RSVP Hop Object (3) Flags: [reject if unknown], Class-Type: IPv4 (1), length: 12
	    Previous/Next Interface: 10.14.0.1, Logical Interface Handle: 0x00000000
	    0x0000:  0a0e 0001 0000 0000
	  Time Values Object (5) Flags: [reject if unknown], Class-Type: 1 (1), length: 8
	    Refresh Period: 1000ms
	    0x0000:  0000 03e8
	  ERO Object (20) Flags: [reject if unknown], Class-Type: IPv4 (1), length: 20
	    Subobject Type: IPv4 prefix, length 8, Strict, 10.14.0.2/32, Flags: [none]
	    Subobject Type: IPv4 prefix, length 8, Loose, 198.18.3.1/32, Flags: [none]
	    0x0000:  0108 0a0e 0002 2000 8108 c612 0301 2000
	  Label Request Object (19) Flags: [reject if unknown], Class-Type: without label range (1), length: 8
	    L3 Protocol ID: IPv4
	    0x0000:  0000 0800
	  Session Attribute Object (207) Flags: [ignore and forward if unknown], Class-Type: Tunnel IPv4 (7), length: 20
	    Session Name: protected
	    Setup Priority: 7, Holding Priority: 7, Flags: [Local Protection, Label Recording, SE Style] (0x7)
	    0x0000:  0707 0709 7072 6f74 6563 7465 6400 0000
	  Fast Re-Route Object (205) Flags: [ignore and forward if unknown], Class-Type: 1 (1), length: 24
	    Setup Priority: 7, Holding Priority: 7, Hop-limit: 16, Bandwidth: 0.001000000047 Mbps
	    Include-any: 0x00000000, Exclude-any: 0x00000000, Include-all: 0x00000000
	    0x0000:  0707 1002 42fa 0000 0000 0000 0000 0000
	    0x0010:  0000 0000
	  Sender Template Object (11) Flags: [reject if unknown], Class-Type: Tunnel IPv4 (7), length: 12
	    IPv4 Tunnel Sender Address: 198.18.1.1, LSP-ID: 0x0001
	    0x0000:  c612 0101 0000 0001
	  Sender TSpec Object (12) Flags: [reject if unknown], Class-Type: IntServ (2), length: 36
	    Msg-Version: 0, length: 28
	    Service Type: Default/Global Information (1), break bit not set, Service length: 24
	      Parameter ID: Token Bucket TSpec (127), length: 20, Flags: [0x00]
		Token Bucket Rate: 0.001000000047 Mbps
		Token Bucket Size: 125 bytes
		Peak Data Rate: 0.001000000047 Mbps
		Minimum Policed Unit: 20 bytes
		Maximum Packet Size: 65535 bytes
	    0x0000:  0000 0007 0100 0006 7f00 0005 42fa 0000
	    0x0010:  42fa 0000 42fa 0000 0000 0014 0000 ffff
	  Adspec Object (13) Flags: [reject if unknown], Class-Type: IntServ (2), length: 48
	    Msg-Version: 0, length: 40
	    Service Type: Default/Global Information (1), break bit not set, Service length: 32
	      Parameter ID: IS hop cnt (4), length: 4, Flags: [0x00]
		IS hop count: 2
	      Parameter ID: Path b/w estimate (6), length: 4, Flags: [0x00]
		Path b/w estimate: 0 Mbps
	      Parameter ID: Minimum path latency (8), length: 4, Flags: [0x00]
		Minimum path latency: don't care
	      Parameter ID: Composed MTU (10), length: 4, Flags: [0x00]
		Composed MTU: 1500 bytes
	    Service Type: Controlled Load (5), break bit not set, Service length: 0
	    0x0000:  0000 000a 0100 0008 0400 0001 0000 0002
	    0x0010:  0600 0001 0000 0000 0800 0001 ffff ffff
	    0x0020:  0a00 0001 0000 05dc 0500 0000
	  RRO Object (21) Flags: [reject if unknown], Class-Type: IPv4 (1), length: 20
	    Subobject Type: IPv4 prefix, length 8, Strict, 198.18.2.1/32, Flags: [none]
	    Subobject Type: IPv4 prefix, length 8, Strict, 198.18.1.1/32, Flags: [none]
	    0x0000:  0108 c612 0201 2000 0108 c612 0101 2000
2026-09-22 18:13:23.426233 ?     Out ifindex 9 0e:3e:18:d2:4e:e6 ethertype IPv4 (0x0800), length 168: (tos 0x0, ttl 64, id 23809, offset 0, flags [DF], proto RSVP (46), length 148)
    10.14.0.2 > 10.14.0.1: 
	RSVPv1 Resv Message (2), Flags: [none], length: 128, ttl: 64, checksum: 0xb867
	  Session Object (1) Flags: [reject if unknown], Class-Type: Tunnel IPv4 (7), length: 16
	    IPv4 Tunnel EndPoint: 198.18.3.1, Tunnel ID: 0x005d, Extended Tunnel ID: 198.18.1.1
	    0x0000:  c612 0301 0000 005d c612 0101
	  RSVP Hop Object (3) Flags: [reject if unknown], Class-Type: IPv4 (1), length: 12
	    Previous/Next Interface: 10.14.0.2, Logical Interface Handle: 0x00000000
	    0x0000:  0a0e 0002 0000 0000
	  Time Values Object (5) Flags: [reject if unknown], Class-Type: 1 (1), length: 8
	    Refresh Period: 1000ms
	    0x0000:  0000 03e8
	  Style Object (8) Flags: [reject if unknown], Class-Type: 1 (1), length: 8
	    Reservation Style: Shared Explicit, Flags: [0x00]
	    0x0000:  0000 0012
	  Flowspec Object (9) Flags: [reject if unknown], Class-Type: IntServ (2), length: 36
	    Msg-Version: 0, length: 28
	    Service Type: Controlled Load (5), break bit not set, Service length: 24
	      Parameter ID: Token Bucket TSpec (127), length: 20, Flags: [0x00]
		Token Bucket Rate: 0.001000000047 Mbps
		Token Bucket Size: 125 bytes
		Peak Data Rate: 0.001000000047 Mbps
		Minimum Policed Unit: 20 bytes
		Maximum Packet Size: 1500 bytes
	    0x0000:  0000 0007 0500 0006 7f00 0005 42fa 0000
	    0x0010:  42fa 0000 42fa 0000 0000 0014 0000 05dc
	  FilterSpec Object (10) Flags: [reject if unknown], Class-Type: Tunnel IPv4 (7), length: 12
	    Source Address: 198.18.1.1, LSP-ID: 0x0001
	    0x0000:  c612 0101 0000 0001
	  Label Object (16) Flags: [reject if unknown], Class-Type: Label (1), length: 8
	    Label: 1000
	    0x0000:  0000 03e8
	  RRO Object (21) Flags: [reject if unknown], Class-Type: IPv4 (1), length: 20
	    Subobject Type: IPv4 prefix, length 8, Strict, 198.18.3.1/32, Flags: [none]
	    Subobject Type: Label, length 8, Flags: [none] (0), Class-Type: Unknown (0), 1000
	    0x0000:  0108 c612 0301 2000 0308 0000 0000 03e8
2026-09-22 18:13:23.909318 ?     Out ifindex 9 0e:3e:18:d2:4e:e6 ethertype IPv4 (0x0800), length 168: (tos 0x0, ttl 64, id 24163, offset 0, flags [DF], proto RSVP (46), length 148)
    10.14.0.2 > 10.14.0.1: 
	RSVPv1 Resv Message (2), Flags: [none], length: 128, ttl: 64, checksum: 0xb867
	  Session Object (1) Flags: [reject if unknown], Class-Type: Tunnel IPv4 (7), length: 16
	    IPv4 Tunnel EndPoint: 198.18.3.1, Tunnel ID: 0x005d, Extended Tunnel ID: 198.18.1.1
	    0x0000:  c612 0301 0000 005d c612 0101
	  RSVP Hop Object (3) Flags: [reject if unknown], Class-Type: IPv4 (1), length: 12
	    Previous/Next Interface: 10.14.0.2, Logical Interface Handle: 0x00000000
	    0x0000:  0a0e 0002 0000 0000
	  Time Values Object (5) Flags: [reject if unknown], Class-Type: 1 (1), length: 8
	    Refresh Period: 1000ms
	    0x0000:  0000 03e8
	  Style Object (8) Flags: [reject if unknown], Class-Type: 1 (1), length: 8
	    Reservation Style: Shared Explicit, Flags: [0x00]
	    0x0000:  0000 0012
	  Flowspec Object (9) Flags: [reject if unknown], Class-Type: IntServ (2), length: 36
	    Msg-Version: 0, length: 28
	    Service Type: Controlled Load (5), break bit not set, Service length: 24
	      Parameter ID: Token Bucket TSpec (127), length: 20, Flags: [0x00]
		Token Bucket Rate: 0.001000000047 Mbps
		Token Bucket Size: 125 bytes
		Peak Data Rate: 0.001000000047 Mbps
		Minimum Policed Unit: 20 bytes
		Maximum Packet Size: 1500 bytes
	    0x0000:  0000 0007 0500 0006 7f00 0005 42fa 0000
	    0x0010:  42fa 0000 42fa 0000 0000 0014 0000 05dc
	  FilterSpec Object (10) Flags: [reject if unknown], Class-Type: Tunnel IPv4 (7), length: 12
	    Source Address: 198.18.1.1, LSP-ID: 0x0001
	    0x0000:  c612 0101 0000 0001
	  Label Object (16) Flags: [reject if unknown], Class-Type: Label (1), length: 8
	    Label: 1000
	    0x0000:  0000 03e8
	  RRO Object (21) Flags: [reject if unknown], Class-Type: IPv4 (1), length: 20
	    Subobject Type: IPv4 prefix, length 8, Strict, 198.18.3.1/32, Flags: [none]
	    Subobject Type: Label, length 8, Flags: [none] (0), Class-Type: Unknown (0), 1000
	    0x0000:  0108 c612 0301 2000 0308 0000 0000 03e8
2026-09-22 18:13:24.424128 ?     In  ifindex 9 32:15:5d:b8:e6:f6 ethertype IPv4 (0x0800), length 276: (tos 0x0, ttl 64, id 19123, offset 0, flags [none], proto RSVP (46), length 256, options (RA))
    198.18.1.1 > 198.18.3.1: 
	RSVPv1 Path Message (1), Flags: [none], length: 232, ttl: 64, checksum: 0xde4b
	  Session Object (1) Flags: [reject if unknown], Class-Type: Tunnel IPv4 (7), length: 16
	    IPv4 Tunnel EndPoint: 198.18.3.1, Tunnel ID: 0x005d, Extended Tunnel ID: 198.18.1.1
	    0x0000:  c612 0301 0000 005d c612 0101
	  RSVP Hop Object (3) Flags: [reject if unknown], Class-Type: IPv4 (1), length: 12
	    Previous/Next Interface: 10.14.0.1, Logical Interface Handle: 0x00000000
	    0x0000:  0a0e 0001 0000 0000
	  Time Values Object (5) Flags: [reject if unknown], Class-Type: 1 (1), length: 8
	    Refresh Period: 1000ms
	    0x0000:  0000 03e8
	  ERO Object (20) Flags: [reject if unknown], Class-Type: IPv4 (1), length: 20
	    Subobject Type: IPv4 prefix, length 8, Strict, 10.14.0.2/32, Flags: [none]
	    Subobject Type: IPv4 prefix, length 8, Loose, 198.18.3.1/32, Flags: [none]
	    0x0000:  0108 0a0e 0002 2000 8108 c612 0301 2000
	  Label Request Object (19) Flags: [reject if unknown], Class-Type: without label range (1), length: 8
	    L3 Protocol ID: IPv4
	    0x0000:  0000 0800
	  Session Attribute Object (207) Flags: [ignore and forward if unknown], Class-Type: Tunnel IPv4 (7), length: 20
	    Session Name: protected
	    Setup Priority: 7, Holding Priority: 7, Flags: [Local Protection, Label Recording, SE Style] (0x7)
	    0x0000:  0707 0709 7072 6f74 6563 7465 6400 0000
	  Fast Re-Route Object (205) Flags: [ignore and forward if unknown], Class-Type: 1 (1), length: 24
	    Setup Priority: 7, Holding Priority: 7, Hop-limit: 16, Bandwidth: 0.001000000047 Mbps
	    Include-any: 0x00000000, Exclude-any: 0x00000000, Include-all: 0x00000000
	    0x0000:  0707 1002 42fa 0000 0000 0000 0000 0000
	    0x0010:  0000 0000
	  Sender Template Object (11) Flags: [reject if unknown], Class-Type: Tunnel IPv4 (7), length: 12
	    IPv4 Tunnel Sender Address: 198.18.1.1, LSP-ID: 0x0001
	    0x0000:  c612 0101 0000 0001
	  Sender TSpec Object (12) Flags: [reject if unknown], Class-Type: IntServ (2), length: 36
	    Msg-Version: 0, length: 28
	    Service Type: Default/Global Information (1), break bit not set, Service length: 24
	      Parameter ID: Token Bucket TSpec (127), length: 20, Flags: [0x00]
		Token Bucket Rate: 0.001000000047 Mbps
		Token Bucket Size: 125 bytes
		Peak Data Rate: 0.001000000047 Mbps
		Minimum Policed Unit: 20 bytes
		Maximum Packet Size: 65535 bytes
	    0x0000:  0000 0007 0100 0006 7f00 0005 42fa 0000
	    0x0010:  42fa 0000 42fa 0000 0000 0014 0000 ffff
	  Adspec Object (13) Flags: [reject if unknown], Class-Type: IntServ (2), length: 48
	    Msg-Version: 0, length: 40
	    Service Type: Default/Global Information (1), break bit not set, Service length: 32
	      Parameter ID: IS hop cnt (4), length: 4, Flags: [0x00]
		IS hop count: 2
	      Parameter ID: Path b/w estimate (6), length: 4, Flags: [0x00]
		Path b/w estimate: 0 Mbps
	      Parameter ID: Minimum path latency (8), length: 4, Flags: [0x00]
		Minimum path latency: don't care
	      Parameter ID: Composed MTU (10), length: 4, Flags: [0x00]
		Composed MTU: 1500 bytes
	    Service Type: Controlled Load (5), break bit not set, Service length: 0
	    0x0000:  0000 000a 0100 0008 0400 0001 0000 0002
	    0x0010:  0600 0001 0000 0000 0800 0001 ffff ffff
	    0x0020:  0a00 0001 0000 05dc 0500 0000
	  RRO Object (21) Flags: [reject if unknown], Class-Type: IPv4 (1), length: 20
	    Subobject Type: IPv4 prefix, length 8, Strict, 198.18.2.1/32, Flags: [none]
	    Subobject Type: IPv4 prefix, length 8, Strict, 198.18.1.1/32, Flags: [none]
	    0x0000:  0108 c612 0201 2000 0108 c612 0101 2000
2026-09-22 18:13:24.425158 ?     Out ifindex 9 0e:3e:18:d2:4e:e6 ethertype IPv4 (0x0800), length 168: (tos 0x0, ttl 64, id 24248, offset 0, flags [DF], proto RSVP (46), length 148)
    10.14.0.2 > 10.14.0.1: 
	RSVPv1 Resv Message (2), Flags: [none], length: 128, ttl: 64, checksum: 0xb867
	  Session Object (1) Flags: [reject if unknown], Class-Type: Tunnel IPv4 (7), length: 16
	    IPv4 Tunnel EndPoint: 198.18.3.1, Tunnel ID: 0x005d, Extended Tunnel ID: 198.18.1.1
	    0x0000:  c612 0301 0000 005d c612 0101
	  RSVP Hop Object (3) Flags: [reject if unknown], Class-Type: IPv4 (1), length: 12
	    Previous/Next Interface: 10.14.0.2, Logical Interface Handle: 0x00000000
	    0x0000:  0a0e 0002 0000 0000
	  Time Values Object (5) Flags: [reject if unknown], Class-Type: 1 (1), length: 8
	    Refresh Period: 1000ms
	    0x0000:  0000 03e8
	  Style Object (8) Flags: [reject if unknown], Class-Type: 1 (1), length: 8
	    Reservation Style: Shared Explicit, Flags: [0x00]
	    0x0000:  0000 0012
	  Flowspec Object (9) Flags: [reject if unknown], Class-Type: IntServ (2), length: 36
	    Msg-Version: 0, length: 28
	    Service Type: Controlled Load (5), break bit not set, Service length: 24
	      Parameter ID: Token Bucket TSpec (127), length: 20, Flags: [0x00]
		Token Bucket Rate: 0.001000000047 Mbps
		Token Bucket Size: 125 bytes
		Peak Data Rate: 0.001000000047 Mbps
		Minimum Policed Unit: 20 bytes
		Maximum Packet Size: 1500 bytes
	    0x0000:  0000 0007 0500 0006 7f00 0005 42fa 0000
	    0x0010:  42fa 0000 42fa 0000 0000 0014 0000 05dc
	  FilterSpec Object (10) Flags: [reject if unknown], Class-Type: Tunnel IPv4 (7), length: 12
	    Source Address: 198.18.1.1, LSP-ID: 0x0001
	    0x0000:  c612 0101 0000 0001
	  Label Object (16) Flags: [reject if unknown], Class-Type: Label (1), length: 8
	    Label: 1000
	    0x0000:  0000 03e8
	  RRO Object (21) Flags: [reject if unknown], Class-Type: IPv4 (1), length: 20
	    Subobject Type: IPv4 prefix, length 8, Strict, 198.18.3.1/32, Flags: [none]
	    Subobject Type: Label, length 8, Flags: [none] (0), Class-Type: Unknown (0), 1000
	    0x0000:  0108 c612 0301 2000 0308 0000 0000 03e8
2026-09-22 18:13:24.909297 ?     Out ifindex 9 0e:3e:18:d2:4e:e6 ethertype IPv4 (0x0800), length 168: (tos 0x0, ttl 64, id 24573, offset 0, flags [DF], proto RSVP (46), length 148)
    10.14.0.2 > 10.14.0.1: 
	RSVPv1 Resv Message (2), Flags: [none], length: 128, ttl: 64, checksum: 0xb867
	  Session Object (1) Flags: [reject if unknown], Class-Type: Tunnel IPv4 (7), length: 16
	    IPv4 Tunnel EndPoint: 198.18.3.1, Tunnel ID: 0x005d, Extended Tunnel ID: 198.18.1.1
	    0x0000:  c612 0301 0000 005d c612 0101
	  RSVP Hop Object (3) Flags: [reject if unknown], Class-Type: IPv4 (1), length: 12
	    Previous/Next Interface: 10.14.0.2, Logical Interface Handle: 0x00000000
	    0x0000:  0a0e 0002 0000 0000
	  Time Values Object (5) Flags: [reject if unknown], Class-Type: 1 (1), length: 8
	    Refresh Period: 1000ms
	    0x0000:  0000 03e8
	  Style Object (8) Flags: [reject if unknown], Class-Type: 1 (1), length: 8
	    Reservation Style: Shared Explicit, Flags: [0x00]
	    0x0000:  0000 0012
	  Flowspec Object (9) Flags: [reject if unknown], Class-Type: IntServ (2), length: 36
	    Msg-Version: 0, length: 28
	    Service Type: Controlled Load (5), break bit not set, Service length: 24
	      Parameter ID: Token Bucket TSpec (127), length: 20, Flags: [0x00]
		Token Bucket Rate: 0.001000000047 Mbps
		Token Bucket Size: 125 bytes
		Peak Data Rate: 0.001000000047 Mbps
		Minimum Policed Unit: 20 bytes
		Maximum Packet Size: 1500 bytes
	    0x0000:  0000 0007 0500 0006 7f00 0005 42fa 0000
	    0x0010:  42fa 0000 42fa 0000 0000 0014 0000 05dc
	  FilterSpec Object (10) Flags: [reject if unknown], Class-Type: Tunnel IPv4 (7), length: 12
	    Source Address: 198.18.1.1, LSP-ID: 0x0001
	    0x0000:  c612 0101 0000 0001
	  Label Object (16) Flags: [reject if unknown], Class-Type: Label (1), length: 8
	    Label: 1000
	    0x0000:  0000 03e8
	  RRO Object (21) Flags: [reject if unknown], Class-Type: IPv4 (1), length: 20
	    Subobject Type: IPv4 prefix, length 8, Strict, 198.18.3.1/32, Flags: [none]
	    Subobject Type: Label, length 8, Flags: [none] (0), Class-Type: Unknown (0), 1000
	    0x0000:  0108 c612 0301 2000 0308 0000 0000 03e8
2026-09-22 18:13:25.424394 ?     In  ifindex 9 32:15:5d:b8:e6:f6 ethertype IPv4 (0x0800), length 276: (tos 0x0, ttl 64, id 19551, offset 0, flags [none], proto RSVP (46), length 256, options (RA))
    198.18.1.1 > 198.18.3.1: 
	RSVPv1 Path Message (1), Flags: [none], length: 232, ttl: 64, checksum: 0xde4b
	  Session Object (1) Flags: [reject if unknown], Class-Type: Tunnel IPv4 (7), length: 16
	    IPv4 Tunnel EndPoint: 198.18.3.1, Tunnel ID: 0x005d, Extended Tunnel ID: 198.18.1.1
	    0x0000:  c612 0301 0000 005d c612 0101
	  RSVP Hop Object (3) Flags: [reject if unknown], Class-Type: IPv4 (1), length: 12
	    Previous/Next Interface: 10.14.0.1, Logical Interface Handle: 0x00000000
	    0x0000:  0a0e 0001 0000 0000
	  Time Values Object (5) Flags: [reject if unknown], Class-Type: 1 (1), length: 8
	    Refresh Period: 1000ms
	    0x0000:  0000 03e8
	  ERO Object (20) Flags: [reject if unknown], Class-Type: IPv4 (1), length: 20
	    Subobject Type: IPv4 prefix, length 8, Strict, 10.14.0.2/32, Flags: [none]
	    Subobject Type: IPv4 prefix, length 8, Loose, 198.18.3.1/32, Flags: [none]
	    0x0000:  0108 0a0e 0002 2000 8108 c612 0301 2000
	  Label Request Object (19) Flags: [reject if unknown], Class-Type: without label range (1), length: 8
	    L3 Protocol ID: IPv4
	    0x0000:  0000 0800
	  Session Attribute Object (207) Flags: [ignore and forward if unknown], Class-Type: Tunnel IPv4 (7), length: 20
	    Session Name: protected
	    Setup Priority: 7, Holding Priority: 7, Flags: [Local Protection, Label Recording, SE Style] (0x7)
	    0x0000:  0707 0709 7072 6f74 6563 7465 6400 0000
	  Fast Re-Route Object (205) Flags: [ignore and forward if unknown], Class-Type: 1 (1), length: 24
	    Setup Priority: 7, Holding Priority: 7, Hop-limit: 16, Bandwidth: 0.001000000047 Mbps
	    Include-any: 0x00000000, Exclude-any: 0x00000000, Include-all: 0x00000000
	    0x0000:  0707 1002 42fa 0000 0000 0000 0000 0000
	    0x0010:  0000 0000
	  Sender Template Object (11) Flags: [reject if unknown], Class-Type: Tunnel IPv4 (7), length: 12
	    IPv4 Tunnel Sender Address: 198.18.1.1, LSP-ID: 0x0001
	    0x0000:  c612 0101 0000 0001
	  Sender TSpec Object (12) Flags: [reject if unknown], Class-Type: IntServ (2), length: 36
	    Msg-Version: 0, length: 28
	    Service Type: Default/Global Information (1), break bit not set, Service length: 24
	      Parameter ID: Token Bucket TSpec (127), length: 20, Flags: [0x00]
		Token Bucket Rate: 0.001000000047 Mbps
		Token Bucket Size: 125 bytes
		Peak Data Rate: 0.001000000047 Mbps
		Minimum Policed Unit: 20 bytes
		Maximum Packet Size: 65535 bytes
	    0x0000:  0000 0007 0100 0006 7f00 0005 42fa 0000
	    0x0010:  42fa 0000 42fa 0000 0000 0014 0000 ffff
	  Adspec Object (13) Flags: [reject if unknown], Class-Type: IntServ (2), length: 48
	    Msg-Version: 0, length: 40
	    Service Type: Default/Global Information (1), break bit not set, Service length: 32
	      Parameter ID: IS hop cnt (4), length: 4, Flags: [0x00]
		IS hop count: 2
	      Parameter ID: Path b/w estimate (6), length: 4, Flags: [0x00]
		Path b/w estimate: 0 Mbps
	      Parameter ID: Minimum path latency (8), length: 4, Flags: [0x00]
		Minimum path latency: don't care
	      Parameter ID: Composed MTU (10), length: 4, Flags: [0x00]
		Composed MTU: 1500 bytes
	    Service Type: Controlled Load (5), break bit not set, Service length: 0
	    0x0000:  0000 000a 0100 0008 0400 0001 0000 0002
	    0x0010:  0600 0001 0000 0000 0800 0001 ffff ffff
	    0x0020:  0a00 0001 0000 05dc 0500 0000
	  RRO Object (21) Flags: [reject if unknown], Class-Type: IPv4 (1), length: 20
	    Subobject Type: IPv4 prefix, length 8, Strict, 198.18.2.1/32, Flags: [none]
	    Subobject Type: IPv4 prefix, length 8, Strict, 198.18.1.1/32, Flags: [none]
	    0x0000:  0108 c612 0201 2000 0108 c612 0101 2000
2026-09-22 18:13:25.425316 ?     Out ifindex 9 0e:3e:18:d2:4e:e6 ethertype IPv4 (0x0800), length 168: (tos 0x0, ttl 64, id 24859, offset 0, flags [DF], proto RSVP (46), length 148)
    10.14.0.2 > 10.14.0.1: 
	RSVPv1 Resv Message (2), Flags: [none], length: 128, ttl: 64, checksum: 0xb867
	  Session Object (1) Flags: [reject if unknown], Class-Type: Tunnel IPv4 (7), length: 16
	    IPv4 Tunnel EndPoint: 198.18.3.1, Tunnel ID: 0x005d, Extended Tunnel ID: 198.18.1.1
	    0x0000:  c612 0301 0000 005d c612 0101
	  RSVP Hop Object (3) Flags: [reject if unknown], Class-Type: IPv4 (1), length: 12
	    Previous/Next Interface: 10.14.0.2, Logical Interface Handle: 0x00000000
	    0x0000:  0a0e 0002 0000 0000
	  Time Values Object (5) Flags: [reject if unknown], Class-Type: 1 (1), length: 8
	    Refresh Period: 1000ms
	    0x0000:  0000 03e8
	  Style Object (8) Flags: [reject if unknown], Class-Type: 1 (1), length: 8
	    Reservation Style: Shared Explicit, Flags: [0x00]
	    0x0000:  0000 0012
	  Flowspec Object (9) Flags: [reject if unknown], Class-Type: IntServ (2), length: 36
	    Msg-Version: 0, length: 28
	    Service Type: Controlled Load (5), break bit not set, Service length: 24
	      Parameter ID: Token Bucket TSpec (127), length: 20, Flags: [0x00]
		Token Bucket Rate: 0.001000000047 Mbps
		Token Bucket Size: 125 bytes
		Peak Data Rate: 0.001000000047 Mbps
		Minimum Policed Unit: 20 bytes
		Maximum Packet Size: 1500 bytes
	    0x0000:  0000 0007 0500 0006 7f00 0005 42fa 0000
	    0x0010:  42fa 0000 42fa 0000 0000 0014 0000 05dc
	  FilterSpec Object (10) Flags: [reject if unknown], Class-Type: Tunnel IPv4 (7), length: 12
	    Source Address: 198.18.1.1, LSP-ID: 0x0001
	    0x0000:  c612 0101 0000 0001
	  Label Object (16) Flags: [reject if unknown], Class-Type: Label (1), length: 8
	    Label: 1000
	    0x0000:  0000 03e8
	  RRO Object (21) Flags: [reject if unknown], Class-Type: IPv4 (1), length: 20
	    Subobject Type: IPv4 prefix, length 8, Strict, 198.18.3.1/32, Flags: [none]
	    Subobject Type: Label, length 8, Flags: [none] (0), Class-Type: Unknown (0), 1000
	    0x0000:  0108 c612 0301 2000 0308 0000 0000 03e8
2026-09-22 18:13:25.908732 ?     Out ifindex 9 0e:3e:18:d2:4e:e6 ethertype IPv4 (0x0800), length 168: (tos 0x0, ttl 64, id 25214, offset 0, flags [DF], proto RSVP (46), length 148)
    10.14.0.2 > 10.14.0.1: 
	RSVPv1 Resv Message (2), Flags: [none], length: 128, ttl: 64, checksum: 0xb867
	  Session Object (1) Flags: [reject if unknown], Class-Type: Tunnel IPv4 (7), length: 16
	    IPv4 Tunnel EndPoint: 198.18.3.1, Tunnel ID: 0x005d, Extended Tunnel ID: 198.18.1.1
	    0x0000:  c612 0301 0000 005d c612 0101
	  RSVP Hop Object (3) Flags: [reject if unknown], Class-Type: IPv4 (1), length: 12
	    Previous/Next Interface: 10.14.0.2, Logical Interface Handle: 0x00000000
	    0x0000:  0a0e 0002 0000 0000
	  Time Values Object (5) Flags: [reject if unknown], Class-Type: 1 (1), length: 8
	    Refresh Period: 1000ms
	    0x0000:  0000 03e8
	  Style Object (8) Flags: [reject if unknown], Class-Type: 1 (1), length: 8
	    Reservation Style: Shared Explicit, Flags: [0x00]
	    0x0000:  0000 0012
	  Flowspec Object (9) Flags: [reject if unknown], Class-Type: IntServ (2), length: 36
	    Msg-Version: 0, length: 28
	    Service Type: Controlled Load (5), break bit not set, Service length: 24
	      Parameter ID: Token Bucket TSpec (127), length: 20, Flags: [0x00]
		Token Bucket Rate: 0.001000000047 Mbps
		Token Bucket Size: 125 bytes
		Peak Data Rate: 0.001000000047 Mbps
		Minimum Policed Unit: 20 bytes
		Maximum Packet Size: 1500 bytes
	    0x0000:  0000 0007 0500 0006 7f00 0005 42fa 0000
	    0x0010:  42fa 0000 42fa 0000 0000 0014 0000 05dc
	  FilterSpec Object (10) Flags: [reject if unknown], Class-Type: Tunnel IPv4 (7), length: 12
	    Source Address: 198.18.1.1, LSP-ID: 0x0001
	    0x0000:  c612 0101 0000 0001
	  Label Object (16) Flags: [reject if unknown], Class-Type: Label (1), length: 8
	    Label: 1000
	    0x0000:  0000 03e8
	  RRO Object (21) Flags: [reject if unknown], Class-Type: IPv4 (1), length: 20
	    Subobject Type: IPv4 prefix, length 8, Strict, 198.18.3.1/32, Flags: [none]
	    Subobject Type: Label, length 8, Flags: [none] (0), Class-Type: Unknown (0), 1000
	    0x0000:  0108 c612 0301 2000 0308 0000 0000 03e8
2026-09-22 18:13:26.423819 ?     In  ifindex 9 32:15:5d:b8:e6:f6 ethertype IPv4 (0x0800), length 276: (tos 0x0, ttl 64, id 19848, offset 0, flags [none], proto RSVP (46), length 256, options (RA))
    198.18.1.1 > 198.18.3.1: 
	RSVPv1 Path Message (1), Flags: [none], length: 232, ttl: 64, checksum: 0xde4b
	  Session Object (1) Flags: [reject if unknown], Class-Type: Tunnel IPv4 (7), length: 16
	    IPv4 Tunnel EndPoint: 198.18.3.1, Tunnel ID: 0x005d, Extended Tunnel ID: 198.18.1.1
	    0x0000:  c612 0301 0000 005d c612 0101
	  RSVP Hop Object (3) Flags: [reject if unknown], Class-Type: IPv4 (1), length: 12
	    Previous/Next Interface: 10.14.0.1, Logical Interface Handle: 0x00000000
	    0x0000:  0a0e 0001 0000 0000
	  Time Values Object (5) Flags: [reject if unknown], Class-Type: 1 (1), length: 8
	    Refresh Period: 1000ms
	    0x0000:  0000 03e8
	  ERO Object (20) Flags: [reject if unknown], Class-Type: IPv4 (1), length: 20
	    Subobject Type: IPv4 prefix, length 8, Strict, 10.14.0.2/32, Flags: [none]
	    Subobject Type: IPv4 prefix, length 8, Loose, 198.18.3.1/32, Flags: [none]
	    0x0000:  0108 0a0e 0002 2000 8108 c612 0301 2000
	  Label Request Object (19) Flags: [reject if unknown], Class-Type: without label range (1), length: 8
	    L3 Protocol ID: IPv4
	    0x0000:  0000 0800
	  Session Attribute Object (207) Flags: [ignore and forward if unknown], Class-Type: Tunnel IPv4 (7), length: 20
	    Session Name: protected
	    Setup Priority: 7, Holding Priority: 7, Flags: [Local Protection, Label Recording, SE Style] (0x7)
	    0x0000:  0707 0709 7072 6f74 6563 7465 6400 0000
	  Fast Re-Route Object (205) Flags: [ignore and forward if unknown], Class-Type: 1 (1), length: 24
	    Setup Priority: 7, Holding Priority: 7, Hop-limit: 16, Bandwidth: 0.001000000047 Mbps
	    Include-any: 0x00000000, Exclude-any: 0x00000000, Include-all: 0x00000000
	    0x0000:  0707 1002 42fa 0000 0000 0000 0000 0000
	    0x0010:  0000 0000
	  Sender Template Object (11) Flags: [reject if unknown], Class-Type: Tunnel IPv4 (7), length: 12
	    IPv4 Tunnel Sender Address: 198.18.1.1, LSP-ID: 0x0001
	    0x0000:  c612 0101 0000 0001
	  Sender TSpec Object (12) Flags: [reject if unknown], Class-Type: IntServ (2), length: 36
	    Msg-Version: 0, length: 28
	    Service Type: Default/Global Information (1), break bit not set, Service length: 24
	      Parameter ID: Token Bucket TSpec (127), length: 20, Flags: [0x00]
		Token Bucket Rate: 0.001000000047 Mbps
		Token Bucket Size: 125 bytes
		Peak Data Rate: 0.001000000047 Mbps
		Minimum Policed Unit: 20 bytes
		Maximum Packet Size: 65535 bytes
	    0x0000:  0000 0007 0100 0006 7f00 0005 42fa 0000
	    0x0010:  42fa 0000 42fa 0000 0000 0014 0000 ffff
	  Adspec Object (13) Flags: [reject if unknown], Class-Type: IntServ (2), length: 48
	    Msg-Version: 0, length: 40
	    Service Type: Default/Global Information (1), break bit not set, Service length: 32
	      Parameter ID: IS hop cnt (4), length: 4, Flags: [0x00]
		IS hop count: 2
	      Parameter ID: Path b/w estimate (6), length: 4, Flags: [0x00]
		Path b/w estimate: 0 Mbps
	      Parameter ID: Minimum path latency (8), length: 4, Flags: [0x00]
		Minimum path latency: don't care
	      Parameter ID: Composed MTU (10), length: 4, Flags: [0x00]
		Composed MTU: 1500 bytes
	    Service Type: Controlled Load (5), break bit not set, Service length: 0
	    0x0000:  0000 000a 0100 0008 0400 0001 0000 0002
	    0x0010:  0600 0001 0000 0000 0800 0001 ffff ffff
	    0x0020:  0a00 0001 0000 05dc 0500 0000
	  RRO Object (21) Flags: [reject if unknown], Class-Type: IPv4 (1), length: 20
	    Subobject Type: IPv4 prefix, length 8, Strict, 198.18.2.1/32, Flags: [none]
	    Subobject Type: IPv4 prefix, length 8, Strict, 198.18.1.1/32, Flags: [none]
	    0x0000:  0108 c612 0201 2000 0108 c612 0101 2000
2026-09-22 18:13:26.424437 ?     Out ifindex 9 0e:3e:18:d2:4e:e6 ethertype IPv4 (0x0800), length 168: (tos 0x0, ttl 64, id 25361, offset 0, flags [DF], proto RSVP (46), length 148)
    10.14.0.2 > 10.14.0.1: 
	RSVPv1 Resv Message (2), Flags: [none], length: 128, ttl: 64, checksum: 0xb867
	  Session Object (1) Flags: [reject if unknown], Class-Type: Tunnel IPv4 (7), length: 16
	    IPv4 Tunnel EndPoint: 198.18.3.1, Tunnel ID: 0x005d, Extended Tunnel ID: 198.18.1.1
	    0x0000:  c612 0301 0000 005d c612 0101
	  RSVP Hop Object (3) Flags: [reject if unknown], Class-Type: IPv4 (1), length: 12
	    Previous/Next Interface: 10.14.0.2, Logical Interface Handle: 0x00000000
	    0x0000:  0a0e 0002 0000 0000
	  Time Values Object (5) Flags: [reject if unknown], Class-Type: 1 (1), length: 8
	    Refresh Period: 1000ms
	    0x0000:  0000 03e8
	  Style Object (8) Flags: [reject if unknown], Class-Type: 1 (1), length: 8
	    Reservation Style: Shared Explicit, Flags: [0x00]
	    0x0000:  0000 0012
	  Flowspec Object (9) Flags: [reject if unknown], Class-Type: IntServ (2), length: 36
	    Msg-Version: 0, length: 28
	    Service Type: Controlled Load (5), break bit not set, Service length: 24
	      Parameter ID: Token Bucket TSpec (127), length: 20, Flags: [0x00]
		Token Bucket Rate: 0.001000000047 Mbps
		Token Bucket Size: 125 bytes
		Peak Data Rate: 0.001000000047 Mbps
		Minimum Policed Unit: 20 bytes
		Maximum Packet Size: 1500 bytes
	    0x0000:  0000 0007 0500 0006 7f00 0005 42fa 0000
	    0x0010:  42fa 0000 42fa 0000 0000 0014 0000 05dc
	  FilterSpec Object (10) Flags: [reject if unknown], Class-Type: Tunnel IPv4 (7), length: 12
	    Source Address: 198.18.1.1, LSP-ID: 0x0001
	    0x0000:  c612 0101 0000 0001
	  Label Object (16) Flags: [reject if unknown], Class-Type: Label (1), length: 8
	    Label: 1000
	    0x0000:  0000 03e8
	  RRO Object (21) Flags: [reject if unknown], Class-Type: IPv4 (1), length: 20
	    Subobject Type: IPv4 prefix, length 8, Strict, 198.18.3.1/32, Flags: [none]
	    Subobject Type: Label, length 8, Flags: [none] (0), Class-Type: Unknown (0), 1000
	    0x0000:  0108 c612 0301 2000 0308 0000 0000 03e8
2026-09-22 18:13:26.908440 ?     Out ifindex 9 0e:3e:18:d2:4e:e6 ethertype IPv4 (0x0800), length 168: (tos 0x0, ttl 64, id 25842, offset 0, flags [DF], proto RSVP (46), length 148)
    10.14.0.2 > 10.14.0.1: 
	RSVPv1 Resv Message (2), Flags: [none], length: 128, ttl: 64, checksum: 0xb867
	  Session Object (1) Flags: [reject if unknown], Class-Type: Tunnel IPv4 (7), length: 16
	    IPv4 Tunnel EndPoint: 198.18.3.1, Tunnel ID: 0x005d, Extended Tunnel ID: 198.18.1.1
	    0x0000:  c612 0301 0000 005d c612 0101
	  RSVP Hop Object (3) Flags: [reject if unknown], Class-Type: IPv4 (1), length: 12
	    Previous/Next Interface: 10.14.0.2, Logical Interface Handle: 0x00000000
	    0x0000:  0a0e 0002 0000 0000
	  Time Values Object (5) Flags: [reject if unknown], Class-Type: 1 (1), length: 8
	    Refresh Period: 1000ms
	    0x0000:  0000 03e8
	  Style Object (8) Flags: [reject if unknown], Class-Type: 1 (1), length: 8
	    Reservation Style: Shared Explicit, Flags: [0x00]
	    0x0000:  0000 0012
	  Flowspec Object (9) Flags: [reject if unknown], Class-Type: IntServ (2), length: 36
	    Msg-Version: 0, length: 28
	    Service Type: Controlled Load (5), break bit not set, Service length: 24
	      Parameter ID: Token Bucket TSpec (127), length: 20, Flags: [0x00]
		Token Bucket Rate: 0.001000000047 Mbps
		Token Bucket Size: 125 bytes
		Peak Data Rate: 0.001000000047 Mbps
		Minimum Policed Unit: 20 bytes
		Maximum Packet Size: 1500 bytes
	    0x0000:  0000 0007 0500 0006 7f00 0005 42fa 0000
	    0x0010:  42fa 0000 42fa 0000 0000 0014 0000 05dc
	  FilterSpec Object (10) Flags: [reject if unknown], Class-Type: Tunnel IPv4 (7), length: 12
	    Source Address: 198.18.1.1, LSP-ID: 0x0001
	    0x0000:  c612 0101 0000 0001
	  Label Object (16) Flags: [reject if unknown], Class-Type: Label (1), length: 8
	    Label: 1000
	    0x0000:  0000 03e8
	  RRO Object (21) Flags: [reject if unknown], Class-Type: IPv4 (1), length: 20
	    Subobject Type: IPv4 prefix, length 8, Strict, 198.18.3.1/32, Flags: [none]
	    Subobject Type: Label, length 8, Flags: [none] (0), Class-Type: Unknown (0), 1000
	    0x0000:  0108 c612 0301 2000 0308 0000 0000 03e8
2026-09-22 18:13:27.423813 ?     In  ifindex 9 32:15:5d:b8:e6:f6 ethertype IPv4 (0x0800), length 276: (tos 0x0, ttl 64, id 19885, offset 0, flags [none], proto RSVP (46), length 256, options (RA))
    198.18.1.1 > 198.18.3.1: 
	RSVPv1 Path Message (1), Flags: [none], length: 232, ttl: 64, checksum: 0xde4b
	  Session Object (1) Flags: [reject if unknown], Class-Type: Tunnel IPv4 (7), length: 16
	    IPv4 Tunnel EndPoint: 198.18.3.1, Tunnel ID: 0x005d, Extended Tunnel ID: 198.18.1.1
	    0x0000:  c612 0301 0000 005d c612 0101
	  RSVP Hop Object (3) Flags: [reject if unknown], Class-Type: IPv4 (1), length: 12
	    Previous/Next Interface: 10.14.0.1, Logical Interface Handle: 0x00000000
	    0x0000:  0a0e 0001 0000 0000
	  Time Values Object (5) Flags: [reject if unknown], Class-Type: 1 (1), length: 8
	    Refresh Period: 1000ms
	    0x0000:  0000 03e8
	  ERO Object (20) Flags: [reject if unknown], Class-Type: IPv4 (1), length: 20
	    Subobject Type: IPv4 prefix, length 8, Strict, 10.14.0.2/32, Flags: [none]
	    Subobject Type: IPv4 prefix, length 8, Loose, 198.18.3.1/32, Flags: [none]
	    0x0000:  0108 0a0e 0002 2000 8108 c612 0301 2000
	  Label Request Object (19) Flags: [reject if unknown], Class-Type: without label range (1), length: 8
	    L3 Protocol ID: IPv4
	    0x0000:  0000 0800
	  Session Attribute Object (207) Flags: [ignore and forward if unknown], Class-Type: Tunnel IPv4 (7), length: 20
	    Session Name: protected
	    Setup Priority: 7, Holding Priority: 7, Flags: [Local Protection, Label Recording, SE Style] (0x7)
	    0x0000:  0707 0709 7072 6f74 6563 7465 6400 0000
	  Fast Re-Route Object (205) Flags: [ignore and forward if unknown], Class-Type: 1 (1), length: 24
	    Setup Priority: 7, Holding Priority: 7, Hop-limit: 16, Bandwidth: 0.001000000047 Mbps
	    Include-any: 0x00000000, Exclude-any: 0x00000000, Include-all: 0x00000000
	    0x0000:  0707 1002 42fa 0000 0000 0000 0000 0000
	    0x0010:  0000 0000
	  Sender Template Object (11) Flags: [reject if unknown], Class-Type: Tunnel IPv4 (7), length: 12
	    IPv4 Tunnel Sender Address: 198.18.1.1, LSP-ID: 0x0001
	    0x0000:  c612 0101 0000 0001
	  Sender TSpec Object (12) Flags: [reject if unknown], Class-Type: IntServ (2), length: 36
	    Msg-Version: 0, length: 28
	    Service Type: Default/Global Information (1), break bit not set, Service length: 24
	      Parameter ID: Token Bucket TSpec (127), length: 20, Flags: [0x00]
		Token Bucket Rate: 0.001000000047 Mbps
		Token Bucket Size: 125 bytes
		Peak Data Rate: 0.001000000047 Mbps
		Minimum Policed Unit: 20 bytes
		Maximum Packet Size: 65535 bytes
	    0x0000:  0000 0007 0100 0006 7f00 0005 42fa 0000
	    0x0010:  42fa 0000 42fa 0000 0000 0014 0000 ffff
	  Adspec Object (13) Flags: [reject if unknown], Class-Type: IntServ (2), length: 48
	    Msg-Version: 0, length: 40
	    Service Type: Default/Global Information (1), break bit not set, Service length: 32
	      Parameter ID: IS hop cnt (4), length: 4, Flags: [0x00]
		IS hop count: 2
	      Parameter ID: Path b/w estimate (6), length: 4, Flags: [0x00]
		Path b/w estimate: 0 Mbps
	      Parameter ID: Minimum path latency (8), length: 4, Flags: [0x00]
		Minimum path latency: don't care
	      Parameter ID: Composed MTU (10), length: 4, Flags: [0x00]
		Composed MTU: 1500 bytes
	    Service Type: Controlled Load (5), break bit not set, Service length: 0
	    0x0000:  0000 000a 0100 0008 0400 0001 0000 0002
	    0x0010:  0600 0001 0000 0000 0800 0001 ffff ffff
	    0x0020:  0a00 0001 0000 05dc 0500 0000
	  RRO Object (21) Flags: [reject if unknown], Class-Type: IPv4 (1), length: 20
	    Subobject Type: IPv4 prefix, length 8, Strict, 198.18.2.1/32, Flags: [none]
	    Subobject Type: IPv4 prefix, length 8, Strict, 198.18.1.1/32, Flags: [none]
	    0x0000:  0108 c612 0201 2000 0108 c612 0101 2000
2026-09-22 18:13:27.424879 ?     Out ifindex 9 0e:3e:18:d2:4e:e6 ethertype IPv4 (0x0800), length 168: (tos 0x0, ttl 64, id 26143, offset 0, flags [DF], proto RSVP (46), length 148)
    10.14.0.2 > 10.14.0.1: 
	RSVPv1 Resv Message (2), Flags: [none], length: 128, ttl: 64, checksum: 0xb867
	  Session Object (1) Flags: [reject if unknown], Class-Type: Tunnel IPv4 (7), length: 16
	    IPv4 Tunnel EndPoint: 198.18.3.1, Tunnel ID: 0x005d, Extended Tunnel ID: 198.18.1.1
	    0x0000:  c612 0301 0000 005d c612 0101
	  RSVP Hop Object (3) Flags: [reject if unknown], Class-Type: IPv4 (1), length: 12
	    Previous/Next Interface: 10.14.0.2, Logical Interface Handle: 0x00000000
	    0x0000:  0a0e 0002 0000 0000
	  Time Values Object (5) Flags: [reject if unknown], Class-Type: 1 (1), length: 8
	    Refresh Period: 1000ms
	    0x0000:  0000 03e8
	  Style Object (8) Flags: [reject if unknown], Class-Type: 1 (1), length: 8
	    Reservation Style: Shared Explicit, Flags: [0x00]
	    0x0000:  0000 0012
	  Flowspec Object (9) Flags: [reject if unknown], Class-Type: IntServ (2), length: 36
	    Msg-Version: 0, length: 28
	    Service Type: Controlled Load (5), break bit not set, Service length: 24
	      Parameter ID: Token Bucket TSpec (127), length: 20, Flags: [0x00]
		Token Bucket Rate: 0.001000000047 Mbps
		Token Bucket Size: 125 bytes
		Peak Data Rate: 0.001000000047 Mbps
		Minimum Policed Unit: 20 bytes
		Maximum Packet Size: 1500 bytes
	    0x0000:  0000 0007 0500 0006 7f00 0005 42fa 0000
	    0x0010:  42fa 0000 42fa 0000 0000 0014 0000 05dc
	  FilterSpec Object (10) Flags: [reject if unknown], Class-Type: Tunnel IPv4 (7), length: 12
	    Source Address: 198.18.1.1, LSP-ID: 0x0001
	    0x0000:  c612 0101 0000 0001
	  Label Object (16) Flags: [reject if unknown], Class-Type: Label (1), length: 8
	    Label: 1000
	    0x0000:  0000 03e8
	  RRO Object (21) Flags: [reject if unknown], Class-Type: IPv4 (1), length: 20
	    Subobject Type: IPv4 prefix, length 8, Strict, 198.18.3.1/32, Flags: [none]
	    Subobject Type: Label, length 8, Flags: [none] (0), Class-Type: Unknown (0), 1000
	    0x0000:  0108 c612 0301 2000 0308 0000 0000 03e8
2026-09-22 18:13:27.909264 ?     Out ifindex 9 0e:3e:18:d2:4e:e6 ethertype IPv4 (0x0800), length 168: (tos 0x0, ttl 64, id 26259, offset 0, flags [DF], proto RSVP (46), length 148)
    10.14.0.2 > 10.14.0.1: 
	RSVPv1 Resv Message (2), Flags: [none], length: 128, ttl: 64, checksum: 0xb867
	  Session Object (1) Flags: [reject if unknown], Class-Type: Tunnel IPv4 (7), length: 16
	    IPv4 Tunnel EndPoint: 198.18.3.1, Tunnel ID: 0x005d, Extended Tunnel ID: 198.18.1.1
	    0x0000:  c612 0301 0000 005d c612 0101
	  RSVP Hop Object (3) Flags: [reject if unknown], Class-Type: IPv4 (1), length: 12
	    Previous/Next Interface: 10.14.0.2, Logical Interface Handle: 0x00000000
	    0x0000:  0a0e 0002 0000 0000
	  Time Values Object (5) Flags: [reject if unknown], Class-Type: 1 (1), length: 8
	    Refresh Period: 1000ms
	    0x0000:  0000 03e8
	  Style Object (8) Flags: [reject if unknown], Class-Type: 1 (1), length: 8
	    Reservation Style: Shared Explicit, Flags: [0x00]
	    0x0000:  0000 0012
	  Flowspec Object (9) Flags: [reject if unknown], Class-Type: IntServ (2), length: 36
	    Msg-Version: 0, length: 28
	    Service Type: Controlled Load (5), break bit not set, Service length: 24
	      Parameter ID: Token Bucket TSpec (127), length: 20, Flags: [0x00]
		Token Bucket Rate: 0.001000000047 Mbps
		Token Bucket Size: 125 bytes
		Peak Data Rate: 0.001000000047 Mbps
		Minimum Policed Unit: 20 bytes
		Maximum Packet Size: 1500 bytes
	    0x0000:  0000 0007 0500 0006 7f00 0005 42fa 0000
	    0x0010:  42fa 0000 42fa 0000 0000 0014 0000 05dc
	  FilterSpec Object (10) Flags: [reject if unknown], Class-Type: Tunnel IPv4 (7), length: 12
	    Source Address: 198.18.1.1, LSP-ID: 0x0001
	    0x0000:  c612 0101 0000 0001
	  Label Object (16) Flags: [reject if unknown], Class-Type: Label (1), length: 8
	    Label: 1000
	    0x0000:  0000 03e8
	  RRO Object (21) Flags: [reject if unknown], Class-Type: IPv4 (1), length: 20
	    Subobject Type: IPv4 prefix, length 8, Strict, 198.18.3.1/32, Flags: [none]
	    Subobject Type: Label, length 8, Flags: [none] (0), Class-Type: Unknown (0), 1000
	    0x0000:  0108 c612 0301 2000 0308 0000 0000 03e8
2026-09-22 18:13:28.423889 ?     In  ifindex 9 32:15:5d:b8:e6:f6 ethertype IPv4 (0x0800), length 276: (tos 0x0, ttl 64, id 20801, offset 0, flags [none], proto RSVP (46), length 256, options (RA))
    198.18.1.1 > 198.18.3.1: 
	RSVPv1 Path Message (1), Flags: [none], length: 232, ttl: 64, checksum: 0xde4b
	  Session Object (1) Flags: [reject if unknown], Class-Type: Tunnel IPv4 (7), length: 16
	    IPv4 Tunnel EndPoint: 198.18.3.1, Tunnel ID: 0x005d, Extended Tunnel ID: 198.18.1.1
	    0x0000:  c612 0301 0000 005d c612 0101
	  RSVP Hop Object (3) Flags: [reject if unknown], Class-Type: IPv4 (1), length: 12
	    Previous/Next Interface: 10.14.0.1, Logical Interface Handle: 0x00000000
	    0x0000:  0a0e 0001 0000 0000
	  Time Values Object (5) Flags: [reject if unknown], Class-Type: 1 (1), length: 8
	    Refresh Period: 1000ms
	    0x0000:  0000 03e8
	  ERO Object (20) Flags: [reject if unknown], Class-Type: IPv4 (1), length: 20
	    Subobject Type: IPv4 prefix, length 8, Strict, 10.14.0.2/32, Flags: [none]
	    Subobject Type: IPv4 prefix, length 8, Loose, 198.18.3.1/32, Flags: [none]
	    0x0000:  0108 0a0e 0002 2000 8108 c612 0301 2000
	  Label Request Object (19) Flags: [reject if unknown], Class-Type: without label range (1), length: 8
	    L3 Protocol ID: IPv4
	    0x0000:  0000 0800
	  Session Attribute Object (207) Flags: [ignore and forward if unknown], Class-Type: Tunnel IPv4 (7), length: 20
	    Session Name: protected
	    Setup Priority: 7, Holding Priority: 7, Flags: [Local Protection, Label Recording, SE Style] (0x7)
	    0x0000:  0707 0709 7072 6f74 6563 7465 6400 0000
	  Fast Re-Route Object (205) Flags: [ignore and forward if unknown], Class-Type: 1 (1), length: 24
	    Setup Priority: 7, Holding Priority: 7, Hop-limit: 16, Bandwidth: 0.001000000047 Mbps
	    Include-any: 0x00000000, Exclude-any: 0x00000000, Include-all: 0x00000000
	    0x0000:  0707 1002 42fa 0000 0000 0000 0000 0000
	    0x0010:  0000 0000
	  Sender Template Object (11) Flags: [reject if unknown], Class-Type: Tunnel IPv4 (7), length: 12
	    IPv4 Tunnel Sender Address: 198.18.1.1, LSP-ID: 0x0001
	    0x0000:  c612 0101 0000 0001
	  Sender TSpec Object (12) Flags: [reject if unknown], Class-Type: IntServ (2), length: 36
	    Msg-Version: 0, length: 28
	    Service Type: Default/Global Information (1), break bit not set, Service length: 24
	      Parameter ID: Token Bucket TSpec (127), length: 20, Flags: [0x00]
		Token Bucket Rate: 0.001000000047 Mbps
		Token Bucket Size: 125 bytes
		Peak Data Rate: 0.001000000047 Mbps
		Minimum Policed Unit: 20 bytes
		Maximum Packet Size: 65535 bytes
	    0x0000:  0000 0007 0100 0006 7f00 0005 42fa 0000
	    0x0010:  42fa 0000 42fa 0000 0000 0014 0000 ffff
	  Adspec Object (13) Flags: [reject if unknown], Class-Type: IntServ (2), length: 48
	    Msg-Version: 0, length: 40
	    Service Type: Default/Global Information (1), break bit not set, Service length: 32
	      Parameter ID: IS hop cnt (4), length: 4, Flags: [0x00]
		IS hop count: 2
	      Parameter ID: Path b/w estimate (6), length: 4, Flags: [0x00]
		Path b/w estimate: 0 Mbps
	      Parameter ID: Minimum path latency (8), length: 4, Flags: [0x00]
		Minimum path latency: don't care
	      Parameter ID: Composed MTU (10), length: 4, Flags: [0x00]
		Composed MTU: 1500 bytes
	    Service Type: Controlled Load (5), break bit not set, Service length: 0
	    0x0000:  0000 000a 0100 0008 0400 0001 0000 0002
	    0x0010:  0600 0001 0000 0000 0800 0001 ffff ffff
	    0x0020:  0a00 0001 0000 05dc 0500 0000
	  RRO Object (21) Flags: [reject if unknown], Class-Type: IPv4 (1), length: 20
	    Subobject Type: IPv4 prefix, length 8, Strict, 198.18.2.1/32, Flags: [none]
	    Subobject Type: IPv4 prefix, length 8, Strict, 198.18.1.1/32, Flags: [none]
	    0x0000:  0108 c612 0201 2000 0108 c612 0101 2000
2026-09-22 18:13:28.425147 ?     Out ifindex 9 0e:3e:18:d2:4e:e6 ethertype IPv4 (0x0800), length 168: (tos 0x0, ttl 64, id 26280, offset 0, flags [DF], proto RSVP (46), length 148)
    10.14.0.2 > 10.14.0.1: 
	RSVPv1 Resv Message (2), Flags: [none], length: 128, ttl: 64, checksum: 0xb867
	  Session Object (1) Flags: [reject if unknown], Class-Type: Tunnel IPv4 (7), length: 16
	    IPv4 Tunnel EndPoint: 198.18.3.1, Tunnel ID: 0x005d, Extended Tunnel ID: 198.18.1.1
	    0x0000:  c612 0301 0000 005d c612 0101
	  RSVP Hop Object (3) Flags: [reject if unknown], Class-Type: IPv4 (1), length: 12
	    Previous/Next Interface: 10.14.0.2, Logical Interface Handle: 0x00000000
	    0x0000:  0a0e 0002 0000 0000
	  Time Values Object (5) Flags: [reject if unknown], Class-Type: 1 (1), length: 8
	    Refresh Period: 1000ms
	    0x0000:  0000 03e8
	  Style Object (8) Flags: [reject if unknown], Class-Type: 1 (1), length: 8
	    Reservation Style: Shared Explicit, Flags: [0x00]
	    0x0000:  0000 0012
	  Flowspec Object (9) Flags: [reject if unknown], Class-Type: IntServ (2), length: 36
	    Msg-Version: 0, length: 28
	    Service Type: Controlled Load (5), break bit not set, Service length: 24
	      Parameter ID: Token Bucket TSpec (127), length: 20, Flags: [0x00]
		Token Bucket Rate: 0.001000000047 Mbps
		Token Bucket Size: 125 bytes
		Peak Data Rate: 0.001000000047 Mbps
		Minimum Policed Unit: 20 bytes
		Maximum Packet Size: 1500 bytes
	    0x0000:  0000 0007 0500 0006 7f00 0005 42fa 0000
	    0x0010:  42fa 0000 42fa 0000 0000 0014 0000 05dc
	  FilterSpec Object (10) Flags: [reject if unknown], Class-Type: Tunnel IPv4 (7), length: 12
	    Source Address: 198.18.1.1, LSP-ID: 0x0001
	    0x0000:  c612 0101 0000 0001
	  Label Object (16) Flags: [reject if unknown], Class-Type: Label (1), length: 8
	    Label: 1000
	    0x0000:  0000 03e8
	  RRO Object (21) Flags: [reject if unknown], Class-Type: IPv4 (1), length: 20
	    Subobject Type: IPv4 prefix, length 8, Strict, 198.18.3.1/32, Flags: [none]
	    Subobject Type: Label, length 8, Flags: [none] (0), Class-Type: Unknown (0), 1000
	    0x0000:  0108 c612 0301 2000 0308 0000 0000 03e8
2026-09-22 18:13:28.909345 ?     Out ifindex 9 0e:3e:18:d2:4e:e6 ethertype IPv4 (0x0800), length 168: (tos 0x0, ttl 64, id 26640, offset 0, flags [DF], proto RSVP (46), length 148)
    10.14.0.2 > 10.14.0.1: 
	RSVPv1 Resv Message (2), Flags: [none], length: 128, ttl: 64, checksum: 0xb867
	  Session Object (1) Flags: [reject if unknown], Class-Type: Tunnel IPv4 (7), length: 16
	    IPv4 Tunnel EndPoint: 198.18.3.1, Tunnel ID: 0x005d, Extended Tunnel ID: 198.18.1.1
	    0x0000:  c612 0301 0000 005d c612 0101
	  RSVP Hop Object (3) Flags: [reject if unknown], Class-Type: IPv4 (1), length: 12
	    Previous/Next Interface: 10.14.0.2, Logical Interface Handle: 0x00000000
	    0x0000:  0a0e 0002 0000 0000
	  Time Values Object (5) Flags: [reject if unknown], Class-Type: 1 (1), length: 8
	    Refresh Period: 1000ms
	    0x0000:  0000 03e8
	  Style Object (8) Flags: [reject if unknown], Class-Type: 1 (1), length: 8
	    Reservation Style: Shared Explicit, Flags: [0x00]
	    0x0000:  0000 0012
	  Flowspec Object (9) Flags: [reject if unknown], Class-Type: IntServ (2), length: 36
	    Msg-Version: 0, length: 28
	    Service Type: Controlled Load (5), break bit not set, Service length: 24
	      Parameter ID: Token Bucket TSpec (127), length: 20, Flags: [0x00]
		Token Bucket Rate: 0.001000000047 Mbps
		Token Bucket Size: 125 bytes
		Peak Data Rate: 0.001000000047 Mbps
		Minimum Policed Unit: 20 bytes
		Maximum Packet Size: 1500 bytes
	    0x0000:  0000 0007 0500 0006 7f00 0005 42fa 0000
	    0x0010:  42fa 0000 42fa 0000 0000 0014 0000 05dc
	  FilterSpec Object (10) Flags: [reject if unknown], Class-Type: Tunnel IPv4 (7), length: 12
	    Source Address: 198.18.1.1, LSP-ID: 0x0001
	    0x0000:  c612 0101 0000 0001
	  Label Object (16) Flags: [reject if unknown], Class-Type: Label (1), length: 8
	    Label: 1000
	    0x0000:  0000 03e8
	  RRO Object (21) Flags: [reject if unknown], Class-Type: IPv4 (1), length: 20
	    Subobject Type: IPv4 prefix, length 8, Strict, 198.18.3.1/32, Flags: [none]
	    Subobject Type: Label, length 8, Flags: [none] (0), Class-Type: Unknown (0), 1000
	    0x0000:  0108 c612 0301 2000 0308 0000 0000 03e8
2026-09-22 18:13:29.423561 ?     In  ifindex 9 32:15:5d:b8:e6:f6 ethertype IPv4 (0x0800), length 276: (tos 0x0, ttl 64, id 21205, offset 0, flags [none], proto RSVP (46), length 256, options (RA))
    198.18.1.1 > 198.18.3.1: 
	RSVPv1 Path Message (1), Flags: [none], length: 232, ttl: 64, checksum: 0xde4b
	  Session Object (1) Flags: [reject if unknown], Class-Type: Tunnel IPv4 (7), length: 16
	    IPv4 Tunnel EndPoint: 198.18.3.1, Tunnel ID: 0x005d, Extended Tunnel ID: 198.18.1.1
	    0x0000:  c612 0301 0000 005d c612 0101
	  RSVP Hop Object (3) Flags: [reject if unknown], Class-Type: IPv4 (1), length: 12
	    Previous/Next Interface: 10.14.0.1, Logical Interface Handle: 0x00000000
	    0x0000:  0a0e 0001 0000 0000
	  Time Values Object (5) Flags: [reject if unknown], Class-Type: 1 (1), length: 8
	    Refresh Period: 1000ms
	    0x0000:  0000 03e8
	  ERO Object (20) Flags: [reject if unknown], Class-Type: IPv4 (1), length: 20
	    Subobject Type: IPv4 prefix, length 8, Strict, 10.14.0.2/32, Flags: [none]
	    Subobject Type: IPv4 prefix, length 8, Loose, 198.18.3.1/32, Flags: [none]
	    0x0000:  0108 0a0e 0002 2000 8108 c612 0301 2000
	  Label Request Object (19) Flags: [reject if unknown], Class-Type: without label range (1), length: 8
	    L3 Protocol ID: IPv4
	    0x0000:  0000 0800
	  Session Attribute Object (207) Flags: [ignore and forward if unknown], Class-Type: Tunnel IPv4 (7), length: 20
	    Session Name: protected
	    Setup Priority: 7, Holding Priority: 7, Flags: [Local Protection, Label Recording, SE Style] (0x7)
	    0x0000:  0707 0709 7072 6f74 6563 7465 6400 0000
	  Fast Re-Route Object (205) Flags: [ignore and forward if unknown], Class-Type: 1 (1), length: 24
	    Setup Priority: 7, Holding Priority: 7, Hop-limit: 16, Bandwidth: 0.001000000047 Mbps
	    Include-any: 0x00000000, Exclude-any: 0x00000000, Include-all: 0x00000000
	    0x0000:  0707 1002 42fa 0000 0000 0000 0000 0000
	    0x0010:  0000 0000
	  Sender Template Object (11) Flags: [reject if unknown], Class-Type: Tunnel IPv4 (7), length: 12
	    IPv4 Tunnel Sender Address: 198.18.1.1, LSP-ID: 0x0001
	    0x0000:  c612 0101 0000 0001
	  Sender TSpec Object (12) Flags: [reject if unknown], Class-Type: IntServ (2), length: 36
	    Msg-Version: 0, length: 28
	    Service Type: Default/Global Information (1), break bit not set, Service length: 24
	      Parameter ID: Token Bucket TSpec (127), length: 20, Flags: [0x00]
		Token Bucket Rate: 0.001000000047 Mbps
		Token Bucket Size: 125 bytes
		Peak Data Rate: 0.001000000047 Mbps
		Minimum Policed Unit: 20 bytes
		Maximum Packet Size: 65535 bytes
	    0x0000:  0000 0007 0100 0006 7f00 0005 42fa 0000
	    0x0010:  42fa 0000 42fa 0000 0000 0014 0000 ffff
	  Adspec Object (13) Flags: [reject if unknown], Class-Type: IntServ (2), length: 48
	    Msg-Version: 0, length: 40
	    Service Type: Default/Global Information (1), break bit not set, Service length: 32
	      Parameter ID: IS hop cnt (4), length: 4, Flags: [0x00]
		IS hop count: 2
	      Parameter ID: Path b/w estimate (6), length: 4, Flags: [0x00]
		Path b/w estimate: 0 Mbps
	      Parameter ID: Minimum path latency (8), length: 4, Flags: [0x00]
		Minimum path latency: don't care
	      Parameter ID: Composed MTU (10), length: 4, Flags: [0x00]
		Composed MTU: 1500 bytes
	    Service Type: Controlled Load (5), break bit not set, Service length: 0
	    0x0000:  0000 000a 0100 0008 0400 0001 0000 0002
	    0x0010:  0600 0001 0000 0000 0800 0001 ffff ffff
	    0x0020:  0a00 0001 0000 05dc 0500 0000
	  RRO Object (21) Flags: [reject if unknown], Class-Type: IPv4 (1), length: 20
	    Subobject Type: IPv4 prefix, length 8, Strict, 198.18.2.1/32, Flags: [none]
	    Subobject Type: IPv4 prefix, length 8, Strict, 198.18.1.1/32, Flags: [none]
	    0x0000:  0108 c612 0201 2000 0108 c612 0101 2000
2026-09-22 18:13:29.424837 ?     Out ifindex 9 0e:3e:18:d2:4e:e6 ethertype IPv4 (0x0800), length 168: (tos 0x0, ttl 64, id 27079, offset 0, flags [DF], proto RSVP (46), length 148)
    10.14.0.2 > 10.14.0.1: 
	RSVPv1 Resv Message (2), Flags: [none], length: 128, ttl: 64, checksum: 0xb867
	  Session Object (1) Flags: [reject if unknown], Class-Type: Tunnel IPv4 (7), length: 16
	    IPv4 Tunnel EndPoint: 198.18.3.1, Tunnel ID: 0x005d, Extended Tunnel ID: 198.18.1.1
	    0x0000:  c612 0301 0000 005d c612 0101
	  RSVP Hop Object (3) Flags: [reject if unknown], Class-Type: IPv4 (1), length: 12
	    Previous/Next Interface: 10.14.0.2, Logical Interface Handle: 0x00000000
	    0x0000:  0a0e 0002 0000 0000
	  Time Values Object (5) Flags: [reject if unknown], Class-Type: 1 (1), length: 8
	    Refresh Period: 1000ms
	    0x0000:  0000 03e8
	  Style Object (8) Flags: [reject if unknown], Class-Type: 1 (1), length: 8
	    Reservation Style: Shared Explicit, Flags: [0x00]
	    0x0000:  0000 0012
	  Flowspec Object (9) Flags: [reject if unknown], Class-Type: IntServ (2), length: 36
	    Msg-Version: 0, length: 28
	    Service Type: Controlled Load (5), break bit not set, Service length: 24
	      Parameter ID: Token Bucket TSpec (127), length: 20, Flags: [0x00]
		Token Bucket Rate: 0.001000000047 Mbps
		Token Bucket Size: 125 bytes
		Peak Data Rate: 0.001000000047 Mbps
		Minimum Policed Unit: 20 bytes
		Maximum Packet Size: 1500 bytes
	    0x0000:  0000 0007 0500 0006 7f00 0005 42fa 0000
	    0x0010:  42fa 0000 42fa 0000 0000 0014 0000 05dc
	  FilterSpec Object (10) Flags: [reject if unknown], Class-Type: Tunnel IPv4 (7), length: 12
	    Source Address: 198.18.1.1, LSP-ID: 0x0001
	    0x0000:  c612 0101 0000 0001
	  Label Object (16) Flags: [reject if unknown], Class-Type: Label (1), length: 8
	    Label: 1000
	    0x0000:  0000 03e8
	  RRO Object (21) Flags: [reject if unknown], Class-Type: IPv4 (1), length: 20
	    Subobject Type: IPv4 prefix, length 8, Strict, 198.18.3.1/32, Flags: [none]
	    Subobject Type: Label, length 8, Flags: [none] (0), Class-Type: Unknown (0), 1000
	    0x0000:  0108 c612 0301 2000 0308 0000 0000 03e8
2026-09-22 18:13:29.909246 ?     Out ifindex 9 0e:3e:18:d2:4e:e6 ethertype IPv4 (0x0800), length 168: (tos 0x0, ttl 64, id 27357, offset 0, flags [DF], proto RSVP (46), length 148)
    10.14.0.2 > 10.14.0.1: 
	RSVPv1 Resv Message (2), Flags: [none], length: 128, ttl: 64, checksum: 0xb867
	  Session Object (1) Flags: [reject if unknown], Class-Type: Tunnel IPv4 (7), length: 16
	    IPv4 Tunnel EndPoint: 198.18.3.1, Tunnel ID: 0x005d, Extended Tunnel ID: 198.18.1.1
	    0x0000:  c612 0301 0000 005d c612 0101
	  RSVP Hop Object (3) Flags: [reject if unknown], Class-Type: IPv4 (1), length: 12
	    Previous/Next Interface: 10.14.0.2, Logical Interface Handle: 0x00000000
	    0x0000:  0a0e 0002 0000 0000
	  Time Values Object (5) Flags: [reject if unknown], Class-Type: 1 (1), length: 8
	    Refresh Period: 1000ms
	    0x0000:  0000 03e8
	  Style Object (8) Flags: [reject if unknown], Class-Type: 1 (1), length: 8
	    Reservation Style: Shared Explicit, Flags: [0x00]
	    0x0000:  0000 0012
	  Flowspec Object (9) Flags: [reject if unknown], Class-Type: IntServ (2), length: 36
	    Msg-Version: 0, length: 28
	    Service Type: Controlled Load (5), break bit not set, Service length: 24
	      Parameter ID: Token Bucket TSpec (127), length: 20, Flags: [0x00]
		Token Bucket Rate: 0.001000000047 Mbps
		Token Bucket Size: 125 bytes
		Peak Data Rate: 0.001000000047 Mbps
		Minimum Policed Unit: 20 bytes
		Maximum Packet Size: 1500 bytes
	    0x0000:  0000 0007 0500 0006 7f00 0005 42fa 0000
	    0x0010:  42fa 0000 42fa 0000 0000 0014 0000 05dc
	  FilterSpec Object (10) Flags: [reject if unknown], Class-Type: Tunnel IPv4 (7), length: 12
	    Source Address: 198.18.1.1, LSP-ID: 0x0001
	    0x0000:  c612 0101 0000 0001
	  Label Object (16) Flags: [reject if unknown], Class-Type: Label (1), length: 8
	    Label: 1000
	    0x0000:  0000 03e8
	  RRO Object (21) Flags: [reject if unknown], Class-Type: IPv4 (1), length: 20
	    Subobject Type: IPv4 prefix, length 8, Strict, 198.18.3.1/32, Flags: [none]
	    Subobject Type: Label, length 8, Flags: [none] (0), Class-Type: Unknown (0), 1000
	    0x0000:  0108 c612 0301 2000 0308 0000 0000 03e8
2026-09-22 18:13:30.424109 ?     In  ifindex 9 32:15:5d:b8:e6:f6 ethertype IPv4 (0x0800), length 276: (tos 0x0, ttl 64, id 21993, offset 0, flags [none], proto RSVP (46), length 256, options (RA))
    198.18.1.1 > 198.18.3.1: 
	RSVPv1 Path Message (1), Flags: [none], length: 232, ttl: 64, checksum: 0xde4b
	  Session Object (1) Flags: [reject if unknown], Class-Type: Tunnel IPv4 (7), length: 16
	    IPv4 Tunnel EndPoint: 198.18.3.1, Tunnel ID: 0x005d, Extended Tunnel ID: 198.18.1.1
	    0x0000:  c612 0301 0000 005d c612 0101
	  RSVP Hop Object (3) Flags: [reject if unknown], Class-Type: IPv4 (1), length: 12
	    Previous/Next Interface: 10.14.0.1, Logical Interface Handle: 0x00000000
	    0x0000:  0a0e 0001 0000 0000
	  Time Values Object (5) Flags: [reject if unknown], Class-Type: 1 (1), length: 8
	    Refresh Period: 1000ms
	    0x0000:  0000 03e8
	  ERO Object (20) Flags: [reject if unknown], Class-Type: IPv4 (1), length: 20
	    Subobject Type: IPv4 prefix, length 8, Strict, 10.14.0.2/32, Flags: [none]
	    Subobject Type: IPv4 prefix, length 8, Loose, 198.18.3.1/32, Flags: [none]
	    0x0000:  0108 0a0e 0002 2000 8108 c612 0301 2000
	  Label Request Object (19) Flags: [reject if unknown], Class-Type: without label range (1), length: 8
	    L3 Protocol ID: IPv4
	    0x0000:  0000 0800
	  Session Attribute Object (207) Flags: [ignore and forward if unknown], Class-Type: Tunnel IPv4 (7), length: 20
	    Session Name: protected
	    Setup Priority: 7, Holding Priority: 7, Flags: [Local Protection, Label Recording, SE Style] (0x7)
	    0x0000:  0707 0709 7072 6f74 6563 7465 6400 0000
	  Fast Re-Route Object (205) Flags: [ignore and forward if unknown], Class-Type: 1 (1), length: 24
	    Setup Priority: 7, Holding Priority: 7, Hop-limit: 16, Bandwidth: 0.001000000047 Mbps
	    Include-any: 0x00000000, Exclude-any: 0x00000000, Include-all: 0x00000000
	    0x0000:  0707 1002 42fa 0000 0000 0000 0000 0000
	    0x0010:  0000 0000
	  Sender Template Object (11) Flags: [reject if unknown], Class-Type: Tunnel IPv4 (7), length: 12
	    IPv4 Tunnel Sender Address: 198.18.1.1, LSP-ID: 0x0001
	    0x0000:  c612 0101 0000 0001
	  Sender TSpec Object (12) Flags: [reject if unknown], Class-Type: IntServ (2), length: 36
	    Msg-Version: 0, length: 28
	    Service Type: Default/Global Information (1), break bit not set, Service length: 24
	      Parameter ID: Token Bucket TSpec (127), length: 20, Flags: [0x00]
		Token Bucket Rate: 0.001000000047 Mbps
		Token Bucket Size: 125 bytes
		Peak Data Rate: 0.001000000047 Mbps
		Minimum Policed Unit: 20 bytes
		Maximum Packet Size: 65535 bytes
	    0x0000:  0000 0007 0100 0006 7f00 0005 42fa 0000
	    0x0010:  42fa 0000 42fa 0000 0000 0014 0000 ffff
	  Adspec Object (13) Flags: [reject if unknown], Class-Type: IntServ (2), length: 48
	    Msg-Version: 0, length: 40
	    Service Type: Default/Global Information (1), break bit not set, Service length: 32
	      Parameter ID: IS hop cnt (4), length: 4, Flags: [0x00]
		IS hop count: 2
	      Parameter ID: Path b/w estimate (6), length: 4, Flags: [0x00]
		Path b/w estimate: 0 Mbps
	      Parameter ID: Minimum path latency (8), length: 4, Flags: [0x00]
		Minimum path latency: don't care
	      Parameter ID: Composed MTU (10), length: 4, Flags: [0x00]
		Composed MTU: 1500 bytes
	    Service Type: Controlled Load (5), break bit not set, Service length: 0
	    0x0000:  0000 000a 0100 0008 0400 0001 0000 0002
	    0x0010:  0600 0001 0000 0000 0800 0001 ffff ffff
	    0x0020:  0a00 0001 0000 05dc 0500 0000
	  RRO Object (21) Flags: [reject if unknown], Class-Type: IPv4 (1), length: 20
	    Subobject Type: IPv4 prefix, length 8, Strict, 198.18.2.1/32, Flags: [none]
	    Subobject Type: IPv4 prefix, length 8, Strict, 198.18.1.1/32, Flags: [none]
	    0x0000:  0108 c612 0201 2000 0108 c612 0101 2000
2026-09-22 18:13:30.425221 ?     Out ifindex 9 0e:3e:18:d2:4e:e6 ethertype IPv4 (0x0800), length 168: (tos 0x0, ttl 64, id 27673, offset 0, flags [DF], proto RSVP (46), length 148)
    10.14.0.2 > 10.14.0.1: 
	RSVPv1 Resv Message (2), Flags: [none], length: 128, ttl: 64, checksum: 0xb867
	  Session Object (1) Flags: [reject if unknown], Class-Type: Tunnel IPv4 (7), length: 16
	    IPv4 Tunnel EndPoint: 198.18.3.1, Tunnel ID: 0x005d, Extended Tunnel ID: 198.18.1.1
	    0x0000:  c612 0301 0000 005d c612 0101
	  RSVP Hop Object (3) Flags: [reject if unknown], Class-Type: IPv4 (1), length: 12
	    Previous/Next Interface: 10.14.0.2, Logical Interface Handle: 0x00000000
	    0x0000:  0a0e 0002 0000 0000
	  Time Values Object (5) Flags: [reject if unknown], Class-Type: 1 (1), length: 8
	    Refresh Period: 1000ms
	    0x0000:  0000 03e8
	  Style Object (8) Flags: [reject if unknown], Class-Type: 1 (1), length: 8
	    Reservation Style: Shared Explicit, Flags: [0x00]
	    0x0000:  0000 0012
	  Flowspec Object (9) Flags: [reject if unknown], Class-Type: IntServ (2), length: 36
	    Msg-Version: 0, length: 28
	    Service Type: Controlled Load (5), break bit not set, Service length: 24
	      Parameter ID: Token Bucket TSpec (127), length: 20, Flags: [0x00]
		Token Bucket Rate: 0.001000000047 Mbps
		Token Bucket Size: 125 bytes
		Peak Data Rate: 0.001000000047 Mbps
		Minimum Policed Unit: 20 bytes
		Maximum Packet Size: 1500 bytes
	    0x0000:  0000 0007 0500 0006 7f00 0005 42fa 0000
	    0x0010:  42fa 0000 42fa 0000 0000 0014 0000 05dc
	  FilterSpec Object (10) Flags: [reject if unknown], Class-Type: Tunnel IPv4 (7), length: 12
	    Source Address: 198.18.1.1, LSP-ID: 0x0001
	    0x0000:  c612 0101 0000 0001
	  Label Object (16) Flags: [reject if unknown], Class-Type: Label (1), length: 8
	    Label: 1000
	    0x0000:  0000 03e8
	  RRO Object (21) Flags: [reject if unknown], Class-Type: IPv4 (1), length: 20
	    Subobject Type: IPv4 prefix, length 8, Strict, 198.18.3.1/32, Flags: [none]
	    Subobject Type: Label, length 8, Flags: [none] (0), Class-Type: Unknown (0), 1000
	    0x0000:  0108 c612 0301 2000 0308 0000 0000 03e8
2026-09-22 18:13:30.909051 ?     Out ifindex 9 0e:3e:18:d2:4e:e6 ethertype IPv4 (0x0800), length 168: (tos 0x0, ttl 64, id 27982, offset 0, flags [DF], proto RSVP (46), length 148)
    10.14.0.2 > 10.14.0.1: 
	RSVPv1 Resv Message (2), Flags: [none], length: 128, ttl: 64, checksum: 0xb867
	  Session Object (1) Flags: [reject if unknown], Class-Type: Tunnel IPv4 (7), length: 16
	    IPv4 Tunnel EndPoint: 198.18.3.1, Tunnel ID: 0x005d, Extended Tunnel ID: 198.18.1.1
	    0x0000:  c612 0301 0000 005d c612 0101
	  RSVP Hop Object (3) Flags: [reject if unknown], Class-Type: IPv4 (1), length: 12
	    Previous/Next Interface: 10.14.0.2, Logical Interface Handle: 0x00000000
	    0x0000:  0a0e 0002 0000 0000
	  Time Values Object (5) Flags: [reject if unknown], Class-Type: 1 (1), length: 8
	    Refresh Period: 1000ms
	    0x0000:  0000 03e8
	  Style Object (8) Flags: [reject if unknown], Class-Type: 1 (1), length: 8
	    Reservation Style: Shared Explicit, Flags: [0x00]
	    0x0000:  0000 0012
	  Flowspec Object (9) Flags: [reject if unknown], Class-Type: IntServ (2), length: 36
	    Msg-Version: 0, length: 28
	    Service Type: Controlled Load (5), break bit not set, Service length: 24
	      Parameter ID: Token Bucket TSpec (127), length: 20, Flags: [0x00]
		Token Bucket Rate: 0.001000000047 Mbps
		Token Bucket Size: 125 bytes
		Peak Data Rate: 0.001000000047 Mbps
		Minimum Policed Unit: 20 bytes
		Maximum Packet Size: 1500 bytes
	    0x0000:  0000 0007 0500 0006 7f00 0005 42fa 0000
	    0x0010:  42fa 0000 42fa 0000 0000 0014 0000 05dc
	  FilterSpec Object (10) Flags: [reject if unknown], Class-Type: Tunnel IPv4 (7), length: 12
	    Source Address: 198.18.1.1, LSP-ID: 0x0001
	    0x0000:  c612 0101 0000 0001
	  Label Object (16) Flags: [reject if unknown], Class-Type: Label (1), length: 8
	    Label: 1000
	    0x0000:  0000 03e8
	  RRO Object (21) Flags: [reject if unknown], Class-Type: IPv4 (1), length: 20
	    Subobject Type: IPv4 prefix, length 8, Strict, 198.18.3.1/32, Flags: [none]
	    Subobject Type: Label, length 8, Flags: [none] (0), Class-Type: Unknown (0), 1000
	    0x0000:  0108 c612 0301 2000 0308 0000 0000 03e8
2026-09-22 18:13:31.424004 ?     In  ifindex 9 32:15:5d:b8:e6:f6 ethertype IPv4 (0x0800), length 276: (tos 0x0, ttl 64, id 22378, offset 0, flags [none], proto RSVP (46), length 256, options (RA))
    198.18.1.1 > 198.18.3.1: 
	RSVPv1 Path Message (1), Flags: [none], length: 232, ttl: 64, checksum: 0xde4b
	  Session Object (1) Flags: [reject if unknown], Class-Type: Tunnel IPv4 (7), length: 16
	    IPv4 Tunnel EndPoint: 198.18.3.1, Tunnel ID: 0x005d, Extended Tunnel ID: 198.18.1.1
	    0x0000:  c612 0301 0000 005d c612 0101
	  RSVP Hop Object (3) Flags: [reject if unknown], Class-Type: IPv4 (1), length: 12
	    Previous/Next Interface: 10.14.0.1, Logical Interface Handle: 0x00000000
	    0x0000:  0a0e 0001 0000 0000
	  Time Values Object (5) Flags: [reject if unknown], Class-Type: 1 (1), length: 8
	    Refresh Period: 1000ms
	    0x0000:  0000 03e8
	  ERO Object (20) Flags: [reject if unknown], Class-Type: IPv4 (1), length: 20
	    Subobject Type: IPv4 prefix, length 8, Strict, 10.14.0.2/32, Flags: [none]
	    Subobject Type: IPv4 prefix, length 8, Loose, 198.18.3.1/32, Flags: [none]
	    0x0000:  0108 0a0e 0002 2000 8108 c612 0301 2000
	  Label Request Object (19) Flags: [reject if unknown], Class-Type: without label range (1), length: 8
	    L3 Protocol ID: IPv4
	    0x0000:  0000 0800
	  Session Attribute Object (207) Flags: [ignore and forward if unknown], Class-Type: Tunnel IPv4 (7), length: 20
	    Session Name: protected
	    Setup Priority: 7, Holding Priority: 7, Flags: [Local Protection, Label Recording, SE Style] (0x7)
	    0x0000:  0707 0709 7072 6f74 6563 7465 6400 0000
	  Fast Re-Route Object (205) Flags: [ignore and forward if unknown], Class-Type: 1 (1), length: 24
	    Setup Priority: 7, Holding Priority: 7, Hop-limit: 16, Bandwidth: 0.001000000047 Mbps
	    Include-any: 0x00000000, Exclude-any: 0x00000000, Include-all: 0x00000000
	    0x0000:  0707 1002 42fa 0000 0000 0000 0000 0000
	    0x0010:  0000 0000
	  Sender Template Object (11) Flags: [reject if unknown], Class-Type: Tunnel IPv4 (7), length: 12
	    IPv4 Tunnel Sender Address: 198.18.1.1, LSP-ID: 0x0001
	    0x0000:  c612 0101 0000 0001
	  Sender TSpec Object (12) Flags: [reject if unknown], Class-Type: IntServ (2), length: 36
	    Msg-Version: 0, length: 28
	    Service Type: Default/Global Information (1), break bit not set, Service length: 24
	      Parameter ID: Token Bucket TSpec (127), length: 20, Flags: [0x00]
		Token Bucket Rate: 0.001000000047 Mbps
		Token Bucket Size: 125 bytes
		Peak Data Rate: 0.001000000047 Mbps
		Minimum Policed Unit: 20 bytes
		Maximum Packet Size: 65535 bytes
	    0x0000:  0000 0007 0100 0006 7f00 0005 42fa 0000
	    0x0010:  42fa 0000 42fa 0000 0000 0014 0000 ffff
	  Adspec Object (13) Flags: [reject if unknown], Class-Type: IntServ (2), length: 48
	    Msg-Version: 0, length: 40
	    Service Type: Default/Global Information (1), break bit not set, Service length: 32
	      Parameter ID: IS hop cnt (4), length: 4, Flags: [0x00]
		IS hop count: 2
	      Parameter ID: Path b/w estimate (6), length: 4, Flags: [0x00]
		Path b/w estimate: 0 Mbps
	      Parameter ID: Minimum path latency (8), length: 4, Flags: [0x00]
		Minimum path latency: don't care
	      Parameter ID: Composed MTU (10), length: 4, Flags: [0x00]
		Composed MTU: 1500 bytes
	    Service Type: Controlled Load (5), break bit not set, Service length: 0
	    0x0000:  0000 000a 0100 0008 0400 0001 0000 0002
	    0x0010:  0600 0001 0000 0000 0800 0001 ffff ffff
	    0x0020:  0a00 0001 0000 05dc 0500 0000
	  RRO Object (21) Flags: [reject if unknown], Class-Type: IPv4 (1), length: 20
	    Subobject Type: IPv4 prefix, length 8, Strict, 198.18.2.1/32, Flags: [none]
	    Subobject Type: IPv4 prefix, length 8, Strict, 198.18.1.1/32, Flags: [none]
	    0x0000:  0108 c612 0201 2000 0108 c612 0101 2000
2026-09-22 18:13:31.424836 ?     Out ifindex 9 0e:3e:18:d2:4e:e6 ethertype IPv4 (0x0800), length 168: (tos 0x0, ttl 64, id 28117, offset 0, flags [DF], proto RSVP (46), length 148)
    10.14.0.2 > 10.14.0.1: 
	RSVPv1 Resv Message (2), Flags: [none], length: 128, ttl: 64, checksum: 0xb867
	  Session Object (1) Flags: [reject if unknown], Class-Type: Tunnel IPv4 (7), length: 16
	    IPv4 Tunnel EndPoint: 198.18.3.1, Tunnel ID: 0x005d, Extended Tunnel ID: 198.18.1.1
	    0x0000:  c612 0301 0000 005d c612 0101
	  RSVP Hop Object (3) Flags: [reject if unknown], Class-Type: IPv4 (1), length: 12
	    Previous/Next Interface: 10.14.0.2, Logical Interface Handle: 0x00000000
	    0x0000:  0a0e 0002 0000 0000
	  Time Values Object (5) Flags: [reject if unknown], Class-Type: 1 (1), length: 8
	    Refresh Period: 1000ms
	    0x0000:  0000 03e8
	  Style Object (8) Flags: [reject if unknown], Class-Type: 1 (1), length: 8
	    Reservation Style: Shared Explicit, Flags: [0x00]
	    0x0000:  0000 0012
	  Flowspec Object (9) Flags: [reject if unknown], Class-Type: IntServ (2), length: 36
	    Msg-Version: 0, length: 28
	    Service Type: Controlled Load (5), break bit not set, Service length: 24
	      Parameter ID: Token Bucket TSpec (127), length: 20, Flags: [0x00]
		Token Bucket Rate: 0.001000000047 Mbps
		Token Bucket Size: 125 bytes
		Peak Data Rate: 0.001000000047 Mbps
		Minimum Policed Unit: 20 bytes
		Maximum Packet Size: 1500 bytes
	    0x0000:  0000 0007 0500 0006 7f00 0005 42fa 0000
	    0x0010:  42fa 0000 42fa 0000 0000 0014 0000 05dc
	  FilterSpec Object (10) Flags: [reject if unknown], Class-Type: Tunnel IPv4 (7), length: 12
	    Source Address: 198.18.1.1, LSP-ID: 0x0001
	    0x0000:  c612 0101 0000 0001
	  Label Object (16) Flags: [reject if unknown], Class-Type: Label (1), length: 8
	    Label: 1000
	    0x0000:  0000 03e8
	  RRO Object (21) Flags: [reject if unknown], Class-Type: IPv4 (1), length: 20
	    Subobject Type: IPv4 prefix, length 8, Strict, 198.18.3.1/32, Flags: [none]
	    Subobject Type: Label, length 8, Flags: [none] (0), Class-Type: Unknown (0), 1000
	    0x0000:  0108 c612 0301 2000 0308 0000 0000 03e8
2026-09-22 18:13:31.909581 ?     Out ifindex 9 0e:3e:18:d2:4e:e6 ethertype IPv4 (0x0800), length 168: (tos 0x0, ttl 64, id 28240, offset 0, flags [DF], proto RSVP (46), length 148)
    10.14.0.2 > 10.14.0.1: 
	RSVPv1 Resv Message (2), Flags: [none], length: 128, ttl: 64, checksum: 0xb867
	  Session Object (1) Flags: [reject if unknown], Class-Type: Tunnel IPv4 (7), length: 16
	    IPv4 Tunnel EndPoint: 198.18.3.1, Tunnel ID: 0x005d, Extended Tunnel ID: 198.18.1.1
	    0x0000:  c612 0301 0000 005d c612 0101
	  RSVP Hop Object (3) Flags: [reject if unknown], Class-Type: IPv4 (1), length: 12
	    Previous/Next Interface: 10.14.0.2, Logical Interface Handle: 0x00000000
	    0x0000:  0a0e 0002 0000 0000
	  Time Values Object (5) Flags: [reject if unknown], Class-Type: 1 (1), length: 8
	    Refresh Period: 1000ms
	    0x0000:  0000 03e8
	  Style Object (8) Flags: [reject if unknown], Class-Type: 1 (1), length: 8
	    Reservation Style: Shared Explicit, Flags: [0x00]
	    0x0000:  0000 0012
	  Flowspec Object (9) Flags: [reject if unknown], Class-Type: IntServ (2), length: 36
	    Msg-Version: 0, length: 28
	    Service Type: Controlled Load (5), break bit not set, Service length: 24
	      Parameter ID: Token Bucket TSpec (127), length: 20, Flags: [0x00]
		Token Bucket Rate: 0.001000000047 Mbps
		Token Bucket Size: 125 bytes
		Peak Data Rate: 0.001000000047 Mbps
		Minimum Policed Unit: 20 bytes
		Maximum Packet Size: 1500 bytes
	    0x0000:  0000 0007 0500 0006 7f00 0005 42fa 0000
	    0x0010:  42fa 0000 42fa 0000 0000 0014 0000 05dc
	  FilterSpec Object (10) Flags: [reject if unknown], Class-Type: Tunnel IPv4 (7), length: 12
	    Source Address: 198.18.1.1, LSP-ID: 0x0001
	    0x0000:  c612 0101 0000 0001
	  Label Object (16) Flags: [reject if unknown], Class-Type: Label (1), length: 8
	    Label: 1000
	    0x0000:  0000 03e8
	  RRO Object (21) Flags: [reject if unknown], Class-Type: IPv4 (1), length: 20
	    Subobject Type: IPv4 prefix, length 8, Strict, 198.18.3.1/32, Flags: [none]
	    Subobject Type: Label, length 8, Flags: [none] (0), Class-Type: Unknown (0), 1000
	    0x0000:  0108 c612 0301 2000 0308 0000 0000 03e8
2026-09-22 18:13:32.423548 ?     In  ifindex 9 32:15:5d:b8:e6:f6 ethertype IPv4 (0x0800), length 276: (tos 0x0, ttl 64, id 22893, offset 0, flags [none], proto RSVP (46), length 256, options (RA))
    198.18.1.1 > 198.18.3.1: 
	RSVPv1 Path Message (1), Flags: [none], length: 232, ttl: 64, checksum: 0xde4b
	  Session Object (1) Flags: [reject if unknown], Class-Type: Tunnel IPv4 (7), length: 16
	    IPv4 Tunnel EndPoint: 198.18.3.1, Tunnel ID: 0x005d, Extended Tunnel ID: 198.18.1.1
	    0x0000:  c612 0301 0000 005d c612 0101
	  RSVP Hop Object (3) Flags: [reject if unknown], Class-Type: IPv4 (1), length: 12
	    Previous/Next Interface: 10.14.0.1, Logical Interface Handle: 0x00000000
	    0x0000:  0a0e 0001 0000 0000
	  Time Values Object (5) Flags: [reject if unknown], Class-Type: 1 (1), length: 8
	    Refresh Period: 1000ms
	    0x0000:  0000 03e8
	  ERO Object (20) Flags: [reject if unknown], Class-Type: IPv4 (1), length: 20
	    Subobject Type: IPv4 prefix, length 8, Strict, 10.14.0.2/32, Flags: [none]
	    Subobject Type: IPv4 prefix, length 8, Loose, 198.18.3.1/32, Flags: [none]
	    0x0000:  0108 0a0e 0002 2000 8108 c612 0301 2000
	  Label Request Object (19) Flags: [reject if unknown], Class-Type: without label range (1), length: 8
	    L3 Protocol ID: IPv4
	    0x0000:  0000 0800
	  Session Attribute Object (207) Flags: [ignore and forward if unknown], Class-Type: Tunnel IPv4 (7), length: 20
	    Session Name: protected
	    Setup Priority: 7, Holding Priority: 7, Flags: [Local Protection, Label Recording, SE Style] (0x7)
	    0x0000:  0707 0709 7072 6f74 6563 7465 6400 0000
	  Fast Re-Route Object (205) Flags: [ignore and forward if unknown], Class-Type: 1 (1), length: 24
	    Setup Priority: 7, Holding Priority: 7, Hop-limit: 16, Bandwidth: 0.001000000047 Mbps
	    Include-any: 0x00000000, Exclude-any: 0x00000000, Include-all: 0x00000000
	    0x0000:  0707 1002 42fa 0000 0000 0000 0000 0000
	    0x0010:  0000 0000
	  Sender Template Object (11) Flags: [reject if unknown], Class-Type: Tunnel IPv4 (7), length: 12
	    IPv4 Tunnel Sender Address: 198.18.1.1, LSP-ID: 0x0001
	    0x0000:  c612 0101 0000 0001
	  Sender TSpec Object (12) Flags: [reject if unknown], Class-Type: IntServ (2), length: 36
	    Msg-Version: 0, length: 28
	    Service Type: Default/Global Information (1), break bit not set, Service length: 24
	      Parameter ID: Token Bucket TSpec (127), length: 20, Flags: [0x00]
		Token Bucket Rate: 0.001000000047 Mbps
		Token Bucket Size: 125 bytes
		Peak Data Rate: 0.001000000047 Mbps
		Minimum Policed Unit: 20 bytes
		Maximum Packet Size: 65535 bytes
	    0x0000:  0000 0007 0100 0006 7f00 0005 42fa 0000
	    0x0010:  42fa 0000 42fa 0000 0000 0014 0000 ffff
	  Adspec Object (13) Flags: [reject if unknown], Class-Type: IntServ (2), length: 48
	    Msg-Version: 0, length: 40
	    Service Type: Default/Global Information (1), break bit not set, Service length: 32
	      Parameter ID: IS hop cnt (4), length: 4, Flags: [0x00]
		IS hop count: 2
	      Parameter ID: Path b/w estimate (6), length: 4, Flags: [0x00]
		Path b/w estimate: 0 Mbps
	      Parameter ID: Minimum path latency (8), length: 4, Flags: [0x00]
		Minimum path latency: don't care
	      Parameter ID: Composed MTU (10), length: 4, Flags: [0x00]
		Composed MTU: 1500 bytes
	    Service Type: Controlled Load (5), break bit not set, Service length: 0
	    0x0000:  0000 000a 0100 0008 0400 0001 0000 0002
	    0x0010:  0600 0001 0000 0000 0800 0001 ffff ffff
	    0x0020:  0a00 0001 0000 05dc 0500 0000
	  RRO Object (21) Flags: [reject if unknown], Class-Type: IPv4 (1), length: 20
	    Subobject Type: IPv4 prefix, length 8, Strict, 198.18.2.1/32, Flags: [none]
	    Subobject Type: IPv4 prefix, length 8, Strict, 198.18.1.1/32, Flags: [none]
	    0x0000:  0108 c612 0201 2000 0108 c612 0101 2000
2026-09-22 18:13:32.424277 ?     Out ifindex 9 0e:3e:18:d2:4e:e6 ethertype IPv4 (0x0800), length 168: (tos 0x0, ttl 64, id 28387, offset 0, flags [DF], proto RSVP (46), length 148)
    10.14.0.2 > 10.14.0.1: 
	RSVPv1 Resv Message (2), Flags: [none], length: 128, ttl: 64, checksum: 0xb867
	  Session Object (1) Flags: [reject if unknown], Class-Type: Tunnel IPv4 (7), length: 16
	    IPv4 Tunnel EndPoint: 198.18.3.1, Tunnel ID: 0x005d, Extended Tunnel ID: 198.18.1.1
	    0x0000:  c612 0301 0000 005d c612 0101
	  RSVP Hop Object (3) Flags: [reject if unknown], Class-Type: IPv4 (1), length: 12
	    Previous/Next Interface: 10.14.0.2, Logical Interface Handle: 0x00000000
	    0x0000:  0a0e 0002 0000 0000
	  Time Values Object (5) Flags: [reject if unknown], Class-Type: 1 (1), length: 8
	    Refresh Period: 1000ms
	    0x0000:  0000 03e8
	  Style Object (8) Flags: [reject if unknown], Class-Type: 1 (1), length: 8
	    Reservation Style: Shared Explicit, Flags: [0x00]
	    0x0000:  0000 0012
	  Flowspec Object (9) Flags: [reject if unknown], Class-Type: IntServ (2), length: 36
	    Msg-Version: 0, length: 28
	    Service Type: Controlled Load (5), break bit not set, Service length: 24
	      Parameter ID: Token Bucket TSpec (127), length: 20, Flags: [0x00]
		Token Bucket Rate: 0.001000000047 Mbps
		Token Bucket Size: 125 bytes
		Peak Data Rate: 0.001000000047 Mbps
		Minimum Policed Unit: 20 bytes
		Maximum Packet Size: 1500 bytes
	    0x0000:  0000 0007 0500 0006 7f00 0005 42fa 0000
	    0x0010:  42fa 0000 42fa 0000 0000 0014 0000 05dc
	  FilterSpec Object (10) Flags: [reject if unknown], Class-Type: Tunnel IPv4 (7), length: 12
	    Source Address: 198.18.1.1, LSP-ID: 0x0001
	    0x0000:  c612 0101 0000 0001
	  Label Object (16) Flags: [reject if unknown], Class-Type: Label (1), length: 8
	    Label: 1000
	    0x0000:  0000 03e8
	  RRO Object (21) Flags: [reject if unknown], Class-Type: IPv4 (1), length: 20
	    Subobject Type: IPv4 prefix, length 8, Strict, 198.18.3.1/32, Flags: [none]
	    Subobject Type: Label, length 8, Flags: [none] (0), Class-Type: Unknown (0), 1000
	    0x0000:  0108 c612 0301 2000 0308 0000 0000 03e8
2026-09-22 18:13:32.909492 ?     Out ifindex 9 0e:3e:18:d2:4e:e6 ethertype IPv4 (0x0800), length 168: (tos 0x0, ttl 64, id 28449, offset 0, flags [DF], proto RSVP (46), length 148)
    10.14.0.2 > 10.14.0.1: 
	RSVPv1 Resv Message (2), Flags: [none], length: 128, ttl: 64, checksum: 0xb867
	  Session Object (1) Flags: [reject if unknown], Class-Type: Tunnel IPv4 (7), length: 16
	    IPv4 Tunnel EndPoint: 198.18.3.1, Tunnel ID: 0x005d, Extended Tunnel ID: 198.18.1.1
	    0x0000:  c612 0301 0000 005d c612 0101
	  RSVP Hop Object (3) Flags: [reject if unknown], Class-Type: IPv4 (1), length: 12
	    Previous/Next Interface: 10.14.0.2, Logical Interface Handle: 0x00000000
	    0x0000:  0a0e 0002 0000 0000
	  Time Values Object (5) Flags: [reject if unknown], Class-Type: 1 (1), length: 8
	    Refresh Period: 1000ms
	    0x0000:  0000 03e8
	  Style Object (8) Flags: [reject if unknown], Class-Type: 1 (1), length: 8
	    Reservation Style: Shared Explicit, Flags: [0x00]
	    0x0000:  0000 0012
	  Flowspec Object (9) Flags: [reject if unknown], Class-Type: IntServ (2), length: 36
	    Msg-Version: 0, length: 28
	    Service Type: Controlled Load (5), break bit not set, Service length: 24
	      Parameter ID: Token Bucket TSpec (127), length: 20, Flags: [0x00]
		Token Bucket Rate: 0.001000000047 Mbps
		Token Bucket Size: 125 bytes
		Peak Data Rate: 0.001000000047 Mbps
		Minimum Policed Unit: 20 bytes
		Maximum Packet Size: 1500 bytes
	    0x0000:  0000 0007 0500 0006 7f00 0005 42fa 0000
	    0x0010:  42fa 0000 42fa 0000 0000 0014 0000 05dc
	  FilterSpec Object (10) Flags: [reject if unknown], Class-Type: Tunnel IPv4 (7), length: 12
	    Source Address: 198.18.1.1, LSP-ID: 0x0001
	    0x0000:  c612 0101 0000 0001
	  Label Object (16) Flags: [reject if unknown], Class-Type: Label (1), length: 8
	    Label: 1000
	    0x0000:  0000 03e8
	  RRO Object (21) Flags: [reject if unknown], Class-Type: IPv4 (1), length: 20
	    Subobject Type: IPv4 prefix, length 8, Strict, 198.18.3.1/32, Flags: [none]
	    Subobject Type: Label, length 8, Flags: [none] (0), Class-Type: Unknown (0), 1000
	    0x0000:  0108 c612 0301 2000 0308 0000 0000 03e8
2026-09-22 18:13:33.424136 ?     In  ifindex 9 32:15:5d:b8:e6:f6 ethertype IPv4 (0x0800), length 276: (tos 0x0, ttl 64, id 23718, offset 0, flags [none], proto RSVP (46), length 256, options (RA))
    198.18.1.1 > 198.18.3.1: 
	RSVPv1 Path Message (1), Flags: [none], length: 232, ttl: 64, checksum: 0xde4b
	  Session Object (1) Flags: [reject if unknown], Class-Type: Tunnel IPv4 (7), length: 16
	    IPv4 Tunnel EndPoint: 198.18.3.1, Tunnel ID: 0x005d, Extended Tunnel ID: 198.18.1.1
	    0x0000:  c612 0301 0000 005d c612 0101
	  RSVP Hop Object (3) Flags: [reject if unknown], Class-Type: IPv4 (1), length: 12
	    Previous/Next Interface: 10.14.0.1, Logical Interface Handle: 0x00000000
	    0x0000:  0a0e 0001 0000 0000
	  Time Values Object (5) Flags: [reject if unknown], Class-Type: 1 (1), length: 8
	    Refresh Period: 1000ms
	    0x0000:  0000 03e8
	  ERO Object (20) Flags: [reject if unknown], Class-Type: IPv4 (1), length: 20
	    Subobject Type: IPv4 prefix, length 8, Strict, 10.14.0.2/32, Flags: [none]
	    Subobject Type: IPv4 prefix, length 8, Loose, 198.18.3.1/32, Flags: [none]
	    0x0000:  0108 0a0e 0002 2000 8108 c612 0301 2000
	  Label Request Object (19) Flags: [reject if unknown], Class-Type: without label range (1), length: 8
	    L3 Protocol ID: IPv4
	    0x0000:  0000 0800
	  Session Attribute Object (207) Flags: [ignore and forward if unknown], Class-Type: Tunnel IPv4 (7), length: 20
	    Session Name: protected
	    Setup Priority: 7, Holding Priority: 7, Flags: [Local Protection, Label Recording, SE Style] (0x7)
	    0x0000:  0707 0709 7072 6f74 6563 7465 6400 0000
	  Fast Re-Route Object (205) Flags: [ignore and forward if unknown], Class-Type: 1 (1), length: 24
	    Setup Priority: 7, Holding Priority: 7, Hop-limit: 16, Bandwidth: 0.001000000047 Mbps
	    Include-any: 0x00000000, Exclude-any: 0x00000000, Include-all: 0x00000000
	    0x0000:  0707 1002 42fa 0000 0000 0000 0000 0000
	    0x0010:  0000 0000
	  Sender Template Object (11) Flags: [reject if unknown], Class-Type: Tunnel IPv4 (7), length: 12
	    IPv4 Tunnel Sender Address: 198.18.1.1, LSP-ID: 0x0001
	    0x0000:  c612 0101 0000 0001
	  Sender TSpec Object (12) Flags: [reject if unknown], Class-Type: IntServ (2), length: 36
	    Msg-Version: 0, length: 28
	    Service Type: Default/Global Information (1), break bit not set, Service length: 24
	      Parameter ID: Token Bucket TSpec (127), length: 20, Flags: [0x00]
		Token Bucket Rate: 0.001000000047 Mbps
		Token Bucket Size: 125 bytes
		Peak Data Rate: 0.001000000047 Mbps
		Minimum Policed Unit: 20 bytes
		Maximum Packet Size: 65535 bytes
	    0x0000:  0000 0007 0100 0006 7f00 0005 42fa 0000
	    0x0010:  42fa 0000 42fa 0000 0000 0014 0000 ffff
	  Adspec Object (13) Flags: [reject if unknown], Class-Type: IntServ (2), length: 48
	    Msg-Version: 0, length: 40
	    Service Type: Default/Global Information (1), break bit not set, Service length: 32
	      Parameter ID: IS hop cnt (4), length: 4, Flags: [0x00]
		IS hop count: 2
	      Parameter ID: Path b/w estimate (6), length: 4, Flags: [0x00]
		Path b/w estimate: 0 Mbps
	      Parameter ID: Minimum path latency (8), length: 4, Flags: [0x00]
		Minimum path latency: don't care
	      Parameter ID: Composed MTU (10), length: 4, Flags: [0x00]
		Composed MTU: 1500 bytes
	    Service Type: Controlled Load (5), break bit not set, Service length: 0
	    0x0000:  0000 000a 0100 0008 0400 0001 0000 0002
	    0x0010:  0600 0001 0000 0000 0800 0001 ffff ffff
	    0x0020:  0a00 0001 0000 05dc 0500 0000
	  RRO Object (21) Flags: [reject if unknown], Class-Type: IPv4 (1), length: 20
	    Subobject Type: IPv4 prefix, length 8, Strict, 198.18.2.1/32, Flags: [none]
	    Subobject Type: IPv4 prefix, length 8, Strict, 198.18.1.1/32, Flags: [none]
	    0x0000:  0108 c612 0201 2000 0108 c612 0101 2000
2026-09-22 18:13:33.425032 ?     Out ifindex 9 0e:3e:18:d2:4e:e6 ethertype IPv4 (0x0800), length 168: (tos 0x0, ttl 64, id 28488, offset 0, flags [DF], proto RSVP (46), length 148)
    10.14.0.2 > 10.14.0.1: 
	RSVPv1 Resv Message (2), Flags: [none], length: 128, ttl: 64, checksum: 0xb867
	  Session Object (1) Flags: [reject if unknown], Class-Type: Tunnel IPv4 (7), length: 16
	    IPv4 Tunnel EndPoint: 198.18.3.1, Tunnel ID: 0x005d, Extended Tunnel ID: 198.18.1.1
	    0x0000:  c612 0301 0000 005d c612 0101
	  RSVP Hop Object (3) Flags: [reject if unknown], Class-Type: IPv4 (1), length: 12
	    Previous/Next Interface: 10.14.0.2, Logical Interface Handle: 0x00000000
	    0x0000:  0a0e 0002 0000 0000
	  Time Values Object (5) Flags: [reject if unknown], Class-Type: 1 (1), length: 8
	    Refresh Period: 1000ms
	    0x0000:  0000 03e8
	  Style Object (8) Flags: [reject if unknown], Class-Type: 1 (1), length: 8
	    Reservation Style: Shared Explicit, Flags: [0x00]
	    0x0000:  0000 0012
	  Flowspec Object (9) Flags: [reject if unknown], Class-Type: IntServ (2), length: 36
	    Msg-Version: 0, length: 28
	    Service Type: Controlled Load (5), break bit not set, Service length: 24
	      Parameter ID: Token Bucket TSpec (127), length: 20, Flags: [0x00]
		Token Bucket Rate: 0.001000000047 Mbps
		Token Bucket Size: 125 bytes
		Peak Data Rate: 0.001000000047 Mbps
		Minimum Policed Unit: 20 bytes
		Maximum Packet Size: 1500 bytes
	    0x0000:  0000 0007 0500 0006 7f00 0005 42fa 0000
	    0x0010:  42fa 0000 42fa 0000 0000 0014 0000 05dc
	  FilterSpec Object (10) Flags: [reject if unknown], Class-Type: Tunnel IPv4 (7), length: 12
	    Source Address: 198.18.1.1, LSP-ID: 0x0001
	    0x0000:  c612 0101 0000 0001
	  Label Object (16) Flags: [reject if unknown], Class-Type: Label (1), length: 8
	    Label: 1000
	    0x0000:  0000 03e8
	  RRO Object (21) Flags: [reject if unknown], Class-Type: IPv4 (1), length: 20
	    Subobject Type: IPv4 prefix, length 8, Strict, 198.18.3.1/32, Flags: [none]
	    Subobject Type: Label, length 8, Flags: [none] (0), Class-Type: Unknown (0), 1000
	    0x0000:  0108 c612 0301 2000 0308 0000 0000 03e8
2026-09-22 18:13:33.909429 ?     Out ifindex 9 0e:3e:18:d2:4e:e6 ethertype IPv4 (0x0800), length 168: (tos 0x0, ttl 64, id 28616, offset 0, flags [DF], proto RSVP (46), length 148)
    10.14.0.2 > 10.14.0.1: 
	RSVPv1 Resv Message (2), Flags: [none], length: 128, ttl: 64, checksum: 0xb867
	  Session Object (1) Flags: [reject if unknown], Class-Type: Tunnel IPv4 (7), length: 16
	    IPv4 Tunnel EndPoint: 198.18.3.1, Tunnel ID: 0x005d, Extended Tunnel ID: 198.18.1.1
	    0x0000:  c612 0301 0000 005d c612 0101
	  RSVP Hop Object (3) Flags: [reject if unknown], Class-Type: IPv4 (1), length: 12
	    Previous/Next Interface: 10.14.0.2, Logical Interface Handle: 0x00000000
	    0x0000:  0a0e 0002 0000 0000
	  Time Values Object (5) Flags: [reject if unknown], Class-Type: 1 (1), length: 8
	    Refresh Period: 1000ms
	    0x0000:  0000 03e8
	  Style Object (8) Flags: [reject if unknown], Class-Type: 1 (1), length: 8
	    Reservation Style: Shared Explicit, Flags: [0x00]
	    0x0000:  0000 0012
	  Flowspec Object (9) Flags: [reject if unknown], Class-Type: IntServ (2), length: 36
	    Msg-Version: 0, length: 28
	    Service Type: Controlled Load (5), break bit not set, Service length: 24
	      Parameter ID: Token Bucket TSpec (127), length: 20, Flags: [0x00]
		Token Bucket Rate: 0.001000000047 Mbps
		Token Bucket Size: 125 bytes
		Peak Data Rate: 0.001000000047 Mbps
		Minimum Policed Unit: 20 bytes
		Maximum Packet Size: 1500 bytes
	    0x0000:  0000 0007 0500 0006 7f00 0005 42fa 0000
	    0x0010:  42fa 0000 42fa 0000 0000 0014 0000 05dc
	  FilterSpec Object (10) Flags: [reject if unknown], Class-Type: Tunnel IPv4 (7), length: 12
	    Source Address: 198.18.1.1, LSP-ID: 0x0001
	    0x0000:  c612 0101 0000 0001
	  Label Object (16) Flags: [reject if unknown], Class-Type: Label (1), length: 8
	    Label: 1000
	    0x0000:  0000 03e8
	  RRO Object (21) Flags: [reject if unknown], Class-Type: IPv4 (1), length: 20
	    Subobject Type: IPv4 prefix, length 8, Strict, 198.18.3.1/32, Flags: [none]
	    Subobject Type: Label, length 8, Flags: [none] (0), Class-Type: Unknown (0), 1000
	    0x0000:  0108 c612 0301 2000 0308 0000 0000 03e8
2026-09-22 18:13:34.423627 ?     In  ifindex 9 32:15:5d:b8:e6:f6 ethertype IPv4 (0x0800), length 276: (tos 0x0, ttl 64, id 24357, offset 0, flags [none], proto RSVP (46), length 256, options (RA))
    198.18.1.1 > 198.18.3.1: 
	RSVPv1 Path Message (1), Flags: [none], length: 232, ttl: 64, checksum: 0xde4b
	  Session Object (1) Flags: [reject if unknown], Class-Type: Tunnel IPv4 (7), length: 16
	    IPv4 Tunnel EndPoint: 198.18.3.1, Tunnel ID: 0x005d, Extended Tunnel ID: 198.18.1.1
	    0x0000:  c612 0301 0000 005d c612 0101
	  RSVP Hop Object (3) Flags: [reject if unknown], Class-Type: IPv4 (1), length: 12
	    Previous/Next Interface: 10.14.0.1, Logical Interface Handle: 0x00000000
	    0x0000:  0a0e 0001 0000 0000
	  Time Values Object (5) Flags: [reject if unknown], Class-Type: 1 (1), length: 8
	    Refresh Period: 1000ms
	    0x0000:  0000 03e8
	  ERO Object (20) Flags: [reject if unknown], Class-Type: IPv4 (1), length: 20
	    Subobject Type: IPv4 prefix, length 8, Strict, 10.14.0.2/32, Flags: [none]
	    Subobject Type: IPv4 prefix, length 8, Loose, 198.18.3.1/32, Flags: [none]
	    0x0000:  0108 0a0e 0002 2000 8108 c612 0301 2000
	  Label Request Object (19) Flags: [reject if unknown], Class-Type: without label range (1), length: 8
	    L3 Protocol ID: IPv4
	    0x0000:  0000 0800
	  Session Attribute Object (207) Flags: [ignore and forward if unknown], Class-Type: Tunnel IPv4 (7), length: 20
	    Session Name: protected
	    Setup Priority: 7, Holding Priority: 7, Flags: [Local Protection, Label Recording, SE Style] (0x7)
	    0x0000:  0707 0709 7072 6f74 6563 7465 6400 0000
	  Fast Re-Route Object (205) Flags: [ignore and forward if unknown], Class-Type: 1 (1), length: 24
	    Setup Priority: 7, Holding Priority: 7, Hop-limit: 16, Bandwidth: 0.001000000047 Mbps
	    Include-any: 0x00000000, Exclude-any: 0x00000000, Include-all: 0x00000000
	    0x0000:  0707 1002 42fa 0000 0000 0000 0000 0000
	    0x0010:  0000 0000
	  Sender Template Object (11) Flags: [reject if unknown], Class-Type: Tunnel IPv4 (7), length: 12
	    IPv4 Tunnel Sender Address: 198.18.1.1, LSP-ID: 0x0001
	    0x0000:  c612 0101 0000 0001
	  Sender TSpec Object (12) Flags: [reject if unknown], Class-Type: IntServ (2), length: 36
	    Msg-Version: 0, length: 28
	    Service Type: Default/Global Information (1), break bit not set, Service length: 24
	      Parameter ID: Token Bucket TSpec (127), length: 20, Flags: [0x00]
		Token Bucket Rate: 0.001000000047 Mbps
		Token Bucket Size: 125 bytes
		Peak Data Rate: 0.001000000047 Mbps
		Minimum Policed Unit: 20 bytes
		Maximum Packet Size: 65535 bytes
	    0x0000:  0000 0007 0100 0006 7f00 0005 42fa 0000
	    0x0010:  42fa 0000 42fa 0000 0000 0014 0000 ffff
	  Adspec Object (13) Flags: [reject if unknown], Class-Type: IntServ (2), length: 48
	    Msg-Version: 0, length: 40
	    Service Type: Default/Global Information (1), break bit not set, Service length: 32
	      Parameter ID: IS hop cnt (4), length: 4, Flags: [0x00]
		IS hop count: 2
	      Parameter ID: Path b/w estimate (6), length: 4, Flags: [0x00]
		Path b/w estimate: 0 Mbps
	      Parameter ID: Minimum path latency (8), length: 4, Flags: [0x00]
		Minimum path latency: don't care
	      Parameter ID: Composed MTU (10), length: 4, Flags: [0x00]
		Composed MTU: 1500 bytes
	    Service Type: Controlled Load (5), break bit not set, Service length: 0
	    0x0000:  0000 000a 0100 0008 0400 0001 0000 0002
	    0x0010:  0600 0001 0000 0000 0800 0001 ffff ffff
	    0x0020:  0a00 0001 0000 05dc 0500 0000
	  RRO Object (21) Flags: [reject if unknown], Class-Type: IPv4 (1), length: 20
	    Subobject Type: IPv4 prefix, length 8, Strict, 198.18.2.1/32, Flags: [none]
	    Subobject Type: IPv4 prefix, length 8, Strict, 198.18.1.1/32, Flags: [none]
	    0x0000:  0108 c612 0201 2000 0108 c612 0101 2000
2026-09-22 18:13:34.424520 ?     Out ifindex 9 0e:3e:18:d2:4e:e6 ethertype IPv4 (0x0800), length 168: (tos 0x0, ttl 64, id 28940, offset 0, flags [DF], proto RSVP (46), length 148)
    10.14.0.2 > 10.14.0.1: 
	RSVPv1 Resv Message (2), Flags: [none], length: 128, ttl: 64, checksum: 0xb867
	  Session Object (1) Flags: [reject if unknown], Class-Type: Tunnel IPv4 (7), length: 16
	    IPv4 Tunnel EndPoint: 198.18.3.1, Tunnel ID: 0x005d, Extended Tunnel ID: 198.18.1.1
	    0x0000:  c612 0301 0000 005d c612 0101
	  RSVP Hop Object (3) Flags: [reject if unknown], Class-Type: IPv4 (1), length: 12
	    Previous/Next Interface: 10.14.0.2, Logical Interface Handle: 0x00000000
	    0x0000:  0a0e 0002 0000 0000
	  Time Values Object (5) Flags: [reject if unknown], Class-Type: 1 (1), length: 8
	    Refresh Period: 1000ms
	    0x0000:  0000 03e8
	  Style Object (8) Flags: [reject if unknown], Class-Type: 1 (1), length: 8
	    Reservation Style: Shared Explicit, Flags: [0x00]
	    0x0000:  0000 0012
	  Flowspec Object (9) Flags: [reject if unknown], Class-Type: IntServ (2), length: 36
	    Msg-Version: 0, length: 28
	    Service Type: Controlled Load (5), break bit not set, Service length: 24
	      Parameter ID: Token Bucket TSpec (127), length: 20, Flags: [0x00]
		Token Bucket Rate: 0.001000000047 Mbps
		Token Bucket Size: 125 bytes
		Peak Data Rate: 0.001000000047 Mbps
		Minimum Policed Unit: 20 bytes
		Maximum Packet Size: 1500 bytes
	    0x0000:  0000 0007 0500 0006 7f00 0005 42fa 0000
	    0x0010:  42fa 0000 42fa 0000 0000 0014 0000 05dc
	  FilterSpec Object (10) Flags: [reject if unknown], Class-Type: Tunnel IPv4 (7), length: 12
	    Source Address: 198.18.1.1, LSP-ID: 0x0001
	    0x0000:  c612 0101 0000 0001
	  Label Object (16) Flags: [reject if unknown], Class-Type: Label (1), length: 8
	    Label: 1000
	    0x0000:  0000 03e8
	  RRO Object (21) Flags: [reject if unknown], Class-Type: IPv4 (1), length: 20
	    Subobject Type: IPv4 prefix, length 8, Strict, 198.18.3.1/32, Flags: [none]
	    Subobject Type: Label, length 8, Flags: [none] (0), Class-Type: Unknown (0), 1000
	    0x0000:  0108 c612 0301 2000 0308 0000 0000 03e8
2026-09-22 18:13:34.909319 ?     Out ifindex 9 0e:3e:18:d2:4e:e6 ethertype IPv4 (0x0800), length 168: (tos 0x0, ttl 64, id 29065, offset 0, flags [DF], proto RSVP (46), length 148)
    10.14.0.2 > 10.14.0.1: 
	RSVPv1 Resv Message (2), Flags: [none], length: 128, ttl: 64, checksum: 0xb867
	  Session Object (1) Flags: [reject if unknown], Class-Type: Tunnel IPv4 (7), length: 16
	    IPv4 Tunnel EndPoint: 198.18.3.1, Tunnel ID: 0x005d, Extended Tunnel ID: 198.18.1.1
	    0x0000:  c612 0301 0000 005d c612 0101
	  RSVP Hop Object (3) Flags: [reject if unknown], Class-Type: IPv4 (1), length: 12
	    Previous/Next Interface: 10.14.0.2, Logical Interface Handle: 0x00000000
	    0x0000:  0a0e 0002 0000 0000
	  Time Values Object (5) Flags: [reject if unknown], Class-Type: 1 (1), length: 8
	    Refresh Period: 1000ms
	    0x0000:  0000 03e8
	  Style Object (8) Flags: [reject if unknown], Class-Type: 1 (1), length: 8
	    Reservation Style: Shared Explicit, Flags: [0x00]
	    0x0000:  0000 0012
	  Flowspec Object (9) Flags: [reject if unknown], Class-Type: IntServ (2), length: 36
	    Msg-Version: 0, length: 28
	    Service Type: Controlled Load (5), break bit not set, Service length: 24
	      Parameter ID: Token Bucket TSpec (127), length: 20, Flags: [0x00]
		Token Bucket Rate: 0.001000000047 Mbps
		Token Bucket Size: 125 bytes
		Peak Data Rate: 0.001000000047 Mbps
		Minimum Policed Unit: 20 bytes
		Maximum Packet Size: 1500 bytes
	    0x0000:  0000 0007 0500 0006 7f00 0005 42fa 0000
	    0x0010:  42fa 0000 42fa 0000 0000 0014 0000 05dc
	  FilterSpec Object (10) Flags: [reject if unknown], Class-Type: Tunnel IPv4 (7), length: 12
	    Source Address: 198.18.1.1, LSP-ID: 0x0001
	    0x0000:  c612 0101 0000 0001
	  Label Object (16) Flags: [reject if unknown], Class-Type: Label (1), length: 8
	    Label: 1000
	    0x0000:  0000 03e8
	  RRO Object (21) Flags: [reject if unknown], Class-Type: IPv4 (1), length: 20
	    Subobject Type: IPv4 prefix, length 8, Strict, 198.18.3.1/32, Flags: [none]
	    Subobject Type: Label, length 8, Flags: [none] (0), Class-Type: Unknown (0), 1000
	    0x0000:  0108 c612 0301 2000 0308 0000 0000 03e8
2026-09-22 18:13:35.423867 ?     In  ifindex 9 32:15:5d:b8:e6:f6 ethertype IPv4 (0x0800), length 276: (tos 0x0, ttl 64, id 25216, offset 0, flags [none], proto RSVP (46), length 256, options (RA))
    198.18.1.1 > 198.18.3.1: 
	RSVPv1 Path Message (1), Flags: [none], length: 232, ttl: 64, checksum: 0xde4b
	  Session Object (1) Flags: [reject if unknown], Class-Type: Tunnel IPv4 (7), length: 16
	    IPv4 Tunnel EndPoint: 198.18.3.1, Tunnel ID: 0x005d, Extended Tunnel ID: 198.18.1.1
	    0x0000:  c612 0301 0000 005d c612 0101
	  RSVP Hop Object (3) Flags: [reject if unknown], Class-Type: IPv4 (1), length: 12
	    Previous/Next Interface: 10.14.0.1, Logical Interface Handle: 0x00000000
	    0x0000:  0a0e 0001 0000 0000
	  Time Values Object (5) Flags: [reject if unknown], Class-Type: 1 (1), length: 8
	    Refresh Period: 1000ms
	    0x0000:  0000 03e8
	  ERO Object (20) Flags: [reject if unknown], Class-Type: IPv4 (1), length: 20
	    Subobject Type: IPv4 prefix, length 8, Strict, 10.14.0.2/32, Flags: [none]
	    Subobject Type: IPv4 prefix, length 8, Loose, 198.18.3.1/32, Flags: [none]
	    0x0000:  0108 0a0e 0002 2000 8108 c612 0301 2000
	  Label Request Object (19) Flags: [reject if unknown], Class-Type: without label range (1), length: 8
	    L3 Protocol ID: IPv4
	    0x0000:  0000 0800
	  Session Attribute Object (207) Flags: [ignore and forward if unknown], Class-Type: Tunnel IPv4 (7), length: 20
	    Session Name: protected
	    Setup Priority: 7, Holding Priority: 7, Flags: [Local Protection, Label Recording, SE Style] (0x7)
	    0x0000:  0707 0709 7072 6f74 6563 7465 6400 0000
	  Fast Re-Route Object (205) Flags: [ignore and forward if unknown], Class-Type: 1 (1), length: 24
	    Setup Priority: 7, Holding Priority: 7, Hop-limit: 16, Bandwidth: 0.001000000047 Mbps
	    Include-any: 0x00000000, Exclude-any: 0x00000000, Include-all: 0x00000000
	    0x0000:  0707 1002 42fa 0000 0000 0000 0000 0000
	    0x0010:  0000 0000
	  Sender Template Object (11) Flags: [reject if unknown], Class-Type: Tunnel IPv4 (7), length: 12
	    IPv4 Tunnel Sender Address: 198.18.1.1, LSP-ID: 0x0001
	    0x0000:  c612 0101 0000 0001
	  Sender TSpec Object (12) Flags: [reject if unknown], Class-Type: IntServ (2), length: 36
	    Msg-Version: 0, length: 28
	    Service Type: Default/Global Information (1), break bit not set, Service length: 24
	      Parameter ID: Token Bucket TSpec (127), length: 20, Flags: [0x00]
		Token Bucket Rate: 0.001000000047 Mbps
		Token Bucket Size: 125 bytes
		Peak Data Rate: 0.001000000047 Mbps
		Minimum Policed Unit: 20 bytes
		Maximum Packet Size: 65535 bytes
	    0x0000:  0000 0007 0100 0006 7f00 0005 42fa 0000
	    0x0010:  42fa 0000 42fa 0000 0000 0014 0000 ffff
	  Adspec Object (13) Flags: [reject if unknown], Class-Type: IntServ (2), length: 48
	    Msg-Version: 0, length: 40
	    Service Type: Default/Global Information (1), break bit not set, Service length: 32
	      Parameter ID: IS hop cnt (4), length: 4, Flags: [0x00]
		IS hop count: 2
	      Parameter ID: Path b/w estimate (6), length: 4, Flags: [0x00]
		Path b/w estimate: 0 Mbps
	      Parameter ID: Minimum path latency (8), length: 4, Flags: [0x00]
		Minimum path latency: don't care
	      Parameter ID: Composed MTU (10), length: 4, Flags: [0x00]
		Composed MTU: 1500 bytes
	    Service Type: Controlled Load (5), break bit not set, Service length: 0
	    0x0000:  0000 000a 0100 0008 0400 0001 0000 0002
	    0x0010:  0600 0001 0000 0000 0800 0001 ffff ffff
	    0x0020:  0a00 0001 0000 05dc 0500 0000
	  RRO Object (21) Flags: [reject if unknown], Class-Type: IPv4 (1), length: 20
	    Subobject Type: IPv4 prefix, length 8, Strict, 198.18.2.1/32, Flags: [none]
	    Subobject Type: IPv4 prefix, length 8, Strict, 198.18.1.1/32, Flags: [none]
	    0x0000:  0108 c612 0201 2000 0108 c612 0101 2000
2026-09-22 18:13:35.425032 ?     Out ifindex 9 0e:3e:18:d2:4e:e6 ethertype IPv4 (0x0800), length 168: (tos 0x0, ttl 64, id 29471, offset 0, flags [DF], proto RSVP (46), length 148)
    10.14.0.2 > 10.14.0.1: 
	RSVPv1 Resv Message (2), Flags: [none], length: 128, ttl: 64, checksum: 0xb867
	  Session Object (1) Flags: [reject if unknown], Class-Type: Tunnel IPv4 (7), length: 16
	    IPv4 Tunnel EndPoint: 198.18.3.1, Tunnel ID: 0x005d, Extended Tunnel ID: 198.18.1.1
	    0x0000:  c612 0301 0000 005d c612 0101
	  RSVP Hop Object (3) Flags: [reject if unknown], Class-Type: IPv4 (1), length: 12
	    Previous/Next Interface: 10.14.0.2, Logical Interface Handle: 0x00000000
	    0x0000:  0a0e 0002 0000 0000
	  Time Values Object (5) Flags: [reject if unknown], Class-Type: 1 (1), length: 8
	    Refresh Period: 1000ms
	    0x0000:  0000 03e8
	  Style Object (8) Flags: [reject if unknown], Class-Type: 1 (1), length: 8
	    Reservation Style: Shared Explicit, Flags: [0x00]
	    0x0000:  0000 0012
	  Flowspec Object (9) Flags: [reject if unknown], Class-Type: IntServ (2), length: 36
	    Msg-Version: 0, length: 28
	    Service Type: Controlled Load (5), break bit not set, Service length: 24
	      Parameter ID: Token Bucket TSpec (127), length: 20, Flags: [0x00]
		Token Bucket Rate: 0.001000000047 Mbps
		Token Bucket Size: 125 bytes
		Peak Data Rate: 0.001000000047 Mbps
		Minimum Policed Unit: 20 bytes
		Maximum Packet Size: 1500 bytes
	    0x0000:  0000 0007 0500 0006 7f00 0005 42fa 0000
	    0x0010:  42fa 0000 42fa 0000 0000 0014 0000 05dc
	  FilterSpec Object (10) Flags: [reject if unknown], Class-Type: Tunnel IPv4 (7), length: 12
	    Source Address: 198.18.1.1, LSP-ID: 0x0001
	    0x0000:  c612 0101 0000 0001
	  Label Object (16) Flags: [reject if unknown], Class-Type: Label (1), length: 8
	    Label: 1000
	    0x0000:  0000 03e8
	  RRO Object (21) Flags: [reject if unknown], Class-Type: IPv4 (1), length: 20
	    Subobject Type: IPv4 prefix, length 8, Strict, 198.18.3.1/32, Flags: [none]
	    Subobject Type: Label, length 8, Flags: [none] (0), Class-Type: Unknown (0), 1000
	    0x0000:  0108 c612 0301 2000 0308 0000 0000 03e8
2026-09-22 18:13:35.908798 ?     Out ifindex 9 0e:3e:18:d2:4e:e6 ethertype IPv4 (0x0800), length 168: (tos 0x0, ttl 64, id 29939, offset 0, flags [DF], proto RSVP (46), length 148)
    10.14.0.2 > 10.14.0.1: 
	RSVPv1 Resv Message (2), Flags: [none], length: 128, ttl: 64, checksum: 0xb867
	  Session Object (1) Flags: [reject if unknown], Class-Type: Tunnel IPv4 (7), length: 16
	    IPv4 Tunnel EndPoint: 198.18.3.1, Tunnel ID: 0x005d, Extended Tunnel ID: 198.18.1.1
	    0x0000:  c612 0301 0000 005d c612 0101
	  RSVP Hop Object (3) Flags: [reject if unknown], Class-Type: IPv4 (1), length: 12
	    Previous/Next Interface: 10.14.0.2, Logical Interface Handle: 0x00000000
	    0x0000:  0a0e 0002 0000 0000
	  Time Values Object (5) Flags: [reject if unknown], Class-Type: 1 (1), length: 8
	    Refresh Period: 1000ms
	    0x0000:  0000 03e8
	  Style Object (8) Flags: [reject if unknown], Class-Type: 1 (1), length: 8
	    Reservation Style: Shared Explicit, Flags: [0x00]
	    0x0000:  0000 0012
	  Flowspec Object (9) Flags: [reject if unknown], Class-Type: IntServ (2), length: 36
	    Msg-Version: 0, length: 28
	    Service Type: Controlled Load (5), break bit not set, Service length: 24
	      Parameter ID: Token Bucket TSpec (127), length: 20, Flags: [0x00]
		Token Bucket Rate: 0.001000000047 Mbps
		Token Bucket Size: 125 bytes
		Peak Data Rate: 0.001000000047 Mbps
		Minimum Policed Unit: 20 bytes
		Maximum Packet Size: 1500 bytes
	    0x0000:  0000 0007 0500 0006 7f00 0005 42fa 0000
	    0x0010:  42fa 0000 42fa 0000 0000 0014 0000 05dc
	  FilterSpec Object (10) Flags: [reject if unknown], Class-Type: Tunnel IPv4 (7), length: 12
	    Source Address: 198.18.1.1, LSP-ID: 0x0001
	    0x0000:  c612 0101 0000 0001
	  Label Object (16) Flags: [reject if unknown], Class-Type: Label (1), length: 8
	    Label: 1000
	    0x0000:  0000 03e8
	  RRO Object (21) Flags: [reject if unknown], Class-Type: IPv4 (1), length: 20
	    Subobject Type: IPv4 prefix, length 8, Strict, 198.18.3.1/32, Flags: [none]
	    Subobject Type: Label, length 8, Flags: [none] (0), Class-Type: Unknown (0), 1000
	    0x0000:  0108 c612 0301 2000 0308 0000 0000 03e8
2026-09-22 18:13:36.424012 ?     In  ifindex 9 32:15:5d:b8:e6:f6 ethertype IPv4 (0x0800), length 276: (tos 0x0, ttl 64, id 25496, offset 0, flags [none], proto RSVP (46), length 256, options (RA))
    198.18.1.1 > 198.18.3.1: 
	RSVPv1 Path Message (1), Flags: [none], length: 232, ttl: 64, checksum: 0xde4b
	  Session Object (1) Flags: [reject if unknown], Class-Type: Tunnel IPv4 (7), length: 16
	    IPv4 Tunnel EndPoint: 198.18.3.1, Tunnel ID: 0x005d, Extended Tunnel ID: 198.18.1.1
	    0x0000:  c612 0301 0000 005d c612 0101
	  RSVP Hop Object (3) Flags: [reject if unknown], Class-Type: IPv4 (1), length: 12
	    Previous/Next Interface: 10.14.0.1, Logical Interface Handle: 0x00000000
	    0x0000:  0a0e 0001 0000 0000
	  Time Values Object (5) Flags: [reject if unknown], Class-Type: 1 (1), length: 8
	    Refresh Period: 1000ms
	    0x0000:  0000 03e8
	  ERO Object (20) Flags: [reject if unknown], Class-Type: IPv4 (1), length: 20
	    Subobject Type: IPv4 prefix, length 8, Strict, 10.14.0.2/32, Flags: [none]
	    Subobject Type: IPv4 prefix, length 8, Loose, 198.18.3.1/32, Flags: [none]
	    0x0000:  0108 0a0e 0002 2000 8108 c612 0301 2000
	  Label Request Object (19) Flags: [reject if unknown], Class-Type: without label range (1), length: 8
	    L3 Protocol ID: IPv4
	    0x0000:  0000 0800
	  Session Attribute Object (207) Flags: [ignore and forward if unknown], Class-Type: Tunnel IPv4 (7), length: 20
	    Session Name: protected
	    Setup Priority: 7, Holding Priority: 7, Flags: [Local Protection, Label Recording, SE Style] (0x7)
	    0x0000:  0707 0709 7072 6f74 6563 7465 6400 0000
	  Fast Re-Route Object (205) Flags: [ignore and forward if unknown], Class-Type: 1 (1), length: 24
	    Setup Priority: 7, Holding Priority: 7, Hop-limit: 16, Bandwidth: 0.001000000047 Mbps
	    Include-any: 0x00000000, Exclude-any: 0x00000000, Include-all: 0x00000000
	    0x0000:  0707 1002 42fa 0000 0000 0000 0000 0000
	    0x0010:  0000 0000
	  Sender Template Object (11) Flags: [reject if unknown], Class-Type: Tunnel IPv4 (7), length: 12
	    IPv4 Tunnel Sender Address: 198.18.1.1, LSP-ID: 0x0001
	    0x0000:  c612 0101 0000 0001
	  Sender TSpec Object (12) Flags: [reject if unknown], Class-Type: IntServ (2), length: 36
	    Msg-Version: 0, length: 28
	    Service Type: Default/Global Information (1), break bit not set, Service length: 24
	      Parameter ID: Token Bucket TSpec (127), length: 20, Flags: [0x00]
		Token Bucket Rate: 0.001000000047 Mbps
		Token Bucket Size: 125 bytes
		Peak Data Rate: 0.001000000047 Mbps
		Minimum Policed Unit: 20 bytes
		Maximum Packet Size: 65535 bytes
	    0x0000:  0000 0007 0100 0006 7f00 0005 42fa 0000
	    0x0010:  42fa 0000 42fa 0000 0000 0014 0000 ffff
	  Adspec Object (13) Flags: [reject if unknown], Class-Type: IntServ (2), length: 48
	    Msg-Version: 0, length: 40
	    Service Type: Default/Global Information (1), break bit not set, Service length: 32
	      Parameter ID: IS hop cnt (4), length: 4, Flags: [0x00]
		IS hop count: 2
	      Parameter ID: Path b/w estimate (6), length: 4, Flags: [0x00]
		Path b/w estimate: 0 Mbps
	      Parameter ID: Minimum path latency (8), length: 4, Flags: [0x00]
		Minimum path latency: don't care
	      Parameter ID: Composed MTU (10), length: 4, Flags: [0x00]
		Composed MTU: 1500 bytes
	    Service Type: Controlled Load (5), break bit not set, Service length: 0
	    0x0000:  0000 000a 0100 0008 0400 0001 0000 0002
	    0x0010:  0600 0001 0000 0000 0800 0001 ffff ffff
	    0x0020:  0a00 0001 0000 05dc 0500 0000
	  RRO Object (21) Flags: [reject if unknown], Class-Type: IPv4 (1), length: 20
	    Subobject Type: IPv4 prefix, length 8, Strict, 198.18.2.1/32, Flags: [none]
	    Subobject Type: IPv4 prefix, length 8, Strict, 198.18.1.1/32, Flags: [none]
	    0x0000:  0108 c612 0201 2000 0108 c612 0101 2000
2026-09-22 18:13:36.424632 ?     Out ifindex 9 0e:3e:18:d2:4e:e6 ethertype IPv4 (0x0800), length 168: (tos 0x0, ttl 64, id 30041, offset 0, flags [DF], proto RSVP (46), length 148)
    10.14.0.2 > 10.14.0.1: 
	RSVPv1 Resv Message (2), Flags: [none], length: 128, ttl: 64, checksum: 0xb867
	  Session Object (1) Flags: [reject if unknown], Class-Type: Tunnel IPv4 (7), length: 16
	    IPv4 Tunnel EndPoint: 198.18.3.1, Tunnel ID: 0x005d, Extended Tunnel ID: 198.18.1.1
	    0x0000:  c612 0301 0000 005d c612 0101
	  RSVP Hop Object (3) Flags: [reject if unknown], Class-Type: IPv4 (1), length: 12
	    Previous/Next Interface: 10.14.0.2, Logical Interface Handle: 0x00000000
	    0x0000:  0a0e 0002 0000 0000
	  Time Values Object (5) Flags: [reject if unknown], Class-Type: 1 (1), length: 8
	    Refresh Period: 1000ms
	    0x0000:  0000 03e8
	  Style Object (8) Flags: [reject if unknown], Class-Type: 1 (1), length: 8
	    Reservation Style: Shared Explicit, Flags: [0x00]
	    0x0000:  0000 0012
	  Flowspec Object (9) Flags: [reject if unknown], Class-Type: IntServ (2), length: 36
	    Msg-Version: 0, length: 28
	    Service Type: Controlled Load (5), break bit not set, Service length: 24
	      Parameter ID: Token Bucket TSpec (127), length: 20, Flags: [0x00]
		Token Bucket Rate: 0.001000000047 Mbps
		Token Bucket Size: 125 bytes
		Peak Data Rate: 0.001000000047 Mbps
		Minimum Policed Unit: 20 bytes
		Maximum Packet Size: 1500 bytes
	    0x0000:  0000 0007 0500 0006 7f00 0005 42fa 0000
	    0x0010:  42fa 0000 42fa 0000 0000 0014 0000 05dc
	  FilterSpec Object (10) Flags: [reject if unknown], Class-Type: Tunnel IPv4 (7), length: 12
	    Source Address: 198.18.1.1, LSP-ID: 0x0001
	    0x0000:  c612 0101 0000 0001
	  Label Object (16) Flags: [reject if unknown], Class-Type: Label (1), length: 8
	    Label: 1000
	    0x0000:  0000 03e8
	  RRO Object (21) Flags: [reject if unknown], Class-Type: IPv4 (1), length: 20
	    Subobject Type: IPv4 prefix, length 8, Strict, 198.18.3.1/32, Flags: [none]
	    Subobject Type: Label, length 8, Flags: [none] (0), Class-Type: Unknown (0), 1000
	    0x0000:  0108 c612 0301 2000 0308 0000 0000 03e8
2026-09-22 18:13:36.908887 ?     Out ifindex 9 0e:3e:18:d2:4e:e6 ethertype IPv4 (0x0800), length 168: (tos 0x0, ttl 64, id 30237, offset 0, flags [DF], proto RSVP (46), length 148)
    10.14.0.2 > 10.14.0.1: 
	RSVPv1 Resv Message (2), Flags: [none], length: 128, ttl: 64, checksum: 0xb867
	  Session Object (1) Flags: [reject if unknown], Class-Type: Tunnel IPv4 (7), length: 16
	    IPv4 Tunnel EndPoint: 198.18.3.1, Tunnel ID: 0x005d, Extended Tunnel ID: 198.18.1.1
	    0x0000:  c612 0301 0000 005d c612 0101
	  RSVP Hop Object (3) Flags: [reject if unknown], Class-Type: IPv4 (1), length: 12
	    Previous/Next Interface: 10.14.0.2, Logical Interface Handle: 0x00000000
	    0x0000:  0a0e 0002 0000 0000
	  Time Values Object (5) Flags: [reject if unknown], Class-Type: 1 (1), length: 8
	    Refresh Period: 1000ms
	    0x0000:  0000 03e8
	  Style Object (8) Flags: [reject if unknown], Class-Type: 1 (1), length: 8
	    Reservation Style: Shared Explicit, Flags: [0x00]
	    0x0000:  0000 0012
	  Flowspec Object (9) Flags: [reject if unknown], Class-Type: IntServ (2), length: 36
	    Msg-Version: 0, length: 28
	    Service Type: Controlled Load (5), break bit not set, Service length: 24
	      Parameter ID: Token Bucket TSpec (127), length: 20, Flags: [0x00]
		Token Bucket Rate: 0.001000000047 Mbps
		Token Bucket Size: 125 bytes
		Peak Data Rate: 0.001000000047 Mbps
		Minimum Policed Unit: 20 bytes
		Maximum Packet Size: 1500 bytes
	    0x0000:  0000 0007 0500 0006 7f00 0005 42fa 0000
	    0x0010:  42fa 0000 42fa 0000 0000 0014 0000 05dc
	  FilterSpec Object (10) Flags: [reject if unknown], Class-Type: Tunnel IPv4 (7), length: 12
	    Source Address: 198.18.1.1, LSP-ID: 0x0001
	    0x0000:  c612 0101 0000 0001
	  Label Object (16) Flags: [reject if unknown], Class-Type: Label (1), length: 8
	    Label: 1000
	    0x0000:  0000 03e8
	  RRO Object (21) Flags: [reject if unknown], Class-Type: IPv4 (1), length: 20
	    Subobject Type: IPv4 prefix, length 8, Strict, 198.18.3.1/32, Flags: [none]
	    Subobject Type: Label, length 8, Flags: [none] (0), Class-Type: Unknown (0), 1000
	    0x0000:  0108 c612 0301 2000 0308 0000 0000 03e8
2026-09-22 18:13:37.423437 ?     In  ifindex 9 32:15:5d:b8:e6:f6 ethertype IPv4 (0x0800), length 276: (tos 0x0, ttl 64, id 25518, offset 0, flags [none], proto RSVP (46), length 256, options (RA))
    198.18.1.1 > 198.18.3.1: 
	RSVPv1 Path Message (1), Flags: [none], length: 232, ttl: 64, checksum: 0xde4b
	  Session Object (1) Flags: [reject if unknown], Class-Type: Tunnel IPv4 (7), length: 16
	    IPv4 Tunnel EndPoint: 198.18.3.1, Tunnel ID: 0x005d, Extended Tunnel ID: 198.18.1.1
	    0x0000:  c612 0301 0000 005d c612 0101
	  RSVP Hop Object (3) Flags: [reject if unknown], Class-Type: IPv4 (1), length: 12
	    Previous/Next Interface: 10.14.0.1, Logical Interface Handle: 0x00000000
	    0x0000:  0a0e 0001 0000 0000
	  Time Values Object (5) Flags: [reject if unknown], Class-Type: 1 (1), length: 8
	    Refresh Period: 1000ms
	    0x0000:  0000 03e8
	  ERO Object (20) Flags: [reject if unknown], Class-Type: IPv4 (1), length: 20
	    Subobject Type: IPv4 prefix, length 8, Strict, 10.14.0.2/32, Flags: [none]
	    Subobject Type: IPv4 prefix, length 8, Loose, 198.18.3.1/32, Flags: [none]
	    0x0000:  0108 0a0e 0002 2000 8108 c612 0301 2000
	  Label Request Object (19) Flags: [reject if unknown], Class-Type: without label range (1), length: 8
	    L3 Protocol ID: IPv4
	    0x0000:  0000 0800
	  Session Attribute Object (207) Flags: [ignore and forward if unknown], Class-Type: Tunnel IPv4 (7), length: 20
	    Session Name: protected
	    Setup Priority: 7, Holding Priority: 7, Flags: [Local Protection, Label Recording, SE Style] (0x7)
	    0x0000:  0707 0709 7072 6f74 6563 7465 6400 0000
	  Fast Re-Route Object (205) Flags: [ignore and forward if unknown], Class-Type: 1 (1), length: 24
	    Setup Priority: 7, Holding Priority: 7, Hop-limit: 16, Bandwidth: 0.001000000047 Mbps
	    Include-any: 0x00000000, Exclude-any: 0x00000000, Include-all: 0x00000000
	    0x0000:  0707 1002 42fa 0000 0000 0000 0000 0000
	    0x0010:  0000 0000
	  Sender Template Object (11) Flags: [reject if unknown], Class-Type: Tunnel IPv4 (7), length: 12
	    IPv4 Tunnel Sender Address: 198.18.1.1, LSP-ID: 0x0001
	    0x0000:  c612 0101 0000 0001
	  Sender TSpec Object (12) Flags: [reject if unknown], Class-Type: IntServ (2), length: 36
	    Msg-Version: 0, length: 28
	    Service Type: Default/Global Information (1), break bit not set, Service length: 24
	      Parameter ID: Token Bucket TSpec (127), length: 20, Flags: [0x00]
		Token Bucket Rate: 0.001000000047 Mbps
		Token Bucket Size: 125 bytes
		Peak Data Rate: 0.001000000047 Mbps
		Minimum Policed Unit: 20 bytes
		Maximum Packet Size: 65535 bytes
	    0x0000:  0000 0007 0100 0006 7f00 0005 42fa 0000
	    0x0010:  42fa 0000 42fa 0000 0000 0014 0000 ffff
	  Adspec Object (13) Flags: [reject if unknown], Class-Type: IntServ (2), length: 48
	    Msg-Version: 0, length: 40
	    Service Type: Default/Global Information (1), break bit not set, Service length: 32
	      Parameter ID: IS hop cnt (4), length: 4, Flags: [0x00]
		IS hop count: 2
	      Parameter ID: Path b/w estimate (6), length: 4, Flags: [0x00]
		Path b/w estimate: 0 Mbps
	      Parameter ID: Minimum path latency (8), length: 4, Flags: [0x00]
		Minimum path latency: don't care
	      Parameter ID: Composed MTU (10), length: 4, Flags: [0x00]
		Composed MTU: 1500 bytes
	    Service Type: Controlled Load (5), break bit not set, Service length: 0
	    0x0000:  0000 000a 0100 0008 0400 0001 0000 0002
	    0x0010:  0600 0001 0000 0000 0800 0001 ffff ffff
	    0x0020:  0a00 0001 0000 05dc 0500 0000
	  RRO Object (21) Flags: [reject if unknown], Class-Type: IPv4 (1), length: 20
	    Subobject Type: IPv4 prefix, length 8, Strict, 198.18.2.1/32, Flags: [none]
	    Subobject Type: IPv4 prefix, length 8, Strict, 198.18.1.1/32, Flags: [none]
	    0x0000:  0108 c612 0201 2000 0108 c612 0101 2000
2026-09-22 18:13:37.424300 ?     Out ifindex 9 0e:3e:18:d2:4e:e6 ethertype IPv4 (0x0800), length 168: (tos 0x0, ttl 64, id 30545, offset 0, flags [DF], proto RSVP (46), length 148)
    10.14.0.2 > 10.14.0.1: 
	RSVPv1 Resv Message (2), Flags: [none], length: 128, ttl: 64, checksum: 0xb867
	  Session Object (1) Flags: [reject if unknown], Class-Type: Tunnel IPv4 (7), length: 16
	    IPv4 Tunnel EndPoint: 198.18.3.1, Tunnel ID: 0x005d, Extended Tunnel ID: 198.18.1.1
	    0x0000:  c612 0301 0000 005d c612 0101
	  RSVP Hop Object (3) Flags: [reject if unknown], Class-Type: IPv4 (1), length: 12
	    Previous/Next Interface: 10.14.0.2, Logical Interface Handle: 0x00000000
	    0x0000:  0a0e 0002 0000 0000
	  Time Values Object (5) Flags: [reject if unknown], Class-Type: 1 (1), length: 8
	    Refresh Period: 1000ms
	    0x0000:  0000 03e8
	  Style Object (8) Flags: [reject if unknown], Class-Type: 1 (1), length: 8
	    Reservation Style: Shared Explicit, Flags: [0x00]
	    0x0000:  0000 0012
	  Flowspec Object (9) Flags: [reject if unknown], Class-Type: IntServ (2), length: 36
	    Msg-Version: 0, length: 28
	    Service Type: Controlled Load (5), break bit not set, Service length: 24
	      Parameter ID: Token Bucket TSpec (127), length: 20, Flags: [0x00]
		Token Bucket Rate: 0.001000000047 Mbps
		Token Bucket Size: 125 bytes
		Peak Data Rate: 0.001000000047 Mbps
		Minimum Policed Unit: 20 bytes
		Maximum Packet Size: 1500 bytes
	    0x0000:  0000 0007 0500 0006 7f00 0005 42fa 0000
	    0x0010:  42fa 0000 42fa 0000 0000 0014 0000 05dc
	  FilterSpec Object (10) Flags: [reject if unknown], Class-Type: Tunnel IPv4 (7), length: 12
	    Source Address: 198.18.1.1, LSP-ID: 0x0001
	    0x0000:  c612 0101 0000 0001
	  Label Object (16) Flags: [reject if unknown], Class-Type: Label (1), length: 8
	    Label: 1000
	    0x0000:  0000 03e8
	  RRO Object (21) Flags: [reject if unknown], Class-Type: IPv4 (1), length: 20
	    Subobject Type: IPv4 prefix, length 8, Strict, 198.18.3.1/32, Flags: [none]
	    Subobject Type: Label, length 8, Flags: [none] (0), Class-Type: Unknown (0), 1000
	    0x0000:  0108 c612 0301 2000 0308 0000 0000 03e8
2026-09-22 18:13:37.908719 ?     Out ifindex 9 0e:3e:18:d2:4e:e6 ethertype IPv4 (0x0800), length 168: (tos 0x0, ttl 64, id 30632, offset 0, flags [DF], proto RSVP (46), length 148)
    10.14.0.2 > 10.14.0.1: 
	RSVPv1 Resv Message (2), Flags: [none], length: 128, ttl: 64, checksum: 0xb867
	  Session Object (1) Flags: [reject if unknown], Class-Type: Tunnel IPv4 (7), length: 16
	    IPv4 Tunnel EndPoint: 198.18.3.1, Tunnel ID: 0x005d, Extended Tunnel ID: 198.18.1.1
	    0x0000:  c612 0301 0000 005d c612 0101
	  RSVP Hop Object (3) Flags: [reject if unknown], Class-Type: IPv4 (1), length: 12
	    Previous/Next Interface: 10.14.0.2, Logical Interface Handle: 0x00000000
	    0x0000:  0a0e 0002 0000 0000
	  Time Values Object (5) Flags: [reject if unknown], Class-Type: 1 (1), length: 8
	    Refresh Period: 1000ms
	    0x0000:  0000 03e8
	  Style Object (8) Flags: [reject if unknown], Class-Type: 1 (1), length: 8
	    Reservation Style: Shared Explicit, Flags: [0x00]
	    0x0000:  0000 0012
	  Flowspec Object (9) Flags: [reject if unknown], Class-Type: IntServ (2), length: 36
	    Msg-Version: 0, length: 28
	    Service Type: Controlled Load (5), break bit not set, Service length: 24
	      Parameter ID: Token Bucket TSpec (127), length: 20, Flags: [0x00]
		Token Bucket Rate: 0.001000000047 Mbps
		Token Bucket Size: 125 bytes
		Peak Data Rate: 0.001000000047 Mbps
		Minimum Policed Unit: 20 bytes
		Maximum Packet Size: 1500 bytes
	    0x0000:  0000 0007 0500 0006 7f00 0005 42fa 0000
	    0x0010:  42fa 0000 42fa 0000 0000 0014 0000 05dc
	  FilterSpec Object (10) Flags: [reject if unknown], Class-Type: Tunnel IPv4 (7), length: 12
	    Source Address: 198.18.1.1, LSP-ID: 0x0001
	    0x0000:  c612 0101 0000 0001
	  Label Object (16) Flags: [reject if unknown], Class-Type: Label (1), length: 8
	    Label: 1000
	    0x0000:  0000 03e8
	  RRO Object (21) Flags: [reject if unknown], Class-Type: IPv4 (1), length: 20
	    Subobject Type: IPv4 prefix, length 8, Strict, 198.18.3.1/32, Flags: [none]
	    Subobject Type: Label, length 8, Flags: [none] (0), Class-Type: Unknown (0), 1000
	    0x0000:  0108 c612 0301 2000 0308 0000 0000 03e8
2026-09-22 18:13:38.423442 ?     In  ifindex 9 32:15:5d:b8:e6:f6 ethertype IPv4 (0x0800), length 276: (tos 0x0, ttl 64, id 26401, offset 0, flags [none], proto RSVP (46), length 256, options (RA))
    198.18.1.1 > 198.18.3.1: 
	RSVPv1 Path Message (1), Flags: [none], length: 232, ttl: 64, checksum: 0xde4b
	  Session Object (1) Flags: [reject if unknown], Class-Type: Tunnel IPv4 (7), length: 16
	    IPv4 Tunnel EndPoint: 198.18.3.1, Tunnel ID: 0x005d, Extended Tunnel ID: 198.18.1.1
	    0x0000:  c612 0301 0000 005d c612 0101
	  RSVP Hop Object (3) Flags: [reject if unknown], Class-Type: IPv4 (1), length: 12
	    Previous/Next Interface: 10.14.0.1, Logical Interface Handle: 0x00000000
	    0x0000:  0a0e 0001 0000 0000
	  Time Values Object (5) Flags: [reject if unknown], Class-Type: 1 (1), length: 8
	    Refresh Period: 1000ms
	    0x0000:  0000 03e8
	  ERO Object (20) Flags: [reject if unknown], Class-Type: IPv4 (1), length: 20
	    Subobject Type: IPv4 prefix, length 8, Strict, 10.14.0.2/32, Flags: [none]
	    Subobject Type: IPv4 prefix, length 8, Loose, 198.18.3.1/32, Flags: [none]
	    0x0000:  0108 0a0e 0002 2000 8108 c612 0301 2000
	  Label Request Object (19) Flags: [reject if unknown], Class-Type: without label range (1), length: 8
	    L3 Protocol ID: IPv4
	    0x0000:  0000 0800
	  Session Attribute Object (207) Flags: [ignore and forward if unknown], Class-Type: Tunnel IPv4 (7), length: 20
	    Session Name: protected
	    Setup Priority: 7, Holding Priority: 7, Flags: [Local Protection, Label Recording, SE Style] (0x7)
	    0x0000:  0707 0709 7072 6f74 6563 7465 6400 0000
	  Fast Re-Route Object (205) Flags: [ignore and forward if unknown], Class-Type: 1 (1), length: 24
	    Setup Priority: 7, Holding Priority: 7, Hop-limit: 16, Bandwidth: 0.001000000047 Mbps
	    Include-any: 0x00000000, Exclude-any: 0x00000000, Include-all: 0x00000000
	    0x0000:  0707 1002 42fa 0000 0000 0000 0000 0000
	    0x0010:  0000 0000
	  Sender Template Object (11) Flags: [reject if unknown], Class-Type: Tunnel IPv4 (7), length: 12
	    IPv4 Tunnel Sender Address: 198.18.1.1, LSP-ID: 0x0001
	    0x0000:  c612 0101 0000 0001
	  Sender TSpec Object (12) Flags: [reject if unknown], Class-Type: IntServ (2), length: 36
	    Msg-Version: 0, length: 28
	    Service Type: Default/Global Information (1), break bit not set, Service length: 24
	      Parameter ID: Token Bucket TSpec (127), length: 20, Flags: [0x00]
		Token Bucket Rate: 0.001000000047 Mbps
		Token Bucket Size: 125 bytes
		Peak Data Rate: 0.001000000047 Mbps
		Minimum Policed Unit: 20 bytes
		Maximum Packet Size: 65535 bytes
	    0x0000:  0000 0007 0100 0006 7f00 0005 42fa 0000
	    0x0010:  42fa 0000 42fa 0000 0000 0014 0000 ffff
	  Adspec Object (13) Flags: [reject if unknown], Class-Type: IntServ (2), length: 48
	    Msg-Version: 0, length: 40
	    Service Type: Default/Global Information (1), break bit not set, Service length: 32
	      Parameter ID: IS hop cnt (4), length: 4, Flags: [0x00]
		IS hop count: 2
	      Parameter ID: Path b/w estimate (6), length: 4, Flags: [0x00]
		Path b/w estimate: 0 Mbps
	      Parameter ID: Minimum path latency (8), length: 4, Flags: [0x00]
		Minimum path latency: don't care
	      Parameter ID: Composed MTU (10), length: 4, Flags: [0x00]
		Composed MTU: 1500 bytes
	    Service Type: Controlled Load (5), break bit not set, Service length: 0
	    0x0000:  0000 000a 0100 0008 0400 0001 0000 0002
	    0x0010:  0600 0001 0000 0000 0800 0001 ffff ffff
	    0x0020:  0a00 0001 0000 05dc 0500 0000
	  RRO Object (21) Flags: [reject if unknown], Class-Type: IPv4 (1), length: 20
	    Subobject Type: IPv4 prefix, length 8, Strict, 198.18.2.1/32, Flags: [none]
	    Subobject Type: IPv4 prefix, length 8, Strict, 198.18.1.1/32, Flags: [none]
	    0x0000:  0108 c612 0201 2000 0108 c612 0101 2000
2026-09-22 18:13:38.424043 ?     Out ifindex 9 0e:3e:18:d2:4e:e6 ethertype IPv4 (0x0800), length 168: (tos 0x0, ttl 64, id 30988, offset 0, flags [DF], proto RSVP (46), length 148)
    10.14.0.2 > 10.14.0.1: 
	RSVPv1 Resv Message (2), Flags: [none], length: 128, ttl: 64, checksum: 0xb867
	  Session Object (1) Flags: [reject if unknown], Class-Type: Tunnel IPv4 (7), length: 16
	    IPv4 Tunnel EndPoint: 198.18.3.1, Tunnel ID: 0x005d, Extended Tunnel ID: 198.18.1.1
	    0x0000:  c612 0301 0000 005d c612 0101
	  RSVP Hop Object (3) Flags: [reject if unknown], Class-Type: IPv4 (1), length: 12
	    Previous/Next Interface: 10.14.0.2, Logical Interface Handle: 0x00000000
	    0x0000:  0a0e 0002 0000 0000
	  Time Values Object (5) Flags: [reject if unknown], Class-Type: 1 (1), length: 8
	    Refresh Period: 1000ms
	    0x0000:  0000 03e8
	  Style Object (8) Flags: [reject if unknown], Class-Type: 1 (1), length: 8
	    Reservation Style: Shared Explicit, Flags: [0x00]
	    0x0000:  0000 0012
	  Flowspec Object (9) Flags: [reject if unknown], Class-Type: IntServ (2), length: 36
	    Msg-Version: 0, length: 28
	    Service Type: Controlled Load (5), break bit not set, Service length: 24
	      Parameter ID: Token Bucket TSpec (127), length: 20, Flags: [0x00]
		Token Bucket Rate: 0.001000000047 Mbps
		Token Bucket Size: 125 bytes
		Peak Data Rate: 0.001000000047 Mbps
		Minimum Policed Unit: 20 bytes
		Maximum Packet Size: 1500 bytes
	    0x0000:  0000 0007 0500 0006 7f00 0005 42fa 0000
	    0x0010:  42fa 0000 42fa 0000 0000 0014 0000 05dc
	  FilterSpec Object (10) Flags: [reject if unknown], Class-Type: Tunnel IPv4 (7), length: 12
	    Source Address: 198.18.1.1, LSP-ID: 0x0001
	    0x0000:  c612 0101 0000 0001
	  Label Object (16) Flags: [reject if unknown], Class-Type: Label (1), length: 8
	    Label: 1000
	    0x0000:  0000 03e8
	  RRO Object (21) Flags: [reject if unknown], Class-Type: IPv4 (1), length: 20
	    Subobject Type: IPv4 prefix, length 8, Strict, 198.18.3.1/32, Flags: [none]
	    Subobject Type: Label, length 8, Flags: [none] (0), Class-Type: Unknown (0), 1000
	    0x0000:  0108 c612 0301 2000 0308 0000 0000 03e8
2026-09-22 18:13:38.909281 ?     Out ifindex 9 0e:3e:18:d2:4e:e6 ethertype IPv4 (0x0800), length 168: (tos 0x0, ttl 64, id 31310, offset 0, flags [DF], proto RSVP (46), length 148)
    10.14.0.2 > 10.14.0.1: 
	RSVPv1 Resv Message (2), Flags: [none], length: 128, ttl: 64, checksum: 0xb867
	  Session Object (1) Flags: [reject if unknown], Class-Type: Tunnel IPv4 (7), length: 16
	    IPv4 Tunnel EndPoint: 198.18.3.1, Tunnel ID: 0x005d, Extended Tunnel ID: 198.18.1.1
	    0x0000:  c612 0301 0000 005d c612 0101
	  RSVP Hop Object (3) Flags: [reject if unknown], Class-Type: IPv4 (1), length: 12
	    Previous/Next Interface: 10.14.0.2, Logical Interface Handle: 0x00000000
	    0x0000:  0a0e 0002 0000 0000
	  Time Values Object (5) Flags: [reject if unknown], Class-Type: 1 (1), length: 8
	    Refresh Period: 1000ms
	    0x0000:  0000 03e8
	  Style Object (8) Flags: [reject if unknown], Class-Type: 1 (1), length: 8
	    Reservation Style: Shared Explicit, Flags: [0x00]
	    0x0000:  0000 0012
	  Flowspec Object (9) Flags: [reject if unknown], Class-Type: IntServ (2), length: 36
	    Msg-Version: 0, length: 28
	    Service Type: Controlled Load (5), break bit not set, Service length: 24
	      Parameter ID: Token Bucket TSpec (127), length: 20, Flags: [0x00]
		Token Bucket Rate: 0.001000000047 Mbps
		Token Bucket Size: 125 bytes
		Peak Data Rate: 0.001000000047 Mbps
		Minimum Policed Unit: 20 bytes
		Maximum Packet Size: 1500 bytes
	    0x0000:  0000 0007 0500 0006 7f00 0005 42fa 0000
	    0x0010:  42fa 0000 42fa 0000 0000 0014 0000 05dc
	  FilterSpec Object (10) Flags: [reject if unknown], Class-Type: Tunnel IPv4 (7), length: 12
	    Source Address: 198.18.1.1, LSP-ID: 0x0001
	    0x0000:  c612 0101 0000 0001
	  Label Object (16) Flags: [reject if unknown], Class-Type: Label (1), length: 8
	    Label: 1000
	    0x0000:  0000 03e8
	  RRO Object (21) Flags: [reject if unknown], Class-Type: IPv4 (1), length: 20
	    Subobject Type: IPv4 prefix, length 8, Strict, 198.18.3.1/32, Flags: [none]
	    Subobject Type: Label, length 8, Flags: [none] (0), Class-Type: Unknown (0), 1000
	    0x0000:  0108 c612 0301 2000 0308 0000 0000 03e8
2026-09-22 18:13:39.423452 ?     In  ifindex 9 32:15:5d:b8:e6:f6 ethertype IPv4 (0x0800), length 276: (tos 0x0, ttl 64, id 26885, offset 0, flags [none], proto RSVP (46), length 256, options (RA))
    198.18.1.1 > 198.18.3.1: 
	RSVPv1 Path Message (1), Flags: [none], length: 232, ttl: 64, checksum: 0xde4b
	  Session Object (1) Flags: [reject if unknown], Class-Type: Tunnel IPv4 (7), length: 16
	    IPv4 Tunnel EndPoint: 198.18.3.1, Tunnel ID: 0x005d, Extended Tunnel ID: 198.18.1.1
	    0x0000:  c612 0301 0000 005d c612 0101
	  RSVP Hop Object (3) Flags: [reject if unknown], Class-Type: IPv4 (1), length: 12
	    Previous/Next Interface: 10.14.0.1, Logical Interface Handle: 0x00000000
	    0x0000:  0a0e 0001 0000 0000
	  Time Values Object (5) Flags: [reject if unknown], Class-Type: 1 (1), length: 8
	    Refresh Period: 1000ms
	    0x0000:  0000 03e8
	  ERO Object (20) Flags: [reject if unknown], Class-Type: IPv4 (1), length: 20
	    Subobject Type: IPv4 prefix, length 8, Strict, 10.14.0.2/32, Flags: [none]
	    Subobject Type: IPv4 prefix, length 8, Loose, 198.18.3.1/32, Flags: [none]
	    0x0000:  0108 0a0e 0002 2000 8108 c612 0301 2000
	  Label Request Object (19) Flags: [reject if unknown], Class-Type: without label range (1), length: 8
	    L3 Protocol ID: IPv4
	    0x0000:  0000 0800
	  Session Attribute Object (207) Flags: [ignore and forward if unknown], Class-Type: Tunnel IPv4 (7), length: 20
	    Session Name: protected
	    Setup Priority: 7, Holding Priority: 7, Flags: [Local Protection, Label Recording, SE Style] (0x7)
	    0x0000:  0707 0709 7072 6f74 6563 7465 6400 0000
	  Fast Re-Route Object (205) Flags: [ignore and forward if unknown], Class-Type: 1 (1), length: 24
	    Setup Priority: 7, Holding Priority: 7, Hop-limit: 16, Bandwidth: 0.001000000047 Mbps
	    Include-any: 0x00000000, Exclude-any: 0x00000000, Include-all: 0x00000000
	    0x0000:  0707 1002 42fa 0000 0000 0000 0000 0000
	    0x0010:  0000 0000
	  Sender Template Object (11) Flags: [reject if unknown], Class-Type: Tunnel IPv4 (7), length: 12
	    IPv4 Tunnel Sender Address: 198.18.1.1, LSP-ID: 0x0001
	    0x0000:  c612 0101 0000 0001
	  Sender TSpec Object (12) Flags: [reject if unknown], Class-Type: IntServ (2), length: 36
	    Msg-Version: 0, length: 28
	    Service Type: Default/Global Information (1), break bit not set, Service length: 24
	      Parameter ID: Token Bucket TSpec (127), length: 20, Flags: [0x00]
		Token Bucket Rate: 0.001000000047 Mbps
		Token Bucket Size: 125 bytes
		Peak Data Rate: 0.001000000047 Mbps
		Minimum Policed Unit: 20 bytes
		Maximum Packet Size: 65535 bytes
	    0x0000:  0000 0007 0100 0006 7f00 0005 42fa 0000
	    0x0010:  42fa 0000 42fa 0000 0000 0014 0000 ffff
	  Adspec Object (13) Flags: [reject if unknown], Class-Type: IntServ (2), length: 48
	    Msg-Version: 0, length: 40
	    Service Type: Default/Global Information (1), break bit not set, Service length: 32
	      Parameter ID: IS hop cnt (4), length: 4, Flags: [0x00]
		IS hop count: 2
	      Parameter ID: Path b/w estimate (6), length: 4, Flags: [0x00]
		Path b/w estimate: 0 Mbps
	      Parameter ID: Minimum path latency (8), length: 4, Flags: [0x00]
		Minimum path latency: don't care
	      Parameter ID: Composed MTU (10), length: 4, Flags: [0x00]
		Composed MTU: 1500 bytes
	    Service Type: Controlled Load (5), break bit not set, Service length: 0
	    0x0000:  0000 000a 0100 0008 0400 0001 0000 0002
	    0x0010:  0600 0001 0000 0000 0800 0001 ffff ffff
	    0x0020:  0a00 0001 0000 05dc 0500 0000
	  RRO Object (21) Flags: [reject if unknown], Class-Type: IPv4 (1), length: 20
	    Subobject Type: IPv4 prefix, length 8, Strict, 198.18.2.1/32, Flags: [none]
	    Subobject Type: IPv4 prefix, length 8, Strict, 198.18.1.1/32, Flags: [none]
	    0x0000:  0108 c612 0201 2000 0108 c612 0101 2000
2026-09-22 18:13:39.424086 ?     Out ifindex 9 0e:3e:18:d2:4e:e6 ethertype IPv4 (0x0800), length 168: (tos 0x0, ttl 64, id 31509, offset 0, flags [DF], proto RSVP (46), length 148)
    10.14.0.2 > 10.14.0.1: 
	RSVPv1 Resv Message (2), Flags: [none], length: 128, ttl: 64, checksum: 0xb867
	  Session Object (1) Flags: [reject if unknown], Class-Type: Tunnel IPv4 (7), length: 16
	    IPv4 Tunnel EndPoint: 198.18.3.1, Tunnel ID: 0x005d, Extended Tunnel ID: 198.18.1.1
	    0x0000:  c612 0301 0000 005d c612 0101
	  RSVP Hop Object (3) Flags: [reject if unknown], Class-Type: IPv4 (1), length: 12
	    Previous/Next Interface: 10.14.0.2, Logical Interface Handle: 0x00000000
	    0x0000:  0a0e 0002 0000 0000
	  Time Values Object (5) Flags: [reject if unknown], Class-Type: 1 (1), length: 8
	    Refresh Period: 1000ms
	    0x0000:  0000 03e8
	  Style Object (8) Flags: [reject if unknown], Class-Type: 1 (1), length: 8
	    Reservation Style: Shared Explicit, Flags: [0x00]
	    0x0000:  0000 0012
	  Flowspec Object (9) Flags: [reject if unknown], Class-Type: IntServ (2), length: 36
	    Msg-Version: 0, length: 28
	    Service Type: Controlled Load (5), break bit not set, Service length: 24
	      Parameter ID: Token Bucket TSpec (127), length: 20, Flags: [0x00]
		Token Bucket Rate: 0.001000000047 Mbps
		Token Bucket Size: 125 bytes
		Peak Data Rate: 0.001000000047 Mbps
		Minimum Policed Unit: 20 bytes
		Maximum Packet Size: 1500 bytes
	    0x0000:  0000 0007 0500 0006 7f00 0005 42fa 0000
	    0x0010:  42fa 0000 42fa 0000 0000 0014 0000 05dc
	  FilterSpec Object (10) Flags: [reject if unknown], Class-Type: Tunnel IPv4 (7), length: 12
	    Source Address: 198.18.1.1, LSP-ID: 0x0001
	    0x0000:  c612 0101 0000 0001
	  Label Object (16) Flags: [reject if unknown], Class-Type: Label (1), length: 8
	    Label: 1000
	    0x0000:  0000 03e8
	  RRO Object (21) Flags: [reject if unknown], Class-Type: IPv4 (1), length: 20
	    Subobject Type: IPv4 prefix, length 8, Strict, 198.18.3.1/32, Flags: [none]
	    Subobject Type: Label, length 8, Flags: [none] (0), Class-Type: Unknown (0), 1000
	    0x0000:  0108 c612 0301 2000 0308 0000 0000 03e8
2026-09-22 18:13:39.908997 ?     Out ifindex 9 0e:3e:18:d2:4e:e6 ethertype IPv4 (0x0800), length 168: (tos 0x0, ttl 64, id 31986, offset 0, flags [DF], proto RSVP (46), length 148)
    10.14.0.2 > 10.14.0.1: 
	RSVPv1 Resv Message (2), Flags: [none], length: 128, ttl: 64, checksum: 0xb867
	  Session Object (1) Flags: [reject if unknown], Class-Type: Tunnel IPv4 (7), length: 16
	    IPv4 Tunnel EndPoint: 198.18.3.1, Tunnel ID: 0x005d, Extended Tunnel ID: 198.18.1.1
	    0x0000:  c612 0301 0000 005d c612 0101
	  RSVP Hop Object (3) Flags: [reject if unknown], Class-Type: IPv4 (1), length: 12
	    Previous/Next Interface: 10.14.0.2, Logical Interface Handle: 0x00000000
	    0x0000:  0a0e 0002 0000 0000
	  Time Values Object (5) Flags: [reject if unknown], Class-Type: 1 (1), length: 8
	    Refresh Period: 1000ms
	    0x0000:  0000 03e8
	  Style Object (8) Flags: [reject if unknown], Class-Type: 1 (1), length: 8
	    Reservation Style: Shared Explicit, Flags: [0x00]
	    0x0000:  0000 0012
	  Flowspec Object (9) Flags: [reject if unknown], Class-Type: IntServ (2), length: 36
	    Msg-Version: 0, length: 28
	    Service Type: Controlled Load (5), break bit not set, Service length: 24
	      Parameter ID: Token Bucket TSpec (127), length: 20, Flags: [0x00]
		Token Bucket Rate: 0.001000000047 Mbps
		Token Bucket Size: 125 bytes
		Peak Data Rate: 0.001000000047 Mbps
		Minimum Policed Unit: 20 bytes
		Maximum Packet Size: 1500 bytes
	    0x0000:  0000 0007 0500 0006 7f00 0005 42fa 0000
	    0x0010:  42fa 0000 42fa 0000 0000 0014 0000 05dc
	  FilterSpec Object (10) Flags: [reject if unknown], Class-Type: Tunnel IPv4 (7), length: 12
	    Source Address: 198.18.1.1, LSP-ID: 0x0001
	    0x0000:  c612 0101 0000 0001
	  Label Object (16) Flags: [reject if unknown], Class-Type: Label (1), length: 8
	    Label: 1000
	    0x0000:  0000 03e8
	  RRO Object (21) Flags: [reject if unknown], Class-Type: IPv4 (1), length: 20
	    Subobject Type: IPv4 prefix, length 8, Strict, 198.18.3.1/32, Flags: [none]
	    Subobject Type: Label, length 8, Flags: [none] (0), Class-Type: Unknown (0), 1000
	    0x0000:  0108 c612 0301 2000 0308 0000 0000 03e8
2026-09-22 18:13:40.423573 ?     In  ifindex 9 32:15:5d:b8:e6:f6 ethertype IPv4 (0x0800), length 276: (tos 0x0, ttl 64, id 27464, offset 0, flags [none], proto RSVP (46), length 256, options (RA))
    198.18.1.1 > 198.18.3.1: 
	RSVPv1 Path Message (1), Flags: [none], length: 232, ttl: 64, checksum: 0xde4b
	  Session Object (1) Flags: [reject if unknown], Class-Type: Tunnel IPv4 (7), length: 16
	    IPv4 Tunnel EndPoint: 198.18.3.1, Tunnel ID: 0x005d, Extended Tunnel ID: 198.18.1.1
	    0x0000:  c612 0301 0000 005d c612 0101
	  RSVP Hop Object (3) Flags: [reject if unknown], Class-Type: IPv4 (1), length: 12
	    Previous/Next Interface: 10.14.0.1, Logical Interface Handle: 0x00000000
	    0x0000:  0a0e 0001 0000 0000
	  Time Values Object (5) Flags: [reject if unknown], Class-Type: 1 (1), length: 8
	    Refresh Period: 1000ms
	    0x0000:  0000 03e8
	  ERO Object (20) Flags: [reject if unknown], Class-Type: IPv4 (1), length: 20
	    Subobject Type: IPv4 prefix, length 8, Strict, 10.14.0.2/32, Flags: [none]
	    Subobject Type: IPv4 prefix, length 8, Loose, 198.18.3.1/32, Flags: [none]
	    0x0000:  0108 0a0e 0002 2000 8108 c612 0301 2000
	  Label Request Object (19) Flags: [reject if unknown], Class-Type: without label range (1), length: 8
	    L3 Protocol ID: IPv4
	    0x0000:  0000 0800
	  Session Attribute Object (207) Flags: [ignore and forward if unknown], Class-Type: Tunnel IPv4 (7), length: 20
	    Session Name: protected
	    Setup Priority: 7, Holding Priority: 7, Flags: [Local Protection, Label Recording, SE Style] (0x7)
	    0x0000:  0707 0709 7072 6f74 6563 7465 6400 0000
	  Fast Re-Route Object (205) Flags: [ignore and forward if unknown], Class-Type: 1 (1), length: 24
	    Setup Priority: 7, Holding Priority: 7, Hop-limit: 16, Bandwidth: 0.001000000047 Mbps
	    Include-any: 0x00000000, Exclude-any: 0x00000000, Include-all: 0x00000000
	    0x0000:  0707 1002 42fa 0000 0000 0000 0000 0000
	    0x0010:  0000 0000
	  Sender Template Object (11) Flags: [reject if unknown], Class-Type: Tunnel IPv4 (7), length: 12
	    IPv4 Tunnel Sender Address: 198.18.1.1, LSP-ID: 0x0001
	    0x0000:  c612 0101 0000 0001
	  Sender TSpec Object (12) Flags: [reject if unknown], Class-Type: IntServ (2), length: 36
	    Msg-Version: 0, length: 28
	    Service Type: Default/Global Information (1), break bit not set, Service length: 24
	      Parameter ID: Token Bucket TSpec (127), length: 20, Flags: [0x00]
		Token Bucket Rate: 0.001000000047 Mbps
		Token Bucket Size: 125 bytes
		Peak Data Rate: 0.001000000047 Mbps
		Minimum Policed Unit: 20 bytes
		Maximum Packet Size: 65535 bytes
	    0x0000:  0000 0007 0100 0006 7f00 0005 42fa 0000
	    0x0010:  42fa 0000 42fa 0000 0000 0014 0000 ffff
	  Adspec Object (13) Flags: [reject if unknown], Class-Type: IntServ (2), length: 48
	    Msg-Version: 0, length: 40
	    Service Type: Default/Global Information (1), break bit not set, Service length: 32
	      Parameter ID: IS hop cnt (4), length: 4, Flags: [0x00]
		IS hop count: 2
	      Parameter ID: Path b/w estimate (6), length: 4, Flags: [0x00]
		Path b/w estimate: 0 Mbps
	      Parameter ID: Minimum path latency (8), length: 4, Flags: [0x00]
		Minimum path latency: don't care
	      Parameter ID: Composed MTU (10), length: 4, Flags: [0x00]
		Composed MTU: 1500 bytes
	    Service Type: Controlled Load (5), break bit not set, Service length: 0
	    0x0000:  0000 000a 0100 0008 0400 0001 0000 0002
	    0x0010:  0600 0001 0000 0000 0800 0001 ffff ffff
	    0x0020:  0a00 0001 0000 05dc 0500 0000
	  RRO Object (21) Flags: [reject if unknown], Class-Type: IPv4 (1), length: 20
	    Subobject Type: IPv4 prefix, length 8, Strict, 198.18.2.1/32, Flags: [none]
	    Subobject Type: IPv4 prefix, length 8, Strict, 198.18.1.1/32, Flags: [none]
	    0x0000:  0108 c612 0201 2000 0108 c612 0101 2000
2026-09-22 18:13:40.424388 ?     Out ifindex 9 0e:3e:18:d2:4e:e6 ethertype IPv4 (0x0800), length 168: (tos 0x0, ttl 64, id 32300, offset 0, flags [DF], proto RSVP (46), length 148)
    10.14.0.2 > 10.14.0.1: 
	RSVPv1 Resv Message (2), Flags: [none], length: 128, ttl: 64, checksum: 0xb867
	  Session Object (1) Flags: [reject if unknown], Class-Type: Tunnel IPv4 (7), length: 16
	    IPv4 Tunnel EndPoint: 198.18.3.1, Tunnel ID: 0x005d, Extended Tunnel ID: 198.18.1.1
	    0x0000:  c612 0301 0000 005d c612 0101
	  RSVP Hop Object (3) Flags: [reject if unknown], Class-Type: IPv4 (1), length: 12
	    Previous/Next Interface: 10.14.0.2, Logical Interface Handle: 0x00000000
	    0x0000:  0a0e 0002 0000 0000
	  Time Values Object (5) Flags: [reject if unknown], Class-Type: 1 (1), length: 8
	    Refresh Period: 1000ms
	    0x0000:  0000 03e8
	  Style Object (8) Flags: [reject if unknown], Class-Type: 1 (1), length: 8
	    Reservation Style: Shared Explicit, Flags: [0x00]
	    0x0000:  0000 0012
	  Flowspec Object (9) Flags: [reject if unknown], Class-Type: IntServ (2), length: 36
	    Msg-Version: 0, length: 28
	    Service Type: Controlled Load (5), break bit not set, Service length: 24
	      Parameter ID: Token Bucket TSpec (127), length: 20, Flags: [0x00]
		Token Bucket Rate: 0.001000000047 Mbps
		Token Bucket Size: 125 bytes
		Peak Data Rate: 0.001000000047 Mbps
		Minimum Policed Unit: 20 bytes
		Maximum Packet Size: 1500 bytes
	    0x0000:  0000 0007 0500 0006 7f00 0005 42fa 0000
	    0x0010:  42fa 0000 42fa 0000 0000 0014 0000 05dc
	  FilterSpec Object (10) Flags: [reject if unknown], Class-Type: Tunnel IPv4 (7), length: 12
	    Source Address: 198.18.1.1, LSP-ID: 0x0001
	    0x0000:  c612 0101 0000 0001
	  Label Object (16) Flags: [reject if unknown], Class-Type: Label (1), length: 8
	    Label: 1000
	    0x0000:  0000 03e8
	  RRO Object (21) Flags: [reject if unknown], Class-Type: IPv4 (1), length: 20
	    Subobject Type: IPv4 prefix, length 8, Strict, 198.18.3.1/32, Flags: [none]
	    Subobject Type: Label, length 8, Flags: [none] (0), Class-Type: Unknown (0), 1000
	    0x0000:  0108 c612 0301 2000 0308 0000 0000 03e8
2026-09-22 18:13:40.909240 ?     Out ifindex 9 0e:3e:18:d2:4e:e6 ethertype IPv4 (0x0800), length 168: (tos 0x0, ttl 64, id 32345, offset 0, flags [DF], proto RSVP (46), length 148)
    10.14.0.2 > 10.14.0.1: 
	RSVPv1 Resv Message (2), Flags: [none], length: 128, ttl: 64, checksum: 0xb867
	  Session Object (1) Flags: [reject if unknown], Class-Type: Tunnel IPv4 (7), length: 16
	    IPv4 Tunnel EndPoint: 198.18.3.1, Tunnel ID: 0x005d, Extended Tunnel ID: 198.18.1.1
	    0x0000:  c612 0301 0000 005d c612 0101
	  RSVP Hop Object (3) Flags: [reject if unknown], Class-Type: IPv4 (1), length: 12
	    Previous/Next Interface: 10.14.0.2, Logical Interface Handle: 0x00000000
	    0x0000:  0a0e 0002 0000 0000
	  Time Values Object (5) Flags: [reject if unknown], Class-Type: 1 (1), length: 8
	    Refresh Period: 1000ms
	    0x0000:  0000 03e8
	  Style Object (8) Flags: [reject if unknown], Class-Type: 1 (1), length: 8
	    Reservation Style: Shared Explicit, Flags: [0x00]
	    0x0000:  0000 0012
	  Flowspec Object (9) Flags: [reject if unknown], Class-Type: IntServ (2), length: 36
	    Msg-Version: 0, length: 28
	    Service Type: Controlled Load (5), break bit not set, Service length: 24
	      Parameter ID: Token Bucket TSpec (127), length: 20, Flags: [0x00]
		Token Bucket Rate: 0.001000000047 Mbps
		Token Bucket Size: 125 bytes
		Peak Data Rate: 0.001000000047 Mbps
		Minimum Policed Unit: 20 bytes
		Maximum Packet Size: 1500 bytes
	    0x0000:  0000 0007 0500 0006 7f00 0005 42fa 0000
	    0x0010:  42fa 0000 42fa 0000 0000 0014 0000 05dc
	  FilterSpec Object (10) Flags: [reject if unknown], Class-Type: Tunnel IPv4 (7), length: 12
	    Source Address: 198.18.1.1, LSP-ID: 0x0001
	    0x0000:  c612 0101 0000 0001
	  Label Object (16) Flags: [reject if unknown], Class-Type: Label (1), length: 8
	    Label: 1000
	    0x0000:  0000 03e8
	  RRO Object (21) Flags: [reject if unknown], Class-Type: IPv4 (1), length: 20
	    Subobject Type: IPv4 prefix, length 8, Strict, 198.18.3.1/32, Flags: [none]
	    Subobject Type: Label, length 8, Flags: [none] (0), Class-Type: Unknown (0), 1000
	    0x0000:  0108 c612 0301 2000 0308 0000 0000 03e8
2026-09-22 18:13:41.424107 ?     In  ifindex 9 32:15:5d:b8:e6:f6 ethertype IPv4 (0x0800), length 276: (tos 0x0, ttl 64, id 27902, offset 0, flags [none], proto RSVP (46), length 256, options (RA))
    198.18.1.1 > 198.18.3.1: 
	RSVPv1 Path Message (1), Flags: [none], length: 232, ttl: 64, checksum: 0xde4b
	  Session Object (1) Flags: [reject if unknown], Class-Type: Tunnel IPv4 (7), length: 16
	    IPv4 Tunnel EndPoint: 198.18.3.1, Tunnel ID: 0x005d, Extended Tunnel ID: 198.18.1.1
	    0x0000:  c612 0301 0000 005d c612 0101
	  RSVP Hop Object (3) Flags: [reject if unknown], Class-Type: IPv4 (1), length: 12
	    Previous/Next Interface: 10.14.0.1, Logical Interface Handle: 0x00000000
	    0x0000:  0a0e 0001 0000 0000
	  Time Values Object (5) Flags: [reject if unknown], Class-Type: 1 (1), length: 8
	    Refresh Period: 1000ms
	    0x0000:  0000 03e8
	  ERO Object (20) Flags: [reject if unknown], Class-Type: IPv4 (1), length: 20
	    Subobject Type: IPv4 prefix, length 8, Strict, 10.14.0.2/32, Flags: [none]
	    Subobject Type: IPv4 prefix, length 8, Loose, 198.18.3.1/32, Flags: [none]
	    0x0000:  0108 0a0e 0002 2000 8108 c612 0301 2000
	  Label Request Object (19) Flags: [reject if unknown], Class-Type: without label range (1), length: 8
	    L3 Protocol ID: IPv4
	    0x0000:  0000 0800
	  Session Attribute Object (207) Flags: [ignore and forward if unknown], Class-Type: Tunnel IPv4 (7), length: 20
	    Session Name: protected
	    Setup Priority: 7, Holding Priority: 7, Flags: [Local Protection, Label Recording, SE Style] (0x7)
	    0x0000:  0707 0709 7072 6f74 6563 7465 6400 0000
	  Fast Re-Route Object (205) Flags: [ignore and forward if unknown], Class-Type: 1 (1), length: 24
	    Setup Priority: 7, Holding Priority: 7, Hop-limit: 16, Bandwidth: 0.001000000047 Mbps
	    Include-any: 0x00000000, Exclude-any: 0x00000000, Include-all: 0x00000000
	    0x0000:  0707 1002 42fa 0000 0000 0000 0000 0000
	    0x0010:  0000 0000
	  Sender Template Object (11) Flags: [reject if unknown], Class-Type: Tunnel IPv4 (7), length: 12
	    IPv4 Tunnel Sender Address: 198.18.1.1, LSP-ID: 0x0001
	    0x0000:  c612 0101 0000 0001
	  Sender TSpec Object (12) Flags: [reject if unknown], Class-Type: IntServ (2), length: 36
	    Msg-Version: 0, length: 28
	    Service Type: Default/Global Information (1), break bit not set, Service length: 24
	      Parameter ID: Token Bucket TSpec (127), length: 20, Flags: [0x00]
		Token Bucket Rate: 0.001000000047 Mbps
		Token Bucket Size: 125 bytes
		Peak Data Rate: 0.001000000047 Mbps
		Minimum Policed Unit: 20 bytes
		Maximum Packet Size: 65535 bytes
	    0x0000:  0000 0007 0100 0006 7f00 0005 42fa 0000
	    0x0010:  42fa 0000 42fa 0000 0000 0014 0000 ffff
	  Adspec Object (13) Flags: [reject if unknown], Class-Type: IntServ (2), length: 48
	    Msg-Version: 0, length: 40
	    Service Type: Default/Global Information (1), break bit not set, Service length: 32
	      Parameter ID: IS hop cnt (4), length: 4, Flags: [0x00]
		IS hop count: 2
	      Parameter ID: Path b/w estimate (6), length: 4, Flags: [0x00]
		Path b/w estimate: 0 Mbps
	      Parameter ID: Minimum path latency (8), length: 4, Flags: [0x00]
		Minimum path latency: don't care
	      Parameter ID: Composed MTU (10), length: 4, Flags: [0x00]
		Composed MTU: 1500 bytes
	    Service Type: Controlled Load (5), break bit not set, Service length: 0
	    0x0000:  0000 000a 0100 0008 0400 0001 0000 0002
	    0x0010:  0600 0001 0000 0000 0800 0001 ffff ffff
	    0x0020:  0a00 0001 0000 05dc 0500 0000
	  RRO Object (21) Flags: [reject if unknown], Class-Type: IPv4 (1), length: 20
	    Subobject Type: IPv4 prefix, length 8, Strict, 198.18.2.1/32, Flags: [none]
	    Subobject Type: IPv4 prefix, length 8, Strict, 198.18.1.1/32, Flags: [none]
	    0x0000:  0108 c612 0201 2000 0108 c612 0101 2000
2026-09-22 18:13:41.424994 ?     Out ifindex 9 0e:3e:18:d2:4e:e6 ethertype IPv4 (0x0800), length 168: (tos 0x0, ttl 64, id 32627, offset 0, flags [DF], proto RSVP (46), length 148)
    10.14.0.2 > 10.14.0.1: 
	RSVPv1 Resv Message (2), Flags: [none], length: 128, ttl: 64, checksum: 0xb867
	  Session Object (1) Flags: [reject if unknown], Class-Type: Tunnel IPv4 (7), length: 16
	    IPv4 Tunnel EndPoint: 198.18.3.1, Tunnel ID: 0x005d, Extended Tunnel ID: 198.18.1.1
	    0x0000:  c612 0301 0000 005d c612 0101
	  RSVP Hop Object (3) Flags: [reject if unknown], Class-Type: IPv4 (1), length: 12
	    Previous/Next Interface: 10.14.0.2, Logical Interface Handle: 0x00000000
	    0x0000:  0a0e 0002 0000 0000
	  Time Values Object (5) Flags: [reject if unknown], Class-Type: 1 (1), length: 8
	    Refresh Period: 1000ms
	    0x0000:  0000 03e8
	  Style Object (8) Flags: [reject if unknown], Class-Type: 1 (1), length: 8
	    Reservation Style: Shared Explicit, Flags: [0x00]
	    0x0000:  0000 0012
	  Flowspec Object (9) Flags: [reject if unknown], Class-Type: IntServ (2), length: 36
	    Msg-Version: 0, length: 28
	    Service Type: Controlled Load (5), break bit not set, Service length: 24
	      Parameter ID: Token Bucket TSpec (127), length: 20, Flags: [0x00]
		Token Bucket Rate: 0.001000000047 Mbps
		Token Bucket Size: 125 bytes
		Peak Data Rate: 0.001000000047 Mbps
		Minimum Policed Unit: 20 bytes
		Maximum Packet Size: 1500 bytes
	    0x0000:  0000 0007 0500 0006 7f00 0005 42fa 0000
	    0x0010:  42fa 0000 42fa 0000 0000 0014 0000 05dc
	  FilterSpec Object (10) Flags: [reject if unknown], Class-Type: Tunnel IPv4 (7), length: 12
	    Source Address: 198.18.1.1, LSP-ID: 0x0001
	    0x0000:  c612 0101 0000 0001
	  Label Object (16) Flags: [reject if unknown], Class-Type: Label (1), length: 8
	    Label: 1000
	    0x0000:  0000 03e8
	  RRO Object (21) Flags: [reject if unknown], Class-Type: IPv4 (1), length: 20
	    Subobject Type: IPv4 prefix, length 8, Strict, 198.18.3.1/32, Flags: [none]
	    Subobject Type: Label, length 8, Flags: [none] (0), Class-Type: Unknown (0), 1000
	    0x0000:  0108 c612 0301 2000 0308 0000 0000 03e8
2026-09-22 18:13:41.909052 ?     Out ifindex 9 0e:3e:18:d2:4e:e6 ethertype IPv4 (0x0800), length 168: (tos 0x0, ttl 64, id 32653, offset 0, flags [DF], proto RSVP (46), length 148)
    10.14.0.2 > 10.14.0.1: 
	RSVPv1 Resv Message (2), Flags: [none], length: 128, ttl: 64, checksum: 0xb867
	  Session Object (1) Flags: [reject if unknown], Class-Type: Tunnel IPv4 (7), length: 16
	    IPv4 Tunnel EndPoint: 198.18.3.1, Tunnel ID: 0x005d, Extended Tunnel ID: 198.18.1.1
	    0x0000:  c612 0301 0000 005d c612 0101
	  RSVP Hop Object (3) Flags: [reject if unknown], Class-Type: IPv4 (1), length: 12
	    Previous/Next Interface: 10.14.0.2, Logical Interface Handle: 0x00000000
	    0x0000:  0a0e 0002 0000 0000
	  Time Values Object (5) Flags: [reject if unknown], Class-Type: 1 (1), length: 8
	    Refresh Period: 1000ms
	    0x0000:  0000 03e8
	  Style Object (8) Flags: [reject if unknown], Class-Type: 1 (1), length: 8
	    Reservation Style: Shared Explicit, Flags: [0x00]
	    0x0000:  0000 0012
	  Flowspec Object (9) Flags: [reject if unknown], Class-Type: IntServ (2), length: 36
	    Msg-Version: 0, length: 28
	    Service Type: Controlled Load (5), break bit not set, Service length: 24
	      Parameter ID: Token Bucket TSpec (127), length: 20, Flags: [0x00]
		Token Bucket Rate: 0.001000000047 Mbps
		Token Bucket Size: 125 bytes
		Peak Data Rate: 0.001000000047 Mbps
		Minimum Policed Unit: 20 bytes
		Maximum Packet Size: 1500 bytes
	    0x0000:  0000 0007 0500 0006 7f00 0005 42fa 0000
	    0x0010:  42fa 0000 42fa 0000 0000 0014 0000 05dc
	  FilterSpec Object (10) Flags: [reject if unknown], Class-Type: Tunnel IPv4 (7), length: 12
	    Source Address: 198.18.1.1, LSP-ID: 0x0001
	    0x0000:  c612 0101 0000 0001
	  Label Object (16) Flags: [reject if unknown], Class-Type: Label (1), length: 8
	    Label: 1000
	    0x0000:  0000 03e8
	  RRO Object (21) Flags: [reject if unknown], Class-Type: IPv4 (1), length: 20
	    Subobject Type: IPv4 prefix, length 8, Strict, 198.18.3.1/32, Flags: [none]
	    Subobject Type: Label, length 8, Flags: [none] (0), Class-Type: Unknown (0), 1000
	    0x0000:  0108 c612 0301 2000 0308 0000 0000 03e8
2026-09-22 18:13:42.423721 ?     In  ifindex 9 32:15:5d:b8:e6:f6 ethertype IPv4 (0x0800), length 276: (tos 0x0, ttl 64, id 28517, offset 0, flags [none], proto RSVP (46), length 256, options (RA))
    198.18.1.1 > 198.18.3.1: 
	RSVPv1 Path Message (1), Flags: [none], length: 232, ttl: 64, checksum: 0xde4b
	  Session Object (1) Flags: [reject if unknown], Class-Type: Tunnel IPv4 (7), length: 16
	    IPv4 Tunnel EndPoint: 198.18.3.1, Tunnel ID: 0x005d, Extended Tunnel ID: 198.18.1.1
	    0x0000:  c612 0301 0000 005d c612 0101
	  RSVP Hop Object (3) Flags: [reject if unknown], Class-Type: IPv4 (1), length: 12
	    Previous/Next Interface: 10.14.0.1, Logical Interface Handle: 0x00000000
	    0x0000:  0a0e 0001 0000 0000
	  Time Values Object (5) Flags: [reject if unknown], Class-Type: 1 (1), length: 8
	    Refresh Period: 1000ms
	    0x0000:  0000 03e8
	  ERO Object (20) Flags: [reject if unknown], Class-Type: IPv4 (1), length: 20
	    Subobject Type: IPv4 prefix, length 8, Strict, 10.14.0.2/32, Flags: [none]
	    Subobject Type: IPv4 prefix, length 8, Loose, 198.18.3.1/32, Flags: [none]
	    0x0000:  0108 0a0e 0002 2000 8108 c612 0301 2000
	  Label Request Object (19) Flags: [reject if unknown], Class-Type: without label range (1), length: 8
	    L3 Protocol ID: IPv4
	    0x0000:  0000 0800
	  Session Attribute Object (207) Flags: [ignore and forward if unknown], Class-Type: Tunnel IPv4 (7), length: 20
	    Session Name: protected
	    Setup Priority: 7, Holding Priority: 7, Flags: [Local Protection, Label Recording, SE Style] (0x7)
	    0x0000:  0707 0709 7072 6f74 6563 7465 6400 0000
	  Fast Re-Route Object (205) Flags: [ignore and forward if unknown], Class-Type: 1 (1), length: 24
	    Setup Priority: 7, Holding Priority: 7, Hop-limit: 16, Bandwidth: 0.001000000047 Mbps
	    Include-any: 0x00000000, Exclude-any: 0x00000000, Include-all: 0x00000000
	    0x0000:  0707 1002 42fa 0000 0000 0000 0000 0000
	    0x0010:  0000 0000
	  Sender Template Object (11) Flags: [reject if unknown], Class-Type: Tunnel IPv4 (7), length: 12
	    IPv4 Tunnel Sender Address: 198.18.1.1, LSP-ID: 0x0001
	    0x0000:  c612 0101 0000 0001
	  Sender TSpec Object (12) Flags: [reject if unknown], Class-Type: IntServ (2), length: 36
	    Msg-Version: 0, length: 28
	    Service Type: Default/Global Information (1), break bit not set, Service length: 24
	      Parameter ID: Token Bucket TSpec (127), length: 20, Flags: [0x00]
		Token Bucket Rate: 0.001000000047 Mbps
		Token Bucket Size: 125 bytes
		Peak Data Rate: 0.001000000047 Mbps
		Minimum Policed Unit: 20 bytes
		Maximum Packet Size: 65535 bytes
	    0x0000:  0000 0007 0100 0006 7f00 0005 42fa 0000
	    0x0010:  42fa 0000 42fa 0000 0000 0014 0000 ffff
	  Adspec Object (13) Flags: [reject if unknown], Class-Type: IntServ (2), length: 48
	    Msg-Version: 0, length: 40
	    Service Type: Default/Global Information (1), break bit not set, Service length: 32
	      Parameter ID: IS hop cnt (4), length: 4, Flags: [0x00]
		IS hop count: 2
	      Parameter ID: Path b/w estimate (6), length: 4, Flags: [0x00]
		Path b/w estimate: 0 Mbps
	      Parameter ID: Minimum path latency (8), length: 4, Flags: [0x00]
		Minimum path latency: don't care
	      Parameter ID: Composed MTU (10), length: 4, Flags: [0x00]
		Composed MTU: 1500 bytes
	    Service Type: Controlled Load (5), break bit not set, Service length: 0
	    0x0000:  0000 000a 0100 0008 0400 0001 0000 0002
	    0x0010:  0600 0001 0000 0000 0800 0001 ffff ffff
	    0x0020:  0a00 0001 0000 05dc 0500 0000
	  RRO Object (21) Flags: [reject if unknown], Class-Type: IPv4 (1), length: 20
	    Subobject Type: IPv4 prefix, length 8, Strict, 198.18.2.1/32, Flags: [none]
	    Subobject Type: IPv4 prefix, length 8, Strict, 198.18.1.1/32, Flags: [none]
	    0x0000:  0108 c612 0201 2000 0108 c612 0101 2000
2026-09-22 18:13:42.424824 ?     Out ifindex 9 0e:3e:18:d2:4e:e6 ethertype IPv4 (0x0800), length 168: (tos 0x0, ttl 64, id 33056, offset 0, flags [DF], proto RSVP (46), length 148)
    10.14.0.2 > 10.14.0.1: 
	RSVPv1 Resv Message (2), Flags: [none], length: 128, ttl: 64, checksum: 0xb867
	  Session Object (1) Flags: [reject if unknown], Class-Type: Tunnel IPv4 (7), length: 16
	    IPv4 Tunnel EndPoint: 198.18.3.1, Tunnel ID: 0x005d, Extended Tunnel ID: 198.18.1.1
	    0x0000:  c612 0301 0000 005d c612 0101
	  RSVP Hop Object (3) Flags: [reject if unknown], Class-Type: IPv4 (1), length: 12
	    Previous/Next Interface: 10.14.0.2, Logical Interface Handle: 0x00000000
	    0x0000:  0a0e 0002 0000 0000
	  Time Values Object (5) Flags: [reject if unknown], Class-Type: 1 (1), length: 8
	    Refresh Period: 1000ms
	    0x0000:  0000 03e8
	  Style Object (8) Flags: [reject if unknown], Class-Type: 1 (1), length: 8
	    Reservation Style: Shared Explicit, Flags: [0x00]
	    0x0000:  0000 0012
	  Flowspec Object (9) Flags: [reject if unknown], Class-Type: IntServ (2), length: 36
	    Msg-Version: 0, length: 28
	    Service Type: Controlled Load (5), break bit not set, Service length: 24
	      Parameter ID: Token Bucket TSpec (127), length: 20, Flags: [0x00]
		Token Bucket Rate: 0.001000000047 Mbps
		Token Bucket Size: 125 bytes
		Peak Data Rate: 0.001000000047 Mbps
		Minimum Policed Unit: 20 bytes
		Maximum Packet Size: 1500 bytes
	    0x0000:  0000 0007 0500 0006 7f00 0005 42fa 0000
	    0x0010:  42fa 0000 42fa 0000 0000 0014 0000 05dc
	  FilterSpec Object (10) Flags: [reject if unknown], Class-Type: Tunnel IPv4 (7), length: 12
	    Source Address: 198.18.1.1, LSP-ID: 0x0001
	    0x0000:  c612 0101 0000 0001
	  Label Object (16) Flags: [reject if unknown], Class-Type: Label (1), length: 8
	    Label: 1000
	    0x0000:  0000 03e8
	  RRO Object (21) Flags: [reject if unknown], Class-Type: IPv4 (1), length: 20
	    Subobject Type: IPv4 prefix, length 8, Strict, 198.18.3.1/32, Flags: [none]
	    Subobject Type: Label, length 8, Flags: [none] (0), Class-Type: Unknown (0), 1000
	    0x0000:  0108 c612 0301 2000 0308 0000 0000 03e8
2026-09-22 18:13:42.428853 ?     In  ifindex 9 32:15:5d:b8:e6:f6 ethertype IPv4 (0x0800), length 144: (tos 0x0, ttl 64, id 35712, offset 0, flags [DF], proto RSVP (46), length 124)
    10.14.0.1 > 10.14.0.2: 
	RSVPv1 ResvErr Message (4), Flags: [none], length: 104, ttl: 64, checksum: 0x0d5e
	  Session Object (1) Flags: [reject if unknown], Class-Type: Tunnel IPv4 (7), length: 16
	    IPv4 Tunnel EndPoint: 198.18.3.1, Tunnel ID: 0x005d, Extended Tunnel ID: 198.18.1.1
	    0x0000:  c612 0301 0000 005d c612 0101
	  RSVP Hop Object (3) Flags: [reject if unknown], Class-Type: IPv4 (1), length: 12
	    Previous/Next Interface: 10.14.0.1, Logical Interface Handle: 0x00000000
	    0x0000:  0a0e 0001 0000 0000
	  Error Spec Object (6) Flags: [reject if unknown], Class-Type: IPv4 (1), length: 12
	    Error Node Address: 198.18.2.1, Flags: [0x00]
	    Error Code: unknown (3), Unknown Error Value (0)
	    0x0000:  c612 0201 0003 0000
	  Style Object (8) Flags: [reject if unknown], Class-Type: 1 (1), length: 8
	    Reservation Style: Shared Explicit, Flags: [0x00]
	    0x0000:  0000 0012
	  Flowspec Object (9) Flags: [reject if unknown], Class-Type: IntServ (2), length: 36
	    Msg-Version: 0, length: 28
	    Service Type: Controlled Load (5), break bit not set, Service length: 24
	      Parameter ID: Token Bucket TSpec (127), length: 20, Flags: [0x00]
		Token Bucket Rate: 0.001000000047 Mbps
		Token Bucket Size: 125 bytes
		Peak Data Rate: 0.001000000047 Mbps
		Minimum Policed Unit: 20 bytes
		Maximum Packet Size: 1500 bytes
	    0x0000:  0000 0007 0500 0006 7f00 0005 42fa 0000
	    0x0010:  42fa 0000 42fa 0000 0000 0014 0000 05dc
	  FilterSpec Object (10) Flags: [reject if unknown], Class-Type: Tunnel IPv4 (7), length: 12
	    Source Address: 198.18.1.1, LSP-ID: 0x0001
	    0x0000:  c612 0101 0000 0001
