2026/09/22 02:55:19 WARN YANG command node missing ze:help summary path=request
2026/09/22 02:55:19 WARN YANG command node missing ze:help summary path="show policy"
building runtime kernel via Go...
>>> building runtime kernel: version=7.2 arch=amd64 profile=runtime builder=qemu
>>> booting Alpine VM (x86_64, 9216MB RAM, ssh port 46767)...
  bootstrapping VM, attempt 1...
  waiting for SSH...
  VM ready, installing build dependencies...
  linux-7.2.tar.xz cached on host
  building kernel (version=7.2, arch=amd64, profile=runtime)...
fetch https://dl-cdn.alpinelinux.org/alpine/v3.21/main/x86_64/APKINDEX.tar.gz
fetch https://dl-cdn.alpinelinux.org/alpine/v3.21/community/x86_64/APKINDEX.tar.gz
v3.21.8 [https://dl-cdn.alpinelinux.org/alpine/v3.21/main]
v3.21.7-256-g56dd60806f0 [https://dl-cdn.alpinelinux.org/alpine/v3.21/community]
OK: 25422 distinct packages available
fetch https://dl-cdn.alpinelinux.org/alpine/v3.21/main/x86_64/APKINDEX.tar.gz
fetch https://dl-cdn.alpinelinux.org/alpine/v3.21/community/x86_64/APKINDEX.tar.gz
(1/58) Upgrading musl (1.2.5-r9 -> 1.2.5-r11)
(2/58) Upgrading libcrypto3 (3.3.3-r0 -> 3.3.7-r1)
(3/58) Upgrading libssl3 (3.3.3-r0 -> 3.3.7-r1)
(4/58) Upgrading zlib (1.3.1-r2 -> 1.3.2-r0)
(5/58) Installing readline (8.2.13-r0)
(6/58) Installing bc (1.07.1-r5)
(7/58) Installing m4 (1.4.19-r3)
(8/58) Installing bison (3.8.2-r1)
(9/58) Installing libgcc (14.2.0-r4)
(10/58) Installing jansson (2.14-r4)
(11/58) Installing libstdc++ (14.2.0-r4)
(12/58) Installing zstd-libs (1.5.6-r2)
(13/58) Installing binutils (2.43.1-r3)
(14/58) Installing libmagic (5.46-r2)
(15/58) Installing file (5.46-r2)
(16/58) Installing libgomp (14.2.0-r4)
(17/58) Installing libatomic (14.2.0-r4)
(18/58) Installing gmp (6.3.0-r2)
(19/58) Installing isl26 (0.26-r1)
(20/58) Installing mpfr4 (4.2.1-r0)
(21/58) Installing mpc1 (1.3.1-r1)
(22/58) Installing gcc (14.2.0-r4)
(23/58) Installing libstdc++-dev (14.2.0-r4)
(24/58) Installing musl-dev (1.2.5-r11)
(25/58) Installing g++ (14.2.0-r4)
(26/58) Installing make (4.4.1-r2)
(27/58) Installing fortify-headers (1.1-r5)
(28/58) Installing patch (2.7.6-r10)
(29/58) Installing build-base (0.5-r3)
(30/58) Installing hiredis (1.2.0-r0)
(31/58) Installing libxxhash (0.8.2-r2)
(32/58) Installing ccache (4.10.2-r0)
(33/58) Installing cpio (2.15-r0)
(34/58) Installing diffutils (3.10-r0)
(35/58) Installing libelf (0.191-r0)
(36/58) Installing libbz2 (1.0.8-r6)
(37/58) Installing musl-fts (1.2.7-r6)
(38/58) Installing xz-libs (5.8.4-r0)
(39/58) Installing libdw (0.191-r0)
(40/58) Installing libasm (0.191-r0)
(41/58) Installing xz (5.8.4-r0)
(42/58) Installing pkgconf (2.3.0-r0)
(43/58) Installing xz-dev (5.8.4-r0)
(44/58) Installing zstd (1.5.6-r2)
(45/58) Installing zstd-dev (1.5.6-r2)
(46/58) Installing zlib-dev (1.3.2-r0)
(47/58) Installing elfutils-dev (0.191-r0)
(48/58) Installing findutils (4.10.0-r0)
(49/58) Installing flex (2.6.4-r6)
(50/58) Installing kmod (33-r2)
(51/58) Installing linux-headers (6.6-r1)
(52/58) Upgrading openssl (3.3.3-r0 -> 3.3.7-r1)
(53/58) Installing openssl-dev (3.3.7-r1)
(54/58) Installing perl (5.40.4-r0)
(55/58) Installing libunistring (1.2-r0)
(56/58) Installing libidn2 (2.3.7-r0)
(57/58) Installing pcre2 (10.43-r0)
(58/58) Installing wget (1.25.0-r0)
Executing busybox-1.37.0-r12.trigger
OK: 307 MiB in 89 packages
>>> using pre-downloaded linux-7.2.tar.xz
>>> extracting to /tmp/kbuild/linux-7.2-yes
>>> applying patches from /workspace/gokrazy/kernel/patches
patching file drivers/hwmon/nct6683.c
Hunk #1 succeeded at 1205 (offset 3 lines).
Hunk #2 succeeded at 1223 (offset 3 lines).
Hunk #3 succeeded at 1255 with fuzz 1 (offset 23 lines).
Hunk #4 succeeded at 1380 (offset 25 lines).
patching file net/mpls/af_mpls.c
Hunk #10 succeeded at 2254 (offset 1 line).
Hunk #11 succeeded at 2493 (offset 1 line).
Hunk #12 succeeded at 2748 (offset 1 line).
patching file net/mpls/internal.h
patching file net/mpls/Kconfig
patching file include/net/ip.h
patching file include/net/ip6_route.h
patching file net/ipv6/ip6_output.c
patching file net/ipv4/ip_options.c
patching file net/ipv4/ip_output.c
>>> configuring (defconfig + resolved runtime profile) for amd64
  HOSTCC  scripts/basic/fixdep
  HOSTCC  scripts/kconfig/conf.o
  HOSTCC  scripts/kconfig/confdata.o
  HOSTCC  scripts/kconfig/expr.o
  LEX     scripts/kconfig/lexer.lex.c
  YACC    scripts/kconfig/parser.tab.[ch]
  HOSTCC  scripts/kconfig/lexer.lex.o
  HOSTCC  scripts/kconfig/menu.o
  HOSTCC  scripts/kconfig/parser.tab.o
  HOSTCC  scripts/kconfig/preprocess.o
  HOSTCC  scripts/kconfig/symbol.o
  HOSTCC  scripts/kconfig/util.o
  HOSTLD  scripts/kconfig/conf
*** Default configuration is based on 'x86_64_defconfig'
#
# configuration written to .config
#
Using .config as base
Merging /workspace/gokrazy/kernel/kernel.config
Value of CONFIG_WERROR is redefined by fragment /workspace/gokrazy/kernel/kernel.config:
Previous value: CONFIG_WERROR=y
New value: CONFIG_WERROR=n

Value of CONFIG_KERNEL_ZSTD is redefined by fragment /workspace/gokrazy/kernel/kernel.config:
Previous value: # CONFIG_KERNEL_ZSTD is not set
New value: CONFIG_KERNEL_ZSTD=y

Value of CONFIG_IKCONFIG is redefined by fragment /workspace/gokrazy/kernel/kernel.config:
Previous value: # CONFIG_IKCONFIG is not set
New value: CONFIG_IKCONFIG=y

Value of CONFIG_KEXEC_FILE is redefined by fragment /workspace/gokrazy/kernel/kernel.config:
Previous value: # CONFIG_KEXEC_FILE is not set
New value: CONFIG_KEXEC_FILE=y

Value of CONFIG_NF_CONNTRACK_FTP is redefined by fragment /workspace/gokrazy/kernel/kernel.config:
Previous value: CONFIG_NF_CONNTRACK_FTP=y
New value: CONFIG_NF_CONNTRACK_FTP=n

Value of CONFIG_NF_CONNTRACK_IRC is redefined by fragment /workspace/gokrazy/kernel/kernel.config:
Previous value: CONFIG_NF_CONNTRACK_IRC=y
New value: CONFIG_NF_CONNTRACK_IRC=n

Value of CONFIG_NF_CONNTRACK_NETBIOS_NS is redefined by fragment /workspace/gokrazy/kernel/kernel.config:
Previous value: # CONFIG_NF_CONNTRACK_NETBIOS_NS is not set
New value: CONFIG_NF_CONNTRACK_NETBIOS_NS=n

Value of CONFIG_NF_CONNTRACK_SIP is redefined by fragment /workspace/gokrazy/kernel/kernel.config:
Previous value: CONFIG_NF_CONNTRACK_SIP=y
New value: CONFIG_NF_CONNTRACK_SIP=n

Value of CONFIG_NF_TABLES is redefined by fragment /workspace/gokrazy/kernel/kernel.config:
Previous value: # CONFIG_NF_TABLES is not set
New value: CONFIG_NF_TABLES=y

Value of CONFIG_DRM_FBDEV_EMULATION is redefined by fragment /workspace/gokrazy/kernel/kernel.config:
Previous value: # CONFIG_DRM_FBDEV_EMULATION is not set
New value: CONFIG_DRM_FBDEV_EMULATION=y

Value of CONFIG_FUSE_FS is redefined by fragment /workspace/gokrazy/kernel/kernel.config:
Previous value: # CONFIG_FUSE_FS is not set
New value: CONFIG_FUSE_FS=y

Value of CONFIG_SQUASHFS is redefined by fragment /workspace/gokrazy/kernel/kernel.config:
Previous value: # CONFIG_SQUASHFS is not set
New value: CONFIG_SQUASHFS=y

Value of CONFIG_SECURITY_LANDLOCK is redefined by fragment /workspace/gokrazy/kernel/kernel.config:
Previous value: # CONFIG_SECURITY_LANDLOCK is not set
New value: CONFIG_SECURITY_LANDLOCK=y

Value of CONFIG_DYNAMIC_DEBUG is redefined by fragment /workspace/gokrazy/kernel/kernel.config:
Previous value: # CONFIG_DYNAMIC_DEBUG is not set
New value: CONFIG_DYNAMIC_DEBUG=y

Merging /workspace/gokrazy/kernel/runtime.config
Value of CONFIG_BPF_SYSCALL is redefined by fragment /workspace/gokrazy/kernel/runtime.config:
Previous value: # CONFIG_BPF_SYSCALL is not set
New value: CONFIG_BPF_SYSCALL=y

Value of CONFIG_BPF_JIT is redefined by fragment /workspace/gokrazy/kernel/runtime.config:
Previous value: # CONFIG_BPF_JIT is not set
New value: CONFIG_BPF_JIT=y

Value of CONFIG_IRQ_TIME_ACCOUNTING is redefined by fragment /workspace/gokrazy/kernel/runtime.config:
Previous value: # CONFIG_IRQ_TIME_ACCOUNTING is not set
New value: CONFIG_IRQ_TIME_ACCOUNTING=y

Value of CONFIG_X86_AMD_PLATFORM_DEVICE is redefined by fragment /workspace/gokrazy/kernel/runtime.config:
Previous value: # CONFIG_X86_AMD_PLATFORM_DEVICE is not set
New value: CONFIG_X86_AMD_PLATFORM_DEVICE=y

Value of CONFIG_CPU_FREQ_DEFAULT_GOV_POWERSAVE is redefined by fragment /workspace/gokrazy/kernel/runtime.config:
Previous value: # CONFIG_CPU_FREQ_DEFAULT_GOV_POWERSAVE is not set
New value: CONFIG_CPU_FREQ_DEFAULT_GOV_POWERSAVE=y

Value of CONFIG_CPU_FREQ_GOV_POWERSAVE is redefined by fragment /workspace/gokrazy/kernel/runtime.config:
Previous value: # CONFIG_CPU_FREQ_GOV_POWERSAVE is not set
New value: CONFIG_CPU_FREQ_GOV_POWERSAVE=y

Value of CONFIG_X86_POWERNOW_K8 is redefined by fragment /workspace/gokrazy/kernel/runtime.config:
Previous value: # CONFIG_X86_POWERNOW_K8 is not set
New value: CONFIG_X86_POWERNOW_K8=y

Value of CONFIG_X86_AMD_FREQ_SENSITIVITY is redefined by fragment /workspace/gokrazy/kernel/runtime.config:
Previous value: # CONFIG_X86_AMD_FREQ_SENSITIVITY is not set
New value: CONFIG_X86_AMD_FREQ_SENSITIVITY=y

Value of CONFIG_KVM is redefined by fragment /workspace/gokrazy/kernel/runtime.config:
Previous value: # CONFIG_KVM is not set
New value: CONFIG_KVM=y

Value of CONFIG_XFRM_INTERFACE is redefined by fragment /workspace/gokrazy/kernel/runtime.config:
Previous value: # CONFIG_XFRM_INTERFACE is not set
New value: CONFIG_XFRM_INTERFACE=y

Value of CONFIG_XFRM_MIGRATE is redefined by fragment /workspace/gokrazy/kernel/runtime.config:
Previous value: # CONFIG_XFRM_MIGRATE is not set
New value: CONFIG_XFRM_MIGRATE=y

Value of CONFIG_XFRM_STATISTICS is redefined by fragment /workspace/gokrazy/kernel/runtime.config:
Previous value: # CONFIG_XFRM_STATISTICS is not set
New value: CONFIG_XFRM_STATISTICS=y

Value of CONFIG_NET_IPIP is redefined by fragment /workspace/gokrazy/kernel/runtime.config:
Previous value: # CONFIG_NET_IPIP is not set
New value: CONFIG_NET_IPIP=y

Value of CONFIG_NET_IPGRE_DEMUX is redefined by fragment /workspace/gokrazy/kernel/runtime.config:
Previous value: # CONFIG_NET_IPGRE_DEMUX is not set
New value: CONFIG_NET_IPGRE_DEMUX=y

Value of CONFIG_INET_AH is redefined by fragment /workspace/gokrazy/kernel/runtime.config:
Previous value: # CONFIG_INET_AH is not set
New value: CONFIG_INET_AH=y

Value of CONFIG_INET_ESP is redefined by fragment /workspace/gokrazy/kernel/runtime.config:
Previous value: # CONFIG_INET_ESP is not set
New value: CONFIG_INET_ESP=y

Value of CONFIG_INET_DIAG is redefined by fragment /workspace/gokrazy/kernel/runtime.config:
Previous value: # CONFIG_INET_DIAG is not set
New value: CONFIG_INET_DIAG=y

Value of CONFIG_TCP_CONG_BBR is redefined by fragment /workspace/gokrazy/kernel/runtime.config:
Previous value: # CONFIG_TCP_CONG_BBR is not set
New value: CONFIG_TCP_CONG_BBR=y

Value of CONFIG_DEFAULT_TCP_CONG is redefined by fragment /workspace/gokrazy/kernel/runtime.config:
Previous value: CONFIG_DEFAULT_TCP_CONG="cubic"
New value: CONFIG_DEFAULT_TCP_CONG="bbr"

Value of CONFIG_IPV6_SIT is redefined by fragment /workspace/gokrazy/kernel/runtime.config:
Previous value: CONFIG_IPV6_SIT=m
New value: CONFIG_IPV6_SIT=y

Value of CONFIG_IPV6_TUNNEL is redefined by fragment /workspace/gokrazy/kernel/runtime.config:
Previous value: # CONFIG_IPV6_TUNNEL is not set
New value: CONFIG_IPV6_TUNNEL=y

Value of CONFIG_IPV6_MULTIPLE_TABLES is redefined by fragment /workspace/gokrazy/kernel/runtime.config:
Previous value: # CONFIG_IPV6_MULTIPLE_TABLES is not set
New value: CONFIG_IPV6_MULTIPLE_TABLES=y

Value of CONFIG_NETFILTER_ADVANCED is redefined by fragment /workspace/gokrazy/kernel/runtime.config:
Previous value: # CONFIG_NETFILTER_ADVANCED is not set
New value: CONFIG_NETFILTER_ADVANCED=y

Value of CONFIG_NETFILTER_XT_MARK is redefined by fragment /workspace/gokrazy/kernel/runtime.config:
Previous value: CONFIG_NETFILTER_XT_MARK=m
New value: CONFIG_NETFILTER_XT_MARK=y

Value of CONFIG_NETFILTER_XT_NAT is redefined by fragment /workspace/gokrazy/kernel/runtime.config:
Previous value: # CONFIG_NETFILTER_XT_NAT is not set
New value: CONFIG_NETFILTER_XT_NAT=y

Value of CONFIG_NETFILTER_XT_TARGET_MASQUERADE is redefined by fragment /workspace/gokrazy/kernel/runtime.config:
Previous value: CONFIG_NETFILTER_XT_TARGET_MASQUERADE=m
New value: CONFIG_NETFILTER_XT_TARGET_MASQUERADE=y

Value of CONFIG_L2TP is redefined by fragment /workspace/gokrazy/kernel/runtime.config:
Previous value: # CONFIG_L2TP is not set
New value: CONFIG_L2TP=y

Value of CONFIG_BRIDGE is redefined by fragment /workspace/gokrazy/kernel/runtime.config:
Previous value: # CONFIG_BRIDGE is not set
New value: CONFIG_BRIDGE=y

Value of CONFIG_VLAN_8021Q is redefined by fragment /workspace/gokrazy/kernel/runtime.config:
Previous value: # CONFIG_VLAN_8021Q is not set
New value: CONFIG_VLAN_8021Q=y

Value of CONFIG_NET_SCH_HTB is redefined by fragment /workspace/gokrazy/kernel/runtime.config:
Previous value: # CONFIG_NET_SCH_HTB is not set
New value: CONFIG_NET_SCH_HTB=y

Value of CONFIG_NET_SCH_HFSC is redefined by fragment /workspace/gokrazy/kernel/runtime.config:
Previous value: # CONFIG_NET_SCH_HFSC is not set
New value: CONFIG_NET_SCH_HFSC=y

Value of CONFIG_NET_SCH_PRIO is redefined by fragment /workspace/gokrazy/kernel/runtime.config:
Previous value: # CONFIG_NET_SCH_PRIO is not set
New value: CONFIG_NET_SCH_PRIO=y

Value of CONFIG_NET_SCH_SFQ is redefined by fragment /workspace/gokrazy/kernel/runtime.config:
Previous value: # CONFIG_NET_SCH_SFQ is not set
New value: CONFIG_NET_SCH_SFQ=y

Value of CONFIG_NET_SCH_TBF is redefined by fragment /workspace/gokrazy/kernel/runtime.config:
Previous value: # CONFIG_NET_SCH_TBF is not set
New value: CONFIG_NET_SCH_TBF=y

Value of CONFIG_NET_SCH_NETEM is redefined by fragment /workspace/gokrazy/kernel/runtime.config:
Previous value: # CONFIG_NET_SCH_NETEM is not set
New value: CONFIG_NET_SCH_NETEM=y

Value of CONFIG_NET_SCH_FQ_CODEL is redefined by fragment /workspace/gokrazy/kernel/runtime.config:
Previous value: # CONFIG_NET_SCH_FQ_CODEL is not set
New value: CONFIG_NET_SCH_FQ_CODEL=y

Value of CONFIG_NET_SCH_FQ is redefined by fragment /workspace/gokrazy/kernel/runtime.config:
Previous value: # CONFIG_NET_SCH_FQ is not set
New value: CONFIG_NET_SCH_FQ=y

Value of CONFIG_NET_SCH_INGRESS is redefined by fragment /workspace/gokrazy/kernel/runtime.config:
Previous value: # CONFIG_NET_SCH_INGRESS is not set
New value: CONFIG_NET_SCH_INGRESS=y

Value of CONFIG_NET_CLS_FW is redefined by fragment /workspace/gokrazy/kernel/runtime.config:
Previous value: # CONFIG_NET_CLS_FW is not set
New value: CONFIG_NET_CLS_FW=y

Value of CONFIG_NET_CLS_U32 is redefined by fragment /workspace/gokrazy/kernel/runtime.config:
Previous value: # CONFIG_NET_CLS_U32 is not set
New value: CONFIG_NET_CLS_U32=y

Value of CONFIG_NET_CLS_MATCHALL is redefined by fragment /workspace/gokrazy/kernel/runtime.config:
Previous value: # CONFIG_NET_CLS_MATCHALL is not set
New value: CONFIG_NET_CLS_MATCHALL=y

Value of CONFIG_NET_ACT_MIRRED is redefined by fragment /workspace/gokrazy/kernel/runtime.config:
Previous value: # CONFIG_NET_ACT_MIRRED is not set
New value: CONFIG_NET_ACT_MIRRED=y

Value of CONFIG_MPLS is redefined by fragment /workspace/gokrazy/kernel/runtime.config:
Previous value: # CONFIG_MPLS is not set
New value: CONFIG_MPLS=y

Value of CONFIG_LWTUNNEL is redefined by fragment /workspace/gokrazy/kernel/runtime.config:
Previous value: # CONFIG_LWTUNNEL is not set
New value: CONFIG_LWTUNNEL=y

Value of CONFIG_BLK_DEV_NVME is redefined by fragment /workspace/gokrazy/kernel/runtime.config:
Previous value: # CONFIG_BLK_DEV_NVME is not set
New value: CONFIG_BLK_DEV_NVME=y

Value of CONFIG_DUMMY is redefined by fragment /workspace/gokrazy/kernel/runtime.config:
Previous value: # CONFIG_DUMMY is not set
New value: CONFIG_DUMMY=y

Value of CONFIG_WIREGUARD is redefined by fragment /workspace/gokrazy/kernel/runtime.config:
Previous value: # CONFIG_WIREGUARD is not set
New value: CONFIG_WIREGUARD=y

Value of CONFIG_MACVLAN is redefined by fragment /workspace/gokrazy/kernel/runtime.config:
Previous value: # CONFIG_MACVLAN is not set
New value: CONFIG_MACVLAN=y

Value of CONFIG_VXLAN is redefined by fragment /workspace/gokrazy/kernel/runtime.config:
Previous value: # CONFIG_VXLAN is not set
New value: CONFIG_VXLAN=y

Value of CONFIG_TUN is redefined by fragment /workspace/gokrazy/kernel/runtime.config:
Previous value: # CONFIG_TUN is not set
New value: CONFIG_TUN=y

Value of CONFIG_VETH is redefined by fragment /workspace/gokrazy/kernel/runtime.config:
Previous value: # CONFIG_VETH is not set
New value: CONFIG_VETH=y

Value of CONFIG_BNXT is redefined by fragment /workspace/gokrazy/kernel/runtime.config:
Previous value: # CONFIG_BNXT is not set
New value: CONFIG_BNXT=y

Value of CONFIG_IGB is redefined by fragment /workspace/gokrazy/kernel/runtime.config:
Previous value: # CONFIG_IGB is not set
New value: CONFIG_IGB=y

Value of CONFIG_I40E is redefined by fragment /workspace/gokrazy/kernel/runtime.config:
Previous value: # CONFIG_I40E is not set
New value: CONFIG_I40E=y

Value of CONFIG_ICE is redefined by fragment /workspace/gokrazy/kernel/runtime.config:
Previous value: # CONFIG_ICE is not set
New value: CONFIG_ICE=y

Value of CONFIG_IGC is redefined by fragment /workspace/gokrazy/kernel/runtime.config:
Previous value: # CONFIG_IGC is not set
New value: CONFIG_IGC=y

Value of CONFIG_MLX5_CORE is redefined by fragment /workspace/gokrazy/kernel/runtime.config:
Previous value: # CONFIG_MLX5_CORE is not set
New value: CONFIG_MLX5_CORE=y

Value of CONFIG_PPP is redefined by fragment /workspace/gokrazy/kernel/runtime.config:
Previous value: # CONFIG_PPP is not set
New value: CONFIG_PPP=y

Value of CONFIG_SENSORS_K10TEMP is redefined by fragment /workspace/gokrazy/kernel/runtime.config:
Previous value: # CONFIG_SENSORS_K10TEMP is not set
New value: CONFIG_SENSORS_K10TEMP=y

Value of CONFIG_SENSORS_CORSAIR_CPRO is redefined by fragment /workspace/gokrazy/kernel/runtime.config:
Previous value: # CONFIG_SENSORS_CORSAIR_CPRO is not set
New value: CONFIG_SENSORS_CORSAIR_CPRO=y

Value of CONFIG_SENSORS_NCT6683 is redefined by fragment /workspace/gokrazy/kernel/runtime.config:
Previous value: # CONFIG_SENSORS_NCT6683 is not set
New value: CONFIG_SENSORS_NCT6683=y

Value of CONFIG_SP5100_TCO is redefined by fragment /workspace/gokrazy/kernel/runtime.config:
Previous value: # CONFIG_SP5100_TCO is not set
New value: CONFIG_SP5100_TCO=y

Value of CONFIG_I6300ESB_WDT is redefined by fragment /workspace/gokrazy/kernel/runtime.config:
Previous value: # CONFIG_I6300ESB_WDT is not set
New value: CONFIG_I6300ESB_WDT=y

Value of CONFIG_VIRTIO_BALLOON is redefined by fragment /workspace/gokrazy/kernel/runtime.config:
Previous value: # CONFIG_VIRTIO_BALLOON is not set
New value: CONFIG_VIRTIO_BALLOON=y

Value of CONFIG_OVERLAY_FS is redefined by fragment /workspace/gokrazy/kernel/runtime.config:
Previous value: # CONFIG_OVERLAY_FS is not set
New value: CONFIG_OVERLAY_FS=y

Value of CONFIG_EFIVAR_FS is redefined by fragment /workspace/gokrazy/kernel/runtime.config:
Previous value: CONFIG_EFIVAR_FS=m
New value: CONFIG_EFIVAR_FS=y

Value of CONFIG_PSTORE is redefined by fragment /workspace/gokrazy/kernel/runtime.config:
Previous value: # CONFIG_PSTORE is not set
New value: CONFIG_PSTORE=y

Value of CONFIG_9P_FS_POSIX_ACL is redefined by fragment /workspace/gokrazy/kernel/runtime.config:
Previous value: # CONFIG_9P_FS_POSIX_ACL is not set
New value: CONFIG_9P_FS_POSIX_ACL=y

Merging /workspace/tools/kernel-builder/common/efi-console.config
Value of CONFIG_SERIAL_8250_FINTEK is redefined by fragment /workspace/tools/kernel-builder/common/efi-console.config:
Previous value: # CONFIG_SERIAL_8250_FINTEK is not set
New value: CONFIG_SERIAL_8250_FINTEK=y

Value of CONFIG_DRM_SIMPLEDRM is redefined by fragment /workspace/tools/kernel-builder/common/efi-console.config:
Previous value: # CONFIG_DRM_SIMPLEDRM is not set
New value: CONFIG_DRM_SIMPLEDRM=y

Value of CONFIG_FB is redefined by fragment /workspace/tools/kernel-builder/common/efi-console.config:
Previous value: # CONFIG_FB is not set
New value: CONFIG_FB=y

#
# merged configuration written to .config (needs make)
#
.config:5638:warning: override: reassigning to symbol NET_SCH_TBF
.config:5726:warning: override: reassigning to symbol OVERLAY_FS
#
# configuration written to .config
#
>>> building bzImage with -j32 (modules=yes)
  SYNC    include/config/auto.conf
  GEN     arch/x86/include/generated/asm/orc_hash.h
awk: bad regex '^struct orc_entry {$': Invalid contents of {}
  WRAP    arch/x86/include/generated/uapi/asm/bpf_perf_event.h
  WRAP    arch/x86/include/generated/uapi/asm/errno.h
  UPD     include/generated/uapi/linux/version.h
  WRAP    arch/x86/include/generated/uapi/asm/fcntl.h
  WRAP    arch/x86/include/generated/uapi/asm/ioctl.h
  SYSHDR  arch/x86/include/generated/uapi/asm/unistd_32.h
  WRAP    arch/x86/include/generated/uapi/asm/ioctls.h
  SYSHDR  arch/x86/include/generated/uapi/asm/unistd_64.h
  WRAP    arch/x86/include/generated/uapi/asm/ipcbuf.h
  SYSHDR  arch/x86/include/generated/uapi/asm/unistd_x32.h
  WRAP    arch/x86/include/generated/uapi/asm/param.h
  SYSTBL  arch/x86/include/generated/asm/syscalls_32.h
  WRAP    arch/x86/include/generated/uapi/asm/poll.h
  WRAP    arch/x86/include/generated/uapi/asm/resource.h
  SYSHDR  arch/x86/include/generated/asm/unistd_32_ia32.h
  WRAP    arch/x86/include/generated/uapi/asm/socket.h
  SYSHDR  arch/x86/include/generated/asm/unistd_64_x32.h
  SYSTBL  arch/x86/include/generated/asm/syscalls_64.h
  WRAP    arch/x86/include/generated/uapi/asm/sockios.h
  WRAP    arch/x86/include/generated/uapi/asm/termbits.h
  WRAP    arch/x86/include/generated/uapi/asm/termios.h
  UPD     include/generated/compile.h
  WRAP    arch/x86/include/generated/uapi/asm/types.h
  UPD     include/config/kernel.release
  HOSTCC  arch/x86/tools/relocs_32.o
  HOSTCC  arch/x86/tools/relocs_64.o
  HOSTCC  arch/x86/tools/relocs_common.o
  WRAP    arch/x86/include/generated/asm/early_ioremap.h
  HOSTCC  arch/x86/tools/vdso2c
  WRAP    arch/x86/include/generated/asm/fprobe.h
  WRAP    arch/x86/include/generated/asm/mcs_spinlock.h
  WRAP    arch/x86/include/generated/asm/mmzone.h
  UPD     include/generated/utsrelease.h
  WRAP    arch/x86/include/generated/asm/ring_buffer.h
  WRAP    arch/x86/include/generated/asm/device.h
  WRAP    arch/x86/include/generated/asm/irq_regs.h
  WRAP    arch/x86/include/generated/asm/kmap_size.h
  WRAP    arch/x86/include/generated/asm/local64.h
  HOSTCC  scripts/kallsyms
  WRAP    arch/x86/include/generated/asm/mmiowb.h
  HOSTCC  scripts/sorttable.o
  WRAP    arch/x86/include/generated/asm/module.lds.h
  HOSTCC  scripts/elf-parse.o
  WRAP    arch/x86/include/generated/asm/rwonce.h
  HOSTCC  scripts/asn1_compiler
  HOSTCC  scripts/tracepoint-update.o
  TOUCH   include/generated/gcc-plugins.h
  HOSTCC  scripts/selinux/mdp/mdp
  UPD     arch/x86/include/generated/asm/cpufeaturemasks.h
  DESCEND objtool
  HOSTLD  arch/x86/tools/relocs
  HOSTLD  scripts/sorttable
  HOSTLD  scripts/tracepoint-update
  CC      scripts/mod/empty.o
  HOSTCC  scripts/mod/mk_elfconfig
  CC      scripts/mod/devicetable-offsets.s
  UPD     scripts/mod/devicetable-offsets.h
  MKELF   scripts/mod/elfconfig.h
  HOSTCC  scripts/mod/modpost.o
  HOSTCC  scripts/mod/file2alias.o
  HOSTCC  scripts/mod/sumversion.o
  HOSTCC  scripts/mod/symsearch.o
  HOSTLD  scripts/mod/modpost
  CC      kernel/bounds.s
  CHKSHA1 include/linux/atomic/atomic-arch-fallback.h
  CHKSHA1 include/linux/atomic/atomic-instrumented.h
  UPD     include/generated/timeconst.h
  CHKSHA1 include/linux/atomic/atomic-long.h
  UPD     include/generated/bounds.h
  CC      arch/x86/kernel/asm-offsets.s
  CC      /tmp/kbuild/linux-7.2-yes/tools/objtool/libsubcmd/exec-cmd.o
  CC      /tmp/kbuild/linux-7.2-yes/tools/objtool/libsubcmd/help.o
  CC      /tmp/kbuild/linux-7.2-yes/tools/objtool/libsubcmd/pager.o
  CC      /tmp/kbuild/linux-7.2-yes/tools/objtool/libsubcmd/parse-options.o
  CC      /tmp/kbuild/linux-7.2-yes/tools/objtool/libsubcmd/run-command.o
  CC      /tmp/kbuild/linux-7.2-yes/tools/objtool/libsubcmd/sigchain.o
  CC      /tmp/kbuild/linux-7.2-yes/tools/objtool/libsubcmd/subcmd-config.o
  UPD     include/generated/asm-offsets.h
  CC      kernel/sched/rq-offsets.s
  LD      /tmp/kbuild/linux-7.2-yes/tools/objtool/libsubcmd/libsubcmd-in.o
  AR      /tmp/kbuild/linux-7.2-yes/tools/objtool/libsubcmd/libsubcmd.a
  CC      /tmp/kbuild/linux-7.2-yes/tools/objtool/weak.o
  MKDIR   /tmp/kbuild/linux-7.2-yes/tools/objtool/arch/x86/lib/
  CC      /tmp/kbuild/linux-7.2-yes/tools/objtool/check.o
  MKDIR   /tmp/kbuild/linux-7.2-yes/tools/objtool/arch/x86/lib/
  GEN     /tmp/kbuild/linux-7.2-yes/tools/objtool/arch/x86/lib/inat-tables.c
  CC      /tmp/kbuild/linux-7.2-yes/tools/objtool/special.o
  CC      /tmp/kbuild/linux-7.2-yes/tools/objtool/arch/x86/orc.o
  GEN     /tmp/kbuild/linux-7.2-yes/tools/objtool/arch/x86/lib/cpu-feature-names.c
  CC      /tmp/kbuild/linux-7.2-yes/tools/objtool/builtin-check.o
  CC      /tmp/kbuild/linux-7.2-yes/tools/objtool/elf.o
  CC      /tmp/kbuild/linux-7.2-yes/tools/objtool/objtool.o
  CC      /tmp/kbuild/linux-7.2-yes/tools/objtool/orc_gen.o
  CC      /tmp/kbuild/linux-7.2-yes/tools/objtool/orc_dump.o
  CC      /tmp/kbuild/linux-7.2-yes/tools/objtool/libstring.o
  CC      /tmp/kbuild/linux-7.2-yes/tools/objtool/libctype.o
  CC      /tmp/kbuild/linux-7.2-yes/tools/objtool/str_error_r.o
  CC      /tmp/kbuild/linux-7.2-yes/tools/objtool/librbtree.o
  CC      /tmp/kbuild/linux-7.2-yes/tools/objtool/signal.o
  CC      /tmp/kbuild/linux-7.2-yes/tools/objtool/arch/x86/special.o
  UPD     include/generated/rq-offsets.h
  CALL    scripts/checksyscalls.sh 
  CC      /tmp/kbuild/linux-7.2-yes/tools/objtool/arch/x86/decode.o
  LD      /tmp/kbuild/linux-7.2-yes/tools/objtool/arch/x86/objtool-in.o
  LD      /tmp/kbuild/linux-7.2-yes/tools/objtool/objtool-in.o
  LINK    /tmp/kbuild/linux-7.2-yes/tools/objtool/objtool
  LDS     scripts/module.lds
  HOSTCC  usr/gen_init_cpio
  CC      init/main.o
  CC      init/do_mounts.o
  UPD     init/utsversion-tmp.h
  CC      certs/system_keyring.o
  CC      init/do_mounts_initrd.o
  CC      ipc/compat.o
  CC      security/commoncap.o
  CC      mm/filemap.o
  AS      arch/x86/lib/bhi.o
  AS      arch/x86/boot/startup/efi-mixed.o
  CC      io_uring/io_uring.o
  AS      arch/x86/entry/entry.o
  CC      sound/sound_core.o
grep: unrecognized option: include=*.[ch]
  CC      block/bdev.o
  CC      mm/mempool.o
  CC      fs/open.o
  CC      arch/x86/pci/i386.o
  CC      net/devres.o
BusyBox v1.37.0 (2025-01-17 18:12:01 UTC) multi-call binary.

Usage: grep [-HhnlLoqvsrRiwFE] [-m N] [-A|B|C N] { PATTERN | -e PATTERN... | -f FILE... } [FILE]...

Search for PATTERN in FILEs (or stdin)

	-H	Add 'filename:' prefix
	-h	Do not add 'filename:' prefix
	-n	Add 'line_no:' prefix
	-l	Show only names of files that match
	-L	Show only names of files that don't match
	-c	Show only count of matching lines
	-o	Show only the matching part of line
	-q	Quiet. Return 0 if PATTERN is found, 1 otherwise
	-v	Select non-matching lines
	-s	Suppress open and read errors
	-r	Recurse
	-R	Recurse and dereference symlinks
	-i	Ignore case
	-w	Match whole words only
	-x	Match whole lines only
	-F	PATTERN is a literal (not regexp)
	-E	PATTERN is an extended regexp
	-m N	Match up to N times per file
	-A N	Print N lines of trailing context
	-B N	Print N lines of leading context
	-C N	Same as '-A N -B N'
	-e PTRN	Pattern to match
	-f FILE	Read pattern from file
  CC      security/keys/gc.o
  CC      arch/x86/video/video-common.o
  CC      arch/x86/events/core.o
  CC      arch/x86/power/cpu.o
  CC      arch/x86/realmode/init.o
  CC      arch/x86/mm/init.o
grep: unrecognized option: include=*.[ch]
grep: unrecognized option: group-separator=!SEP!
  CC      lib/argv_split.o
  CC      virt/lib/irqbypass.o
  AR      drivers/cache/built-in.a
BusyBox v1.37.0 (2025-01-17 18:12:01 UTC) multi-call binary.

Usage: grep [-HhnlLoqvsrRiwFE] [-m N] [-A|B|C N] { PATTERN | -e PATTERN... | -f FILE... } [FILE]...

Search for PATTERN in FILEs (or stdin)

	-H	Add 'filename:' prefix
	-h	Do not add 'filename:' prefix
	-n	Add 'line_no:' prefix
	-l	Show only names of files that match
	-L	Show only names of files that don't match
	-c	Show only count of matching lines
	-o	Show only the matching part of line
	-q	Quiet. Return 0 if PATTERN is found, 1 otherwise
	-v	Select non-matching lines
	-s	Suppress open and read errors
	-r	Recurse
	-R	Recurse and dereference symlinks
	-i	Ignore case
	-w	Match whole words only
	-x	Match whole lines only
	-F	PATTERN is a literal (not regexp)
	-E	PATTERN is an extended regexp
	-m N	Match up to N times per file
	-A N	Print N lines of trailing context
	-B N	Print N lines of leading context
	-C N	Same as '-A N -B N'
	-e PTRN	Pattern to match
	-f FILE	Read pattern from file
BusyBox v1.37.0 (2025-01-17 18:12:01 UTC) multi-call binary.

Usage: grep [-HhnlLoqvsrRiwFE] [-m N] [-A|B|C N] { PATTERN | -e PATTERN... | -f FILE... } [FILE]...

Search for PATTERN in FILEs (or stdin)

	-H	Add 'filename:' prefix
	-h	Do not add 'filename:' prefix
	-n	Add 'line_no:' prefix
	-l	Show only names of files that match
	-L	Show only names of files that don't match
	-c	Show only count of matching lines
	-o	Show only the matching part of line
	-q	Quiet. Return 0 if PATTERN is found, 1 otherwise
	-v	Select non-matching lines
	-s	Suppress open and read errors
	-r	Recurse
	-R	Recurse and dereference symlinks
	-i	Ignore case
	-w	Match whole words only
	-x	Match whole lines only
	-F	PATTERN is a literal (not regexp)
	-E	PATTERN is an extended regexp
	-m N	Match up to N times per file
	-A N	Print N lines of trailing context
	-B N	Print N lines of leading context
	-C N	Same as '-A N -B N'
	-e PTRN	Pattern to match
	-f FILE	Read pattern from file
  AS      arch/x86/kernel/head_64.o
grep: unrecognized option: include=*.[ch]
BusyBox v1.37.0 (2025-01-17 18:12:01 UTC) multi-call binary.

Usage: grep [-HhnlLoqvsrRiwFE] [-m N] [-A|B|C N] { PATTERN | -e PATTERN... | -f FILE... } [FILE]...

Search for PATTERN in FILEs (or stdin)

	-H	Add 'filename:' prefix
	-h	Do not add 'filename:' prefix
	-n	Add 'line_no:' prefix
	-l	Show only names of files that match
	-L	Show only names of files that don't match
	-c	Show only count of matching lines
	-o	Show only the matching part of line
	-q	Quiet. Return 0 if PATTERN is found, 1 otherwise
	-v	Select non-matching lines
	-s	Suppress open and read errors
	-r	Recurse
	-R	Recurse and dereference symlinks
	-i	Ignore case
	-w	Match whole words only
	-x	Match whole lines only
	-F	PATTERN is a literal (not regexp)
	-E	PATTERN is an extended regexp
	-m N	Match up to N times per file
	-A N	Print N lines of trailing context
	-B N	Print N lines of leading context
	-C N	Same as '-A N -B N'
	-e PTRN	Pattern to match
	-f FILE	Read pattern from file
grep: unrecognized option: include=*.[ch]
grep: unrecognized option: group-separator=!SEP!
BusyBox v1.37.0 (2025-01-17 18:12:01 UTC)BusyBox v1.37.0 (2025-01-17 18:12:01 UTC) multi-call binary.
 multi-call binary.

Usage: 
Usage: grepgrep  [-HhnlLoqvsrRiwFE] [-m N] [-A|B|C N] { PATTERN | -e PATTERN... | -f FILE... } [FILE]...

Search for PATTERN in FILEs (or stdin)

	-H	Add 'filename:' prefix
	-h	Do not add 'filename:' prefix
	-n	Add 'line_no:' prefix
	-l	Show only names of files that match
	-L	Show only names of files that don't match
	-c	Show only count of matching lines
	-o	Show only the matching part of line
	-q	Quiet. Return 0 if PATTERN is found, 1 otherwise
	-v	Select non-matching lines
	-s	Suppress open and read errors
	-r	Recurse
	-R	Recurse and dereference symlinks
	-i	Ignore case
	-w	Match whole words only
	-x	Match whole lines only
	-F	PATTERN is a literal (not regexp)
	-E	PATTERN is an extended regexp
	-m N	Match up to N times per file
	-A N	Print N lines of trailing context
	-B N	Print N lines of leading context
	-C N	Same as '-A N -B N'
	-e PTRN	Pattern to match
	-f FILE	Read pattern from file[-HhnlLoqvsrRiwFE] [-m N] [-A|B|C N] { PATTERN | -e PATTERN... | -f FILE... } [FILE]...

Search for PATTERN in FILEs (or stdin)

	-H	Add 'filename:' prefix
	-h	Do not add 'filename:' prefix
	-n	Add 'line_no:' prefix
	-l	Show only names of files that match
	-L	Show only names of files that don't match
	-c	Show only count of matching lines
	-o	Show only the matching part of line
	-q	Quiet. Return 0 if PATTERN is found, 1 otherwise
	-v	Select non-matching lines
	-s	Suppress open and read errors
	-r	Recurse
	-R	Recurse and dereference symlinks
	-i	Ignore case
	-w	Match whole words only
	-x	Match whole lines only
	-F	PATTERN is a literal (not regexp)
	-E	PATTERN is an extended regexp
	-m N	Match up to N times per file
	-A N	Print N lines of trailing context
	-B N	Print N lines of leading context
	-C N	Same as '-A N -B N'
	-e PTRN	Pattern to match
	-f FILE	Read pattern from file

  CC      drivers/irqchip/irq-msi-lib.o
  CC      arch/x86/kvm/../../../virt/kvm/kvm_main.o
  CC      net/socket.o
  CC      kernel/fork.o
  AS      arch/x86/lib/clear_page_64.o
  AS      arch/x86/entry/entry_64.o
  AS      arch/x86/boot/startup/la57toggle.o
  HOSTCC  certs/extract-cert
  CC      block/fops.o
  CC      fs/read_write.o
  CC      arch/x86/kernel/head64.o
  CC      arch/x86/pci/init.o
  CC      ipc/util.o
  CC      lib/bug.o
  AS      arch/x86/realmode/rm/header.o
  AR      drivers/irqchip/built-in.a
  AR      virt/lib/built-in.a
  CC      security/keys/key.o
  CC      net/core/sock.o
  CC      sound/core/sound.o
  CC      arch/x86/events/probe.o
  AR      virt/built-in.a
  CC      arch/x86/power/hibernate_64.o
  CC      kernel/exec_domain.o
  CC      arch/x86/events/utils.o
  AR      drivers/bus/mhi/built-in.a
  AS      arch/x86/power/hibernate_asm_64.o
  AR      arch/x86/video/built-in.a
  CC      arch/x86/events/rapl.o
  AR      drivers/bus/built-in.a
  CC      arch/x86/mm/init_64.o
  CC      ipc/msgutil.o
  CC      mm/oom_kill.o
  CC      io_uring/opdef.o
  CC      arch/x86/events/amd/core.o
  CC      arch/x86/lib/cmdline.o
  AR      drivers/phy/built-in.a
  CC      crypto/api.o
  CC      arch/x86/boot/startup/gdt_idt.o
  CC      arch/x86/entry/syscall_64.o
  CC      arch/x86/kvm/../../../virt/kvm/eventfd.o
  CC      drivers/pinctrl/core.o
  CC      kernel/exec_state.o
  CC      drivers/pinctrl/pinctrl-utils.o
  CC      init/initramfs.o
  AS      arch/x86/realmode/rm/trampoline_64.o
  CC      block/bio.o
  CC      arch/x86/pci/mmconfig_64.o
  CC      sound/core/init.o
  CC      arch/x86/kernel/ebda.o
  GEN     usr/initramfs_data.cpio
  COPY    usr/initramfs_inc_data
  AS      usr/initramfs_data.o
  CC      net/compat.o
  CC      kernel/panic.o
  CC      lib/buildid.o
  CC      arch/x86/mm/fault.o
  CC      fs/file_table.o
  AS      arch/x86/lib/cmpxchg16b_emu.o
  CC      net/core/skbuff.o
  CC      lib/clz_tab.o
  AS      arch/x86/realmode/rm/stack.o
  CC      arch/x86/power/hibernate.o
  CC      arch/x86/boot/startup/map_kernel.o
  CC      security/lsm_syscalls.o
  AS      arch/x86/realmode/rm/reboot.o
  CC      ipc/msg.o
  CC      io_uring/kbuf.o
  CC      arch/x86/events/amd/lbr.o
  CC      arch/x86/events/msr.o
  CC      crypto/cipher.o
  CC      mm/fadvise.o
  CC      security/keys/keyring.o
  CC      mm/maccess.o
  CC      arch/x86/events/intel/core.o
  AR      drivers/pinctrl/actions/built-in.a
  CC      init/calibrate.o
  CC      arch/x86/entry/common.o
  AR      drivers/pinctrl/airoha/built-in.a
  CERT    certs/x509_certificate_list
  CC      arch/x86/kvm/../../../virt/kvm/binary_stats.o
  CERT    certs/signing_key.x509
  AS      certs/system_certificates.o
  AR      drivers/pinctrl/bcm/built-in.a
  AR      drivers/pinctrl/cirrus/built-in.a
  CC      sound/core/memory.o
  CC      block/elevator.o
  AR      drivers/pinctrl/cix/built-in.a
  CC      arch/x86/pci/direct.o
  AR      drivers/pinctrl/freescale/built-in.a
  CC      arch/x86/kernel/platform-quirks.o
  AR      drivers/pinctrl/intel/built-in.a
  CC      arch/x86/lib/copy_mc.o
  AR      drivers/pinctrl/mediatek/built-in.a
  CC      arch/x86/events/zhaoxin/core.o
  CC      crypto/algapi.o
  CC      lib/cmdline.o
  AR      drivers/pinctrl/microchip/built-in.a
  CC      kernel/cpu.o
  AR      drivers/pinctrl/mvebu/built-in.a
  AR      usr/built-in.a
  AR      drivers/pinctrl/nomadik/built-in.a
  CC      arch/x86/mm/ioremap.o
  CC      fs/super.o
  CC      fs/char_dev.o
  CC      arch/x86/entry/vdso/vma.o
  AR      drivers/pinctrl/nuvoton/built-in.a
  AS      arch/x86/realmode/rm/wakeup_asm.o
  AR      drivers/pinctrl/nxp/built-in.a
  CC      net/core/datagram.o
  CC      fs/stat.o
  AR      drivers/pinctrl/qcom/built-in.a
  AR      arch/x86/boot/startup/lib.a
  AR      drivers/pinctrl/sophgo/built-in.a
  OBJCOPY arch/x86/boot/startup/gdt_idt.pi.o
  OBJCOPY arch/x86/boot/startup/map_kernel.pi.o
  AR      arch/x86/boot/startup/built-in.a
  AR      drivers/pinctrl/spacemit/built-in.a
  CC      arch/x86/events/amd/ibs.o
  CC      io_uring/rsrc.o
  AR      arch/x86/power/built-in.a
  CC      arch/x86/entry/vdso/extable.o
  CC      fs/exec.o
  AR      drivers/pinctrl/sprd/built-in.a
  CC      init/init_task.o
  CC      arch/x86/events/amd/uncore.o
  CC      ipc/sem.o
  AR      drivers/pinctrl/starfive/built-in.a
  CC      ipc/shm.o
  AR      drivers/pinctrl/sunplus/built-in.a
  AR      drivers/pinctrl/tegra/built-in.a
  CC      mm/page-writeback.o
  CC      lib/cpumask.o
  AR      drivers/pinctrl/ti/built-in.a
  CC      sound/core/control.o
  AS      arch/x86/lib/copy_mc_64.o
  CC      block/blk-core.o
  CC      security/min_addr.o
  AR      drivers/pinctrl/built-in.a
  CC      security/keys/keyctl.o
  CC      ipc/syscall.o
  AR      certs/built-in.a
  CC      arch/x86/pci/mmconfig-shared.o
  CC      arch/x86/events/intel/bts.o
  CC      net/core/stream.o
  CC      arch/x86/kernel/process_64.o
  AR      drivers/pwm/built-in.a
  CC      arch/x86/realmode/rm/wakemain.o
  CC      drivers/leds/led-core.o
  CC      crypto/scatterwalk.o
  AR      arch/x86/events/zhaoxin/built-in.a
  CC      kernel/exit.o
  CC      arch/x86/kvm/../../../virt/kvm/vfio.o
  CC      arch/x86/realmode/rm/video-mode.o
  CC      io_uring/notif.o
  CC      drivers/leds/led-class.o
  CC      arch/x86/mm/extable.o
  AS      arch/x86/realmode/rm/copy.o
  CC      arch/x86/kvm/../../../virt/kvm/coalesced_mmio.o
  CC      mm/folio-compat.o
  CC      arch/x86/kvm/../../../virt/kvm/async_pf.o
  CC      arch/x86/events/amd/iommu.o
  CC      init/version.o
  CC      lib/ctype.o
  CC      arch/x86/events/intel/ds.o
  CC      arch/x86/entry/vdso/vdso32-setup.o
  CC      fs/pipe.o
  AS      arch/x86/lib/copy_page_64.o
  CC      arch/x86/events/intel/knc.o
  CC      drivers/pci/access.o
  CC      security/security.o
  CC      drivers/pci/bus.o
  CC      sound/core/misc.o
  CC      net/core/scm.o
  AS      arch/x86/realmode/rm/bioscall.o
  CC      ipc/ipc_sysctl.o
  CC      arch/x86/pci/fixup.o
  CC      security/keys/permission.o
  AS      arch/x86/entry/thunk.o
  CC      crypto/proc.o
  CC      arch/x86/events/intel/lbr.o
  CC      drivers/pci/probe.o
  CC      arch/x86/kernel/signal.o
  CC      block/blk-sysfs.o
  CC      arch/x86/entry/vsyscall/vsyscall_64.o
  CC      drivers/leds/led-triggers.o
  CC      arch/x86/mm/mmap.o
  CC      io_uring/tctx.o
  CC      net/core/gen_stats.o
  CC      kernel/softirq.o
  CC      security/lsm_notifier.o
  AS      arch/x86/lib/copy_user_64.o
  CC      lib/dec_and_lock.o
  AR      arch/x86/events/amd/built-in.a
  CC      arch/x86/kvm/../../../virt/kvm/irqchip.o
  CC      arch/x86/kernel/signal_64.o
  AR      init/built-in.a
  CC      ipc/mqueue.o
  CC      arch/x86/realmode/rm/regs.o
  CC      mm/readahead.o
  CC      net/core/gen_estimator.o
  CC      fs/namei.o
  AS      arch/x86/lib/copy_user_uncached_64.o
  CC      arch/x86/mm/pgtable.o
  CC      security/lsm_init.o
  CC      arch/x86/realmode/rm/video-vga.o
  CC      sound/core/device.o
  CC      arch/x86/pci/acpi.o
  CC      crypto/aead.o
  CC      security/keys/process_keys.o
  CC      arch/x86/events/intel/p4.o
  CC      lib/decompress.o
  AR      sound/i2c/other/built-in.a
  CC      drivers/pci/host-bridge.o
  AR      sound/i2c/built-in.a
  CC      block/blk-flush.o
  CC      arch/x86/mm/physaddr.o
  AR      drivers/leds/trigger/built-in.a
  HOSTCC  security/selinux/genheaders
  CC      arch/x86/pci/legacy.o
  CC      arch/x86/pci/irq.o
  AR      drivers/leds/blink/built-in.a
  AS      arch/x86/entry/vsyscall/vsyscall_emu_64.o
  CC      io_uring/filetable.o
  AR      drivers/leds/simatic/built-in.a
  CC      kernel/resource.o
  CC      drivers/pci/remove.o
  AR      drivers/leds/built-in.a
  CC      security/lsm_audit.o
  CC      crypto/geniv.o
  CC      arch/x86/events/intel/p6.o
  LDS     arch/x86/entry/vdso/vdso64/vdso64.lds
  CC      drivers/video/aperture.o
  CC      arch/x86/kernel/traps.o
  CC      arch/x86/kvm/../../../virt/kvm/dirty_ring.o
  CC      arch/x86/lib/cpu.o
  CC      mm/swap.o
  CC      ipc/namespace.o
  LDS     arch/x86/entry/vdso/vdso32/vdso32.lds
  CC      net/core/net_namespace.o
  CC      arch/x86/realmode/rm/video-vesa.o
  CC      fs/fcntl.o
  AS      arch/x86/lib/csum-copy_64.o
  AS      arch/x86/entry/entry_64_fred.o
  CC      sound/core/info.o
  AS      arch/x86/entry/vdso/vdso64/note.o
  CC      lib/decompress_bunzip2.o
  AR      arch/x86/entry/vsyscall/built-in.a
  CC      arch/x86/mm/tlb.o
  AS      arch/x86/entry/vdso/vdso32/note.o
  CC      security/keys/request_key.o
  CC      crypto/lskcipher.o
  AR      drivers/idle/built-in.a
  GEN     security/selinux/flask.h security/selinux/av_permissions.h
  CC      block/blk-settings.o
  CC      net/core/secure_seq.o
  CC      arch/x86/entry/vdso/vdso32/vclock_gettime.o
  CC      security/selinux/avc.o
  CC      security/selinux/hooks.o
  CC      arch/x86/lib/csum-partial_64.o
  CC      security/selinux/selinuxfs.o
  CC      drivers/pci/pci.o
  CC      io_uring/rw.o
  CC      arch/x86/pci/common.o
  CC      arch/x86/events/intel/pt.o
  CC      kernel/sysctl.o
  CC      arch/x86/lib/csum-wrappers_64.o
  CC      ipc/mq_sysctl.o
  CC      arch/x86/kvm/../../../virt/kvm/pfncache.o
  CC      sound/core/isadma.o
  CC      arch/x86/kernel/idt.o
  CC      arch/x86/entry/vdso/vdso64/vclock_gettime.o
  CC      arch/x86/realmode/rm/video-bios.o
  CC      arch/x86/entry/entry_fred.o
  CC      security/device_cgroup.o
  CC      arch/x86/mm/cpu_entry_area.o
  CC      drivers/video/screen_info_generic.o
  CC      mm/truncate.o
  CC      arch/x86/entry/vdso/vdso32/vgetcpu.o
  CC      fs/ioctl.o
  CC      arch/x86/lib/delay.o
  CC      security/landlock/setup.o
  CC      lib/decompress_inflate.o
  CC      net/core/flow_dissector.o
  CC      security/keys/request_key_auth.o
  CC      arch/x86/mm/maccess.o
  CC      arch/x86/mm/pgprot.o
  CC      crypto/skcipher.o
  CC      security/selinux/netlink.o
  AR      drivers/char/ipmi/built-in.a
  CC      io_uring/poll.o
  CC      block/blk-ioc.o
  CC      mm/vmscan.o
  CC      drivers/pci/pci-driver.o
  CC      arch/x86/pci/early.o
  PASYMS  arch/x86/realmode/rm/pasyms.h
  CC      sound/core/vmaster.o
  LDS     arch/x86/realmode/rm/realmode.lds
  AR      ipc/built-in.a
  CC      drivers/video/screen_info_pci.o
  CC      arch/x86/entry/vdso/vdso64/vgetcpu.o
  CC      arch/x86/events/intel/uncore.o
  CC      security/landlock/syscalls.o
  CC      net/core/sysctl_net_core.o
  CC      security/integrity/iint.o
  CC      fs/readdir.o
  AS      arch/x86/entry/vdso/vdso32/system_call.o
  CC      kernel/capability.o
  CC      security/keys/user_defined.o
  CC      arch/x86/kernel/irq.o
  CC      arch/x86/kvm/../../../virt/kvm/guest_memfd.o
  AS      arch/x86/lib/getuser.o
  CC      security/landlock/object.o
  CC      sound/core/ctljack.o
  CC      net/llc/llc_core.o
  CC      mm/shrinker.o
  CC      lib/decompress_unlz4.o
  CC      arch/x86/kvm/x86.o
  GEN     arch/x86/lib/inat-tables.c
  CC      kernel/ptrace.o
  CC      arch/x86/mm/pat/set_memory.o
  CC      arch/x86/pci/bus_numa.o
  LD      arch/x86/realmode/rm/realmode.elf
  RELOCS  arch/x86/realmode/rm/realmode.relocs
  CC      crypto/bpf_crypto_skcipher.o
  OBJCOPY arch/x86/realmode/rm/realmode.bin
  AS      arch/x86/realmode/rmpiggy.o
  CC      security/selinux/nlmsgtab.o
  AS      arch/x86/entry/vdso/vdso32/sigreturn.o
  CC      lib/decompress_unlzma.o
  CC      arch/x86/entry/vdso/vdso64/vgetrandom.o
  CC      drivers/pci/search.o
  CC      security/selinux/netif.o
  CC      io_uring/tw.o
  AS      arch/x86/entry/vdso/vdso64/vgetrandom-chacha.o
  CC      drivers/video/cmdline.o
  CC      security/landlock/ruleset.o
  CC      security/integrity/integrity_audit.o
  CC      security/keys/compat.o
  CC      sound/core/jack.o
  CC      fs/select.o
  CC      arch/x86/events/intel/uncore_nhmex.o
  CC      net/core/dev.o
  CC      block/blk-map.o
  CC      net/llc/llc_input.o
  CC      security/landlock/cred.o
  CC      block/blk-merge.o
  CC      mm/shmem.o
  CC      security/keys/proc.o
  CC      arch/x86/kernel/irq_64.o
  CC      sound/core/hwdep.o
  CC      lib/decompress_unlzo.o
  CC      kernel/user.o
  CC      crypto/seqiv.o
  CC      arch/x86/pci/amd_bus.o
  CC      arch/x86/mm/pat/memtype.o
  CC      arch/x86/entry/vdso/vdso32/vfutex.o
  AR      arch/x86/realmode/built-in.a
  CC      arch/x86/kvm/emulate.o
  CC      sound/core/timer.o
  CC      sound/core/hrtimer.o
  CC      arch/x86/kvm/irq.o
  CC      arch/x86/entry/vdso/vdso64/vfutex.o
  CC      mm/util.o
  CC      drivers/pci/rebar.o
  CC      drivers/video/nomodeset.o
  CC      io_uring/wait.o
  CC      io_uring/eventfd.o
  CC      arch/x86/kvm/lapic.o
  CC      security/selinux/netnode.o
  CC      fs/dcache.o
  CC      arch/x86/events/intel/uncore_snb.o
  CC      drivers/acpi/tables.o
  CC      block/blk-timeout.o
  CC      net/llc/llc_output.o
  CC      security/landlock/task.o
  VDSO    arch/x86/entry/vdso/vdso32/vdso32.so.dbg
  CC      drivers/pnp/core.o
  CC      lib/decompress_unxz.o
  OBJCOPY arch/x86/entry/vdso/vdso32/vdso32.so
  CC      security/integrity/efi_secureboot.o
  AR      drivers/amba/built-in.a
  VDSO2C  arch/x86/entry/vdso/vdso32/vdso32-image.c
  CC      kernel/signal.o
  CC      drivers/video/hdmi.o
  VDSO    arch/x86/entry/vdso/vdso64/vdso64.so.dbg
  CC      security/keys/sysctl.o
  CC      arch/x86/kernel/dumpstack_64.o
  CC      crypto/echainiv.o
  CC      arch/x86/entry/vdso/vdso32/vdso32-image.o
  CC      mm/mmzone.o
  CC      arch/x86/mm/pat/memtype_interval.o
  OBJCOPY arch/x86/entry/vdso/vdso64/vdso64.so
  VDSO2C  arch/x86/entry/vdso/vdso64/vdso64-image.c
  AR      arch/x86/pci/built-in.a
  CC      arch/x86/entry/vdso/vdso64/vdso64-image.o
  CC      arch/x86/mm/hugetlbpage.o
  CC      net/ethernet/eth.o
  CC      sound/core/pcm.o
  CC      net/core/dev_api.o
  CC      drivers/acpi/osi.o
  CC      arch/x86/events/intel/uncore_snbep.o
  AR      sound/drivers/opl3/built-in.a
  AR      sound/drivers/opl4/built-in.a
  AR      sound/drivers/mpu401/built-in.a
  CC      arch/x86/kvm/cpuid.o
  AR      sound/drivers/vx/built-in.a
  CC      drivers/acpi/osl.o
  CC      arch/x86/lib/insn-eval.o
  CC      drivers/pci/rom.o
  CC      io_uring/uring_cmd.o
  AR      sound/drivers/pcsp/built-in.a
  AR      sound/drivers/built-in.a
  CC      drivers/clk/clk-devres.o
  CC      fs/inode.o
  CC      io_uring/openclose.o
  CC      drivers/pnp/card.o
  CC      block/blk-lib.o
  CC      lib/decompress_unzstd.o
  CC      security/selinux/netport.o
  CC      security/landlock/fs.o
  AR      net/llc/built-in.a
  AR      sound/isa/ad1816a/built-in.a
  AR      arch/x86/entry/vdso/vdso32/built-in.a
  CC      drivers/pci/setup-res.o
  CC      crypto/ahash.o
  CC      security/keys/keyctl_pkey.o
  CC      lib/dump_stack.o
  CC      arch/x86/kernel/time.o
  CC      kernel/sys.o
  CC      drivers/video/console/dummycon.o
  AR      arch/x86/entry/vdso/vdso64/built-in.a
  AR      sound/isa/ad1848/built-in.a
  AR      arch/x86/mm/pat/built-in.a
  AR      arch/x86/entry/vdso/built-in.a
  AR      sound/isa/cs423x/built-in.a
  CC      arch/x86/kernel/ioport.o
  AS      arch/x86/entry/entry_64_compat.o
  CC      mm/vmstat.o
  AR      sound/isa/es1688/built-in.a
  CC      arch/x86/kernel/dumpstack.o
  CC      arch/x86/mm/dump_pagetables.o
  AR      sound/isa/galaxy/built-in.a
  CC      sound/core/pcm_native.o
  CC      lib/earlycpio.o
  AR      sound/isa/gus/built-in.a
  CC      net/core/dev_addr_lists.o
  CC      arch/x86/lib/insn.o
  AR      net/ethernet/built-in.a
  AR      sound/isa/msnd/built-in.a
  CC      arch/x86/events/intel/uncore_discovery.o
  CC      arch/x86/lib/kaslr.o
  CC      sound/core/pcm_lib.o
  AR      security/integrity/built-in.a
  AR      sound/isa/opti9xx/built-in.a
  CC      sound/core/pcm_misc.o
  CC      drivers/acpi/utils.o
  AR      sound/isa/sb/built-in.a
  CC      drivers/clk/clk-bulk.o
  CC      sound/core/pcm_memory.o
  AR      sound/isa/wavefront/built-in.a
  CC      arch/x86/kvm/pmu.o
  AR      sound/isa/wss/built-in.a
  CC      fs/attr.o
  AR      sound/isa/built-in.a
  CC      net/core/dst.o
  CC      io_uring/sqpoll.o
  CC      lib/extable.o
  CC      drivers/pnp/driver.o
  CC      block/blk-mq.o
  CC      arch/x86/entry/syscall_32.o
  CC      security/selinux/status.o
  CC      security/landlock/tsync.o
  AR      security/keys/built-in.a
  CC      net/802/psnap.o
  CC      drivers/video/backlight/backlight.o
  CC      net/sched/sch_generic.o
  CC      drivers/pci/irq.o
  CC      crypto/shash.o
  CC      kernel/umh.o
  CC      sound/core/memalloc.o
  CC      crypto/akcipher.o
  CC      arch/x86/mm/numa.o
  CC      drivers/video/console/vgacon.o
  CC      block/blk-mq-tag.o
  CC      mm/backing-dev.o
  AS      arch/x86/lib/memcpy_64.o
  CC      arch/x86/kvm/mtrr.o
  CC      drivers/acpi/reboot.o
  CC      net/core/netevent.o
  CC      arch/x86/events/intel/cstate.o
  CC      arch/x86/kvm/debugfs.o
  CC      drivers/clk/clkdev.o
  CC      security/landlock/net.o
  CC      net/sched/sch_mq.o
  CC      arch/x86/kernel/nmi.o
  CC      fs/bad_inode.o
  CC      drivers/pnp/resource.o
  CC      fs/file.o
  CC      lib/flex_proportions.o
  CC      sound/core/pcm_timer.o
  CC      io_uring/xattr.o
  CC      arch/x86/kernel/fred.o
  AR      arch/x86/entry/built-in.a
  CC      security/selinux/initcalls.o
  CC      drivers/pci/vpd.o
  CC      mm/mm_init.o
  AS      arch/x86/lib/memmove_64.o
  AR      drivers/video/backlight/built-in.a
  CC      net/802/stp.o
  CC      security/landlock/id.o
  AS      arch/x86/lib/memset_64.o
  CC      arch/x86/mm/amdtopology.o
  CC      kernel/workqueue.o
  CC      arch/x86/kernel/ldt.o
  CC      block/blk-mq-dma.o
  AR      drivers/video/console/built-in.a
  CC      drivers/acpi/nvs.o
  AR      sound/pci/ac97/built-in.a
  CC      crypto/sig.o
  AR      sound/pci/ali5451/built-in.a
  CC      drivers/video/fbdev/core/fb_notify.o
  CC      mm/percpu.o
  CC      arch/x86/lib/misc.o
  AR      sound/pci/asihpi/built-in.a
  CC      net/core/neighbour.o
  CC      drivers/acpi/wakeup.o
  CC      arch/x86/kvm/mmu/mmu.o
  AR      sound/pci/au88x0/built-in.a
  CC      drivers/clk/clk.o
  CC      lib/idr.o
  CC      drivers/pci/setup-bus.o
  AR      arch/x86/events/intel/built-in.a
  AR      sound/pci/aw2/built-in.a
  AR      sound/ppc/built-in.a
  AR      arch/x86/events/built-in.a
  ASN.1   crypto/rsapubkey.asn1.[ch]
  AR      sound/pci/ctxfi/built-in.a
  CC      mm/slab_common.o
  CC      arch/x86/lib/pc-conf-reg.o
  AS      arch/x86/lib/putuser.o
  AR      sound/pci/ca0106/built-in.a
  CC      security/selinux/ss/ebitmap.o
  AR      sound/pci/cs46xx/built-in.a
  CC      sound/core/seq_device.o
  CC      drivers/pnp/manager.o
  CC      io_uring/nop.o
  CC      security/landlock/audit.o
  AS      arch/x86/lib/retpoline.o
  CC      io_uring/fs.o
  AR      sound/pci/cs5535audio/built-in.a
  CC      fs/filesystems.o
  CC      lib/iomem_copy.o
  AR      sound/pci/lola/built-in.a
  AR      sound/pci/lx6464es/built-in.a
  CC      lib/irq_regs.o
  AR      sound/pci/echoaudio/built-in.a
  CC      drivers/pci/vc.o
  CC      net/sched/sch_frag.o
  AR      sound/pci/emu10k1/built-in.a
  AR      net/802/built-in.a
  CC      net/core/rtnetlink.o
  AR      sound/pci/ice1712/built-in.a
  AR      sound/pci/korg1212/built-in.a
  AS      arch/x86/kernel/ibt_selftest.o
  CC      arch/x86/mm/srat.o
  CC      sound/core/seq/seq.o
  CC      block/blk-stat.o
  ASN.1   crypto/rsaprivkey.asn1.[ch]
  AR      sound/pci/mixart/built-in.a
  CC      crypto/rsa.o
  CC      block/blk-mq-sysfs.o
  AR      sound/pci/nm256/built-in.a
  CC      kernel/pid.o
  CC      drivers/video/fbdev/core/fb_info.o
  AR      sound/pci/oxygen/built-in.a
  CC      kernel/task_work.o
  CC      drivers/video/fbdev/core/fbmem.o
  AR      sound/pci/pcxhr/built-in.a
  CC      block/blk-mq-cpumap.o
  CC      sound/core/seq/seq_lock.o
  CC      drivers/acpi/sleep.o
  CC      net/sched/sch_api.o
  AR      sound/pci/riptide/built-in.a
  CC      arch/x86/lib/usercopy.o
  AR      sound/pci/rme9652/built-in.a
  CC      drivers/clk/clk-divider.o
  CC      security/selinux/ss/hashtab.o
  CC      arch/x86/kvm/mmu/page_track.o
  AR      sound/pci/trident/built-in.a
  CC      sound/core/seq/seq_clientmgr.o
  AR      sound/pci/ymfpci/built-in.a
  CC      drivers/pnp/support.o
  CC      mm/compaction.o
  CC      mm/show_mem.o
  CC      drivers/dma/dmaengine.o
  AR      sound/pci/vx222/built-in.a
  CC      sound/core/seq/seq_memory.o
  AR      sound/pci/built-in.a
  CC      security/landlock/domain.o
  CC      arch/x86/kernel/setup.o
  CC      lib/is_single_threaded.o
  CC      io_uring/splice.o
  CC      fs/namespace.o
  CC      drivers/dma/virt-dma.o
  CC      drivers/pci/mmap.o
  CC      arch/x86/kernel/x86_init.o
  CC      net/core/utils.o
  CC      drivers/clk/clk-fixed-factor.o
  CC      arch/x86/lib/usercopy_64.o
  CC      arch/x86/mm/pkeys.o
  CC      crypto/rsa_helper.o
  CC      net/sched/sch_blackhole.o
  CC      security/selinux/ss/symtab.o
  CC      drivers/dma/acpi-dma.o
  CC      drivers/pci/devres.o
  CC      block/blk-mq-sched.o
  CC      kernel/extable.o
  AR      drivers/soc/apple/built-in.a
  AR      drivers/soc/aspeed/built-in.a
  CC      drivers/pci/msi/pcidev_msi.o
  CC      drivers/video/fbdev/core/fbcmap.o
  CC      drivers/acpi/device_sysfs.o
  AR      drivers/soc/bcm/built-in.a
  CC      drivers/acpi/device_pm.o
  CC      io_uring/sync.o
  AR      drivers/soc/fsl/built-in.a
  CC      arch/x86/kvm/mmu/spte.o
  CC      net/core/link_watch.o
  AR      drivers/soc/fujitsu/built-in.a
  CC      drivers/pnp/interface.o
  AR      drivers/soc/hisilicon/built-in.a
  CC      sound/core/seq/seq_queue.o
  AR      drivers/soc/imx/built-in.a
  CC      lib/klist.o
  CC      net/core/filter.o
  AR      drivers/soc/ixp4xx/built-in.a
  CC      mm/interval_tree.o
  CC      arch/x86/kernel/i8259.o
  CC      security/selinux/ss/sidtab.o
  CC      drivers/virtio/virtio.o
  AR      drivers/soc/loongson/built-in.a
  CC      crypto/rsa-pkcs1pad.o
  AR      drivers/soc/mediatek/built-in.a
  CC      arch/x86/lib/msr-smp.o
  CC      drivers/tty/tty_io.o
  CC      kernel/params.o
  CC      drivers/clk/clk-fixed-rate.o
  CC      block/ioctl.o
  CC      drivers/acpi/proc.o
  AR      drivers/soc/microchip/built-in.a
  CC      arch/x86/kernel/irqinit.o
  CC      arch/x86/mm/kaslr.o
  CC      fs/seq_file.o
  AR      drivers/soc/nuvoton/built-in.a
  AR      drivers/soc/pxa/built-in.a
  CC      net/sched/cls_api.o
  AR      drivers/soc/amlogic/built-in.a
  AR      security/landlock/built-in.a
  CC      drivers/dma/dw/core.o
  CC      lib/kobject.o
  AR      drivers/soc/qcom/built-in.a
  CC      drivers/pnp/quirks.o
  CC      arch/x86/mm/pti.o
  AR      drivers/soc/renesas/built-in.a
  CC      drivers/pci/msi/api.o
  AR      drivers/video/fbdev/omap/built-in.a
  CC      drivers/video/fbdev/core/modedb.o
  CC      drivers/video/fbdev/core/fbcvt.o
  CC      net/sched/act_api.o
  AR      drivers/soc/rockchip/built-in.a
  AR      drivers/soc/sophgo/built-in.a
  CC      io_uring/msg_ring.o
  AR      drivers/soc/sunxi/built-in.a
  CC      drivers/pci/msi/msi.o
  AR      drivers/soc/ti/built-in.a
  CC      sound/core/seq/seq_fifo.o
  CC      crypto/rsassa-pkcs1.o
  AR      drivers/soc/versatile/built-in.a
  CC      arch/x86/kvm/mmu/tdp_iter.o
  AR      arch/x86/crypto/built-in.a
  AR      drivers/soc/vt8500/built-in.a
  CC      arch/x86/kvm/mmu/tdp_mmu.o
  AR      drivers/video/fbdev/omap2/omapfb/dss/built-in.a
  CC      drivers/pci/pcie/portdrv.o
  AR      drivers/soc/xilinx/built-in.a
  CC      arch/x86/lib/cache-smp.o
  CC      mm/list_lru.o
  AR      drivers/soc/built-in.a
  AR      drivers/video/fbdev/omap2/omapfb/displays/built-in.a
  CC      drivers/pnp/system.o
  AR      drivers/video/fbdev/omap2/omapfb/built-in.a
  CC      drivers/virtio/virtio_ring.o
  AR      drivers/video/fbdev/omap2/built-in.a
  CC      drivers/tty/n_tty.o
  CC      security/selinux/ss/avtab.o
  CC      arch/x86/lib/msr.o
  CC      drivers/char/mem.o
  CC      net/core/sock_diag.o
  CC      net/core/dev_ioctl.o
  CC      fs/xattr.o
  CC      drivers/clk/clk-gate.o
  CC      drivers/acpi/bus.o
  CC      block/genhd.o
  CC      lib/kobject_uevent.o
  CC      kernel/kthread.o
  CC      arch/x86/kernel/jump_label.o
  CC      drivers/dma/dw/dw.o
  AR      arch/x86/mm/built-in.a
  CC      fs/libfs.o
  CC      net/core/tso.o
  CC      io_uring/advise.o
  CC      kernel/sys_ni.o
  CC      arch/x86/ia32/audit.o
  CC      drivers/video/fbdev/core/fb_cmdline.o
  CC      drivers/clk/clk-multiplier.o
  CC      net/sched/act_mirred.o
  CC      crypto/acompress.o
  CC      sound/core/seq/seq_prioq.o
  AR      sound/arm/built-in.a
  CC      drivers/pci/msi/irqdomain.o
  CC      drivers/pci/pcie/rcec.o
  CC      fs/fs-writeback.o
  CC      lib/logic_pio.o
  CC      drivers/tty/tty_ioctl.o
  CC      arch/x86/kvm/i8259.o
  CC      mm/workingset.o
  CC      drivers/virtio/virtio_anchor.o
  AS      arch/x86/lib/msr-reg.o
  CC      security/selinux/ss/policydb.o
  CC      drivers/char/random.o
  CC      block/ioprio.o
  CC      drivers/pnp/pnpacpi/core.o
  CC      kernel/nsproxy.o
  CC      drivers/video/fbdev/core/fb_backlight.o
  CC      drivers/dma/dw/idma32.o
  CC      arch/x86/kernel/irq_work.o
  CC      arch/x86/kvm/i8254.o
  CC      drivers/pnp/pnpacpi/rsparser.o
  CC      mm/debug.o
  AR      arch/x86/ia32/built-in.a
  CC      fs/pnode.o
  CC      mm/gup.o
  CC      mm/mmap_lock.o
  CC      drivers/acpi/glue.o
  CC      drivers/clk/clk-mux.o
  CC      io_uring/statx.o
  CC      sound/core/seq/seq_timer.o
  CC      mm/vma_init.o
  CC      io_uring/timeout.o
  CC      crypto/scompress.o
  CC      lib/maple_tree.o
  CC      net/sched/sch_fifo.o
  CC      net/core/sock_reuseport.o
  CC      arch/x86/lib/msr-reg-export.o
  CC      drivers/pci/pcie/bwctrl.o
  AR      drivers/pci/msi/built-in.a
  CC      arch/x86/kvm/ioapic.o
  CC      drivers/virtio/virtio_pci_modern_dev.o
  CC      block/badblocks.o
  CC      arch/x86/kernel/probe_roms.o
  CC      net/netlink/af_netlink.o
  CC      security/selinux/ss/services.o
  CC      drivers/char/misc.o
  CC      drivers/tty/tty_ldisc.o
  CC      io_uring/cancel.o
  CC      io_uring/waitid.o
  CC      kernel/nstree.o
  CC      drivers/dma/dw/acpi.o
  CC      drivers/video/fbdev/core/fbmon.o
  AR      drivers/pci/pwrctrl/built-in.a
  CC      net/netlink/genetlink.o
  CC      fs/splice.o
  CC      net/sched/sch_htb.o
  AR      drivers/pnp/pnpacpi/built-in.a
  AS      arch/x86/lib/hweight.o
  AR      drivers/pnp/built-in.a
  CC      drivers/clk/clk-composite.o
  CC      mm/highmem.o
  CC      block/partitions/core.o
  CC      drivers/acpi/scan.o
  AR      drivers/iommu/arm/arm-smmu/built-in.a
  CC      security/selinux/ss/conditional.o
  CC      sound/core/seq/seq_system.o
  CC      drivers/acpi/mipi-disco-img.o
  CC      sound/core/seq/seq_ports.o
  AR      drivers/iommu/arm/arm-smmu-v3/built-in.a
  AR      drivers/iommu/arm/built-in.a
  CC      arch/x86/kvm/hyperv.o
  CC      crypto/algboss.o
  CC      lib/memcat_p.o
  AR      drivers/iommu/iommufd/built-in.a
  CC      drivers/pci/pcie/aspm.o
  CC      drivers/video/fbdev/core/fb_defio.o
  CC      drivers/iommu/amd/iommu.o
  CC      drivers/iommu/amd/init.o
  CC      drivers/virtio/virtio_pci_legacy_dev.o
  CC      drivers/pci/proc.o
  CC      net/core/fib_notifier.o
  CC      arch/x86/kernel/sys_ia32.o
  CC      drivers/char/virtio_console.o
  CC      drivers/acpi/resource.o
  CC      mm/memory.o
  CC      arch/x86/lib/iomem.o
  CC      drivers/acpi/acpi_processor.o
  AR      drivers/dma/dw/built-in.a
  CC      drivers/tty/tty_buffer.o
  CC      drivers/dma/hsu/hsu.o
  CC      io_uring/register.o
  CC      kernel/nscommon.o
  CC      drivers/pci/pci-sysfs.o
  CC      fs/sync.o
  CC      block/partitions/msdos.o
  CC      net/sched/sch_hfsc.o
  CC      net/netlink/policy.o
  CC      drivers/virtio/virtio_pci_modern.o
  CC      drivers/clk/clk-fractional-divider.o
  CC      arch/x86/kernel/signal_32.o
  CC      block/blk-rq-qos.o
  CC      sound/core/seq/seq_info.o
  CC      io_uring/truncate.o
  CC      security/selinux/ss/mls.o
  CC      lib/nmi_backtrace.o
  CC      drivers/pci/pcie/pme.o
  CC      arch/x86/kvm/smm.o
  AR      sound/sh/built-in.a
  CC      arch/x86/kvm/vmx/vmx.o
  CC      crypto/testmgr.o
  CC      block/partitions/efi.o
  CC      drivers/video/fbdev/core/fb_chrdev.o
  CC      drivers/iommu/amd/quirks.o
  CC      net/bpf/test_run.o
  CC      drivers/char/hpet.o
  CC      drivers/iommu/amd/ppr.o
  CC      net/core/xdp.o
  CC      kernel/notifier.o
  CC      arch/x86/lib/inat.o
  AR      drivers/dma/hsu/built-in.a
  CC      drivers/tty/tty_port.o
  CC      net/core/flow_offload.o
  CC      drivers/acpi/processor_core.o
  AR      drivers/dma/idxd/built-in.a
  CC      mm/mincore.o
  AR      drivers/dma/amd/built-in.a
  AR      drivers/dma/loongson/built-in.a
  CC      drivers/acpi/processor_pdc.o
  AR      drivers/dma/mediatek/built-in.a
  CC      drivers/clk/clk-gpio.o
  CC      arch/x86/kernel/sys_x86_64.o
  CC      drivers/virtio/virtio_pci_common.o
  CC      fs/utimes.o
  AR      net/netlink/built-in.a
  CC      net/sched/sch_ingress.o
  CC      net/sched/sch_sfq.o
  AR      drivers/dma/qcom/built-in.a
  CC      sound/core/seq/seq_dummy.o
  AR      drivers/dma/stm32/built-in.a
  CC      mm/mlock.o
  AR      drivers/dma/ti/built-in.a
  AR      drivers/dma/xilinx/built-in.a
  CC      drivers/iommu/amd/pasid.o
  AR      drivers/dma/built-in.a
  CC      lib/objpool.o
  CC      io_uring/memmap.o
  CC      net/core/gro.o
  CC      security/selinux/ss/context.o
  CC      security/selinux/netlabel.o
  AR      drivers/pci/pcie/built-in.a
  CC      drivers/pci/slot.o
  AR      drivers/clk/actions/built-in.a
  AR      arch/x86/lib/built-in.a
  CC      drivers/video/fbdev/core/fb_procfs.o
  AR      arch/x86/lib/lib.a
  CC      crypto/cmac.o
  AR      block/partitions/built-in.a
  CC      drivers/video/fbdev/core/fbsysfs.o
  CC      arch/x86/kvm/kvm-asm-offsets.s
  CC      crypto/hmac.o
  CC      block/disk-events.o
  CC      net/bpf/bpf_dummy_struct_ops.o
  CC      crypto/sha1.o
  CC      drivers/char/nvram.o
  CC      drivers/iommu/intel/iommu.o
  CC      drivers/tty/tty_mutex.o
  CC      kernel/ksysfs.o
  AR      drivers/clk/aspeed/built-in.a
  CC      drivers/virtio/virtio_pci_legacy.o
  AR      drivers/clk/analogbits/built-in.a
  CC      net/sched/sch_tbf.o
  CC      fs/d_path.o
  AR      sound/core/seq/built-in.a
  CC      arch/x86/kvm/vmx/pmu_intel.o
  CC      arch/x86/kernel/espfix_64.o
  CC      drivers/acpi/ec.o
  AR      sound/core/built-in.a
  AR      drivers/clk/bcm/built-in.a
  AR      drivers/clk/imgtec/built-in.a
  CC      mm/mmap.o
  AR      sound/synth/emux/built-in.a
  AR      drivers/clk/imx/built-in.a
  AR      sound/synth/built-in.a
  AR      sound/usb/misc/built-in.a
  CC      lib/plist.o
  CC      drivers/virtio/virtio_pci_admin_legacy_io.o
  AR      drivers/clk/ingenic/built-in.a
  CC      io_uring/alloc_cache.o
  AR      drivers/iommu/amd/built-in.a
  AR      sound/usb/usx2y/built-in.a
  CC      drivers/virtio/virtio_balloon.o
  AR      drivers/clk/keystone/built-in.a
  CC      drivers/virtio/virtio_input.o
  CC      drivers/pci/pci-acpi.o
  AR      drivers/clk/mediatek/built-in.a
  AR      sound/firewire/built-in.a
  CC      arch/x86/kernel/ksysfs.o
  AR      drivers/clk/microchip/built-in.a
  AR      sound/usb/caiaq/built-in.a
  AR      drivers/clk/mstar/built-in.a
  AR      sound/usb/6fire/built-in.a
  AR      security/selinux/built-in.a
  AR      security/built-in.a
  AR      drivers/clk/mvebu/built-in.a
  AR      sound/usb/hiface/built-in.a
  AR      sound/sparc/built-in.a
  AR      sound/spi/built-in.a
  CC      drivers/tty/tty_ldsem.o
  CC      mm/mmu_gather.o
  CC      drivers/acpi/dock.o
  CC      crypto/sha256.o
  CC      block/blk-ia-ranges.o
  AR      sound/usb/bcd2000/built-in.a
  AR      drivers/clk/ralink/built-in.a
  CC      drivers/video/fbdev/core/fbcon.o
  AR      net/bpf/built-in.a
  CC      drivers/tty/tty_baudrate.o
  CC      block/early-lookup.o
  CC      drivers/video/fbdev/core/bitblit.o
  AR      sound/usb/qcom/built-in.a
  CC      io_uring/query.o
  AR      drivers/clk/renesas/built-in.a
  CC      kernel/cred.o
  CC      drivers/char/hw_random/core.o
  AR      sound/usb/built-in.a
  CC      net/ethtool/ioctl.o
  AR      drivers/clk/socfpga/built-in.a
  CC      drivers/iommu/intel/pasid.o
  CC      net/sched/sch_prio.o
  AR      sound/parisc/built-in.a
  AR      drivers/clk/sophgo/built-in.a
  AR      drivers/clk/spacemit/built-in.a
  CC      lib/radix-tree.o
  AR      sound/pcmcia/vx/built-in.a
  AR      drivers/clk/sprd/built-in.a
  CC      io_uring/loop.o
  CC      io_uring/zcrx.o
  CC      fs/stack.o
  AR      sound/pcmcia/pdaudiocf/built-in.a
  AR      sound/pcmcia/built-in.a
  AR      drivers/clk/starfive/built-in.a
  AR      drivers/clk/sunxi-ng/built-in.a
  AR      sound/mips/built-in.a
  AR      drivers/clk/tenstorrent/built-in.a
  AR      sound/soc/built-in.a
  AR      drivers/clk/ti/built-in.a
  CC      io_uring/io-wq.o
  AR      sound/atmel/built-in.a
  CC      drivers/virtio/virtio_dma_buf.o
  CC      drivers/gpu/buddy.o
  AR      drivers/clk/versatile/built-in.a
  CC      sound/hda/core/hda_bus_type.o
  AR      arch/x86/platform/atom/built-in.a
  CC      arch/x86/kernel/bootflag.o
  CC      drivers/clk/x86/clk-fch.o
  AR      arch/x86/platform/ce4100/built-in.a
  CC      arch/x86/platform/efi/memmap.o
  CC      drivers/video/fbdev/efifb.o
  CC      drivers/pci/iomap.o
  CC      drivers/acpi/pci_root.o
  CC      drivers/tty/tty_jobctrl.o
  CC      net/sched/sch_netem.o
  CC      crypto/sha512.o
  CC      block/bsg.o
  CC      drivers/char/hw_random/via-rng.o
  CC      drivers/video/fbdev/core/softcursor.o
  CC      kernel/reboot.o
  CC      drivers/char/agp/backend.o
  CC      drivers/char/agp/generic.o
  CC      drivers/iommu/intel/nested.o
  CC      fs/fs_struct.o
  CC      net/ethtool/common.o
  CC      sound/hda/common/bind.o
  CC      lib/ratelimit.o
  CC      lib/rbtree.o
  CC      sound/hda/core/bus.o
  CC      io_uring/futex.o
  AR      drivers/virtio/built-in.a
  CC      drivers/char/agp/isoch.o
  AR      drivers/gpu/host1x/built-in.a
  CC      sound/hda/common/codec.o
  CC      arch/x86/platform/efi/quirks.o
  CC      arch/x86/kernel/e820.o
  AR      drivers/clk/x86/built-in.a
  AR      drivers/clk/xilinx/built-in.a
  CC      drivers/pci/quirks.o
  CC      drivers/acpi/pci_link.o
  CC      drivers/tty/n_null.o
  AR      drivers/clk/built-in.a
  CC      net/ethtool/netlink.o
  CC      crypto/ecb.o
  CC      drivers/iommu/generic_pt/fmt/iommu_amdv1.o
  CC      block/blk-cgroup.o
  AR      drivers/char/hw_random/built-in.a
  CC      sound/hda/common/jack.o
  AR      sound/x86/built-in.a
  CC      net/sched/sch_fq_codel.o
  CC      drivers/iommu/intel/cache.o
  CC      kernel/async.o
  CC      lib/seq_buf.o
  CC      fs/statfs.o
  CC      drivers/video/fbdev/core/cfbfillrect.o
  CC      net/sched/sch_fq.o
  CC      lib/siphash.o
  AR      arch/x86/platform/geode/built-in.a
  CC      drivers/iommu/generic_pt/fmt/iommu_vtdss.o
  CC      io_uring/epoll.o
  CC      sound/hda/core/device.o
  CC      drivers/char/agp/amd64-agp.o
  AR      sound/hda/codecs/cirrus/built-in.a
  CC      io_uring/napi.o
  CC      drivers/acpi/pci_irq.o
  AR      sound/hda/codecs/hdmi/built-in.a
  AR      sound/hda/codecs/realtek/built-in.a
  CC      arch/x86/kernel/pci-dma.o
  CC      arch/x86/platform/efi/efi.o
  AR      sound/hda/codecs/side-codecs/built-in.a
  CC      drivers/tty/pty.o
  AR      sound/hda/codecs/built-in.a
  CC      drivers/iommu/generic_pt/fmt/iommu_x86_64.o
  CC      drivers/connector/cn_queue.o
  CC      crypto/cbc.o
  CC      net/ethtool/bitset.o
  CC      drivers/pci/hotplug/pci_hotplug_core.o
  CC      block/blk-ioprio.o
  CC      io_uring/net.o
  CC      kernel/range.o
  CC      sound/hda/common/auto_parser.o
  CC      drivers/pci/hotplug/acpi_pcihp.o
  CC      drivers/iommu/intel/prq.o
  CC      lib/string.o
  CC      drivers/video/fbdev/core/cfbcopyarea.o
  CC      fs/fs_pin.o
  CC      kernel/smpboot.o
  CC      drivers/char/agp/intel-agp.o
  CC      drivers/acpi/acpi_apd.o
  CC      drivers/tty/tty_audit.o
  CC      sound/hda/core/sysfs.o
  CC      arch/x86/kernel/quirks.o
  CC      arch/x86/platform/efi/efi_64.o
  CC      net/ethtool/strset.o
  CC      crypto/cts.o
  CC      block/blk-iolatency.o
  CC      crypto/ctr.o
  CC      drivers/connector/connector.o
  CC      sound/hda/common/sysfs.o
  CC      sound/hda/core/regmap.o
  CC      lib/sys_info.o
  AR      drivers/pci/hotplug/built-in.a
  CC      drivers/pci/ats.o
  CC      fs/nsfs.o
  CC      drivers/video/fbdev/core/cfbimgblt.o
  CC      drivers/iommu/intel/dmar.o
  CC      kernel/ucount.o
  CC      drivers/char/agp/intel-gtt.o
  CC      drivers/acpi/acpi_platform.o
  CC      drivers/tty/sysrq.o
  CC      lib/timerqueue.o
  CC      arch/x86/kernel/kdebugfs.o
  CC      drivers/iommu/iommu.o
  CC      net/ethtool/linkinfo.o
  CC      block/blk-iocost.o
  CC      crypto/gcm.o
  AS      arch/x86/platform/efi/efi_stub_64.o
  CC      drivers/video/fbdev/core/fb_io_fops.o
  CC      sound/hda/core/controller.o
  CC      sound/hda/common/controller.o
  CC      drivers/connector/cn_proc.o
  CC      kernel/regset.o
  CC      drivers/pci/pci-label.o
  CC      fs/fs_dirent.o
  CC      drivers/tty/vt/vt_ioctl.o
  CC      drivers/iommu/intel/trace.o
  AR      drivers/char/agp/built-in.a
  AR      drivers/char/built-in.a
  CC      block/mq-deadline.o
  CC      drivers/acpi/acpi_pnp.o
  CC      lib/union_find.o
  CC      block/kyber-iosched.o
  AS      arch/x86/platform/efi/efi_thunk_64.o
  CC      arch/x86/kernel/alternative.o
  CC      crypto/ccm.o
  CC      arch/x86/platform/efi/runtime-map.o
  CC      net/ethtool/linkmodes.o
  CC      drivers/video/fbdev/core/sysfillrect.o
  CC      fs/fs_context.o
  CC      kernel/ksyms_common.o
  CC      sound/hda/common/proc.o
  CC      sound/hda/core/stream.o
  CC      lib/vsprintf.o
  AR      drivers/connector/built-in.a
  CC      drivers/pci/vgaarb.o
  CC      drivers/tty/hvc/hvc_console.o
  CC      drivers/tty/vt/vc_screen.o
  CC      drivers/acpi/power.o
  CC      drivers/gpu/drm/drm_atomic.o
  CC      sound/hda/common/hwdep.o
  CC      block/blk-mq-debugfs.o
  CC      fs/fs_parser.o
  CC      arch/x86/kernel/i8253.o
  AR      arch/x86/platform/efi/built-in.a
  CC      crypto/aes.o
  CC      drivers/video/fbdev/core/syscopyarea.o
  AR      arch/x86/platform/iris/built-in.a
  CC      crypto/camellia_generic.o
  CC      arch/x86/platform/intel/iosf_mbi.o
  CC      kernel/groups.o
  CC      net/ethtool/rss.o
  CC      sound/hda/core/array.o
  CC      drivers/tty/serial/serial_core.o
  AR      drivers/tty/hvc/built-in.a
  CC      lib/win_minmax.o
  CC      drivers/tty/serial/serial_base_bus.o
  CC      drivers/acpi/event.o
  CC      drivers/tty/vt/selection.o
  CC      drivers/gpu/drm/drm_atomic_uapi.o
  CC      drivers/pci/setup-cardbus.o
  CC      block/blk-pm.o
  CC      fs/fsopen.o
  AR      sound/hda/common/built-in.a
  CC      net/ethtool/linkstate.o
  CC      arch/x86/kernel/hw_breakpoint.o
  CC      io_uring/cmd_net.o
  CC      drivers/video/fbdev/core/sysimgblt.o
  CC      crypto/authenc.o
  AR      arch/x86/platform/intel/built-in.a
  CC      sound/hda/core/hdmi_chmap.o
  AR      arch/x86/platform/intel-mid/built-in.a
  CC      kernel/vhost_task.o
  AR      arch/x86/platform/intel-quark/built-in.a
  CC      lib/xarray.o
  AR      arch/x86/platform/olpc/built-in.a
  CC      io_uring/fdinfo.o
  AR      arch/x86/platform/scx200/built-in.a
  CC      drivers/tty/vt/keyboard.o
  CC      drivers/acpi/evged.o
  AR      arch/x86/platform/ts5500/built-in.a
  AR      drivers/pci/controller/dwc/built-in.a
  AR      drivers/pci/controller/mobiveil/built-in.a
  AR      arch/x86/platform/uv/built-in.a
  CC      fs/init.o
  AR      arch/x86/platform/built-in.a
  AR      drivers/pci/controller/plda/built-in.a
  AR      drivers/pci/controller/built-in.a
  CC      net/ethtool/debug.o
  CC      drivers/acpi/sysfs.o
  AR      drivers/pci/switch/built-in.a
  CC      drivers/gpu/drm/drm_auth.o
  CC      drivers/pci/trace.o
  CC      arch/x86/kernel/tsc.o
  CC      sound/hda/core/trace.o
  CC      drivers/video/fbdev/core/fb_sys_fops.o
  CC      crypto/authencesn.o
  CC      lib/lockref.o
  CC      drivers/tty/vt/vt.o
  AR      drivers/gpu/vga/built-in.a
  CC      fs/kernel_read_file.o
  CC      drivers/acpi/property.o
  CC      net/ethtool/wol.o
  CC      drivers/gpu/drm/drm_blend.o
  CC      arch/x86/kernel/tsc_msr.o
  CC      kernel/sched/core.o
  AR      drivers/pci/built-in.a
  CC      lib/bcd.o
  CC      fs/mnt_idmapping.o
  AR      drivers/video/fbdev/core/built-in.a
  CC      sound/hda/core/component.o
  AR      drivers/video/fbdev/built-in.a
  CC      crypto/krb5enc.o
  AR      drivers/video/built-in.a
  AR      drivers/gpu/tests/built-in.a
  CC      block/holder.o
  CC      drivers/acpi/debugfs.o
  CC      lib/sort.o
  CC      drivers/gpu/drm/drm_bridge.o
  CC      net/ethtool/features.o
  CC      arch/x86/kernel/io_delay.o
  CC      sound/hda/core/i915.o
  CC      crypto/lzo.o
  CC      kernel/sched/fair.o
  CC      lib/parser.o
  CC      drivers/acpi/acpi_lpat.o
  CC      arch/x86/kernel/rtc.o
  CC      net/ethtool/privflags.o
  CC      sound/hda/core/intel-dsp-config.o
  CC      crypto/lzo-rle.o
  CC      drivers/acpi/acpi_lpit.o
  CC      lib/debug_locks.o
  CC      crypto/lz4.o
  CC      lib/random32.o
  CC      crypto/asymmetric_keys/asymmetric_type.o
  CC      lib/bust_spinlocks.o
  CC      crypto/asymmetric_keys/restrict.o
  CC      lib/kasprintf.o
  CC      crypto/asymmetric_keys/signature.o
  CC      lib/bitmap.o
  CC      crypto/asymmetric_keys/public_key.o
  CC      lib/scatterlist.o
  ASN.1   crypto/asymmetric_keys/x509.asn1.[ch]
  ASN.1   crypto/asymmetric_keys/x509_akid.asn1.[ch]
  CC      crypto/asymmetric_keys/x509_loader.o
  CC      lib/list_sort.o
  CC      lib/uuid.o
  CC      lib/iov_iter.o
  CC      lib/clz_ctz.o
  CC      lib/bsearch.o
  CC      lib/find_bit.o
  CC      lib/llist.o
  CC      lib/lwq.o
  CC      lib/memweight.o
  CC      lib/kfifo.o
  CC      lib/percpu-refcount.o
  CC      lib/rhashtable.o
  CC      crypto/asymmetric_keys/x509_public_key.o
  ASN.1   crypto/asymmetric_keys/pkcs7.asn1.[ch]
  CC      net/sched/cls_u32.o
  AR      drivers/iommu/generic_pt/fmt/built-in.a
  CC      arch/x86/net/bpf_jit_comp.o
  CC      sound/hda/core/intel-nhlt.o
  CC      drivers/gpu/drm/drm_cache.o
  AS      arch/x86/net/bpf_timed_may_goto.o
  AR      arch/x86/net/built-in.a
  CC      fs/remap_range.o
  CC      arch/x86/kernel/resource.o
  CC      mm/mprotect.o
  CC      arch/x86/purgatory/purgatory.o
  CC      net/sched/cls_fw.o
  AS      arch/x86/purgatory/stack.o
  AS      arch/x86/purgatory/setup-x86_64.o
  AR      block/built-in.a
  CC      sound/hda/controllers/intel.o
  CC      arch/x86/purgatory/sha256.o
  COPY    drivers/tty/vt/defkeymap.c
  CC      drivers/tty/vt/consolemap.o
  AR      sound/hda/controllers/built-in.a
  CC      lib/base64.o
  CC      kernel/sched/build_policy.o
  AR      sound/xen/built-in.a
  AS      arch/x86/kernel/irqflags.o
  AS      arch/x86/purgatory/entry64.o
  CC      net/sched/cls_cgroup.o
  CC      kernel/sched/build_utility.o
  CC      kernel/locking/mutex.o
  CC      drivers/acpi/prmt.o
  CC      net/core/netdev-genl.o
  CC      drivers/tty/serial/serial_ctrl.o
  CC      net/sched/cls_matchall.o
  CC      sound/hda/core/intel-sdw-acpi.o
  CC      arch/x86/kvm/vmx/vmcs12.o
  CC      lib/once.o
  CC      mm/mremap.o
  AR      drivers/tty/ipwireless/built-in.a
  CC      drivers/acpi/acpi_pcc.o
  CC      arch/x86/purgatory/string.o
  CC      drivers/iommu/intel/irq_remapping.o
  LD      arch/x86/purgatory/purgatory.ro
  LD      arch/x86/purgatory/purgatory.chk
  AS      arch/x86/purgatory/kexec-purgatory.o
  AR      arch/x86/purgatory/built-in.a
  CC      net/netfilter/core.o
  CC      arch/x86/virt/svm/cmdline.o
  CC      crypto/asymmetric_keys/pkcs7_trust.o
  AR      arch/x86/virt/svm/built-in.a
  AR      arch/x86/virt/vmx/built-in.a
  CC      arch/x86/kernel/static_call.o
  CC      arch/x86/virt/hw.o
  CC      net/netfilter/nf_log.o
  CC      drivers/gpu/drm/drm_color_mgmt.o
  CC      net/ethtool/rings.o
  AR      arch/x86/virt/built-in.a
  CC      lib/refcount.o
  CC      net/netfilter/nf_queue.o
  CC      net/ethtool/channels.o
  CC      net/netfilter/nf_sockopt.o
  AR      sound/virtio/built-in.a
  CC      net/ipv4/route.o
  CC      drivers/gpu/drm/drm_colorop.o
  CC      net/netfilter/utils.o
  CC      net/ipv4/inetpeer.o
  CC      net/ipv4/protocol.o
  CC      net/netfilter/nfnetlink.o
  CC      net/ethtool/coalesce.o
  CC      net/ipv4/ip_input.o
  CC      net/netfilter/nf_bpf_link.o
  CC      net/netfilter/nfnetlink_queue.o
  CC      net/ipv4/ip_fragment.o
  CC      drivers/tty/serial/serial_port.o
  CC      net/netfilter/nfnetlink_log.o
  CC      fs/pidfs.o
  CC      net/ipv4/ip_forward.o
  CC      net/netfilter/nf_conntrack_core.o
  CC      io_uring/bpf_filter.o
  CC      net/ipv4/ip_options.o
  CC      net/netfilter/nf_conntrack_standalone.o
  CC      net/netfilter/nf_conntrack_expect.o
  CC      net/netfilter/nf_conntrack_helper.o
  CC      crypto/asymmetric_keys/pkcs7_verify.o
  CC      net/netfilter/nf_conntrack_proto.o
  CC      net/ethtool/pause.o
  CC      net/netfilter/nf_conntrack_proto_generic.o
  CC      drivers/gpu/drm/drm_connector.o
  CC      arch/x86/kernel/process.o
  CC      lib/rcuref.o
  CC      kernel/power/qos.o
  HOSTCC  drivers/tty/vt/conmakehash
  CC      sound/last.o
  AR      sound/hda/core/built-in.a
  AR      sound/hda/built-in.a
  CC      fs/file_attr.o
  CC      mm/msync.o
  COPY    drivers/tty/vt/ucs_width_table.h
  COPY    drivers/tty/vt/ucs_recompose_table.h
  COPY    drivers/tty/vt/ucs_fallback_table.h
  CC      drivers/tty/vt/defkeymap.o
  CC      drivers/base/component.o
  CC      drivers/acpi/acpi_mrrm.o
  CC      net/sched/ematch.o
  CC      kernel/locking/semaphore.o
  CC      lib/usercopy.o
  CC      fs/fserror.o
  CC      net/netfilter/nf_conntrack_proto_tcp.o
  CC      drivers/tty/serial/earlycon.o
  CONMK   drivers/tty/vt/consolemap_deftbl.c
  CC      drivers/iommu/intel/perfmon.o
  CC      drivers/tty/vt/ucs.o
  CC      crypto/asymmetric_keys/x509.asn1.o
  CC      arch/x86/kvm/vmx/nested.o
  CC      net/xfrm/xfrm_policy.o
  CC      kernel/locking/rwsem.o
  CC      net/xfrm/xfrm_state.o
  CC      drivers/tty/vt/consolemap_deftbl.o
  CC      crypto/asymmetric_keys/x509_akid.asn1.o
  CC      net/xfrm/xfrm_hash.o
  CC      net/ipv4/ip_output.o
  CC      net/xfrm/xfrm_input.o
  AR      drivers/tty/vt/built-in.a
  CC      drivers/block/loop.o
  CC      net/xfrm/xfrm_output.o
  CC      crypto/asymmetric_keys/x509_cert_parser.o
  CC      net/xfrm/xfrm_sysctl.o
  CC      drivers/block/virtio_blk.o
  CC      net/xfrm/xfrm_replay.o
  CC      crypto/asymmetric_keys/pkcs7.asn1.o
  CC      drivers/tty/serial/8250/8250_core.o
  CC      net/xfrm/xfrm_device.o
  CC      drivers/tty/serial/8250/8250_platform.o
  CC      drivers/gpu/drm/drm_crtc.o
  CC      drivers/base/core.o
  AR      kernel/sched/built-in.a
  CC      drivers/base/bus.o
  CC      lib/errseq.o
  AR      sound/built-in.a
  CC      arch/x86/kernel/fpu/init.o
  CC      arch/x86/kvm/vmx/posted_intr.o
  CC      lib/bucket_locks.o
  CC      lib/generic-radix-tree.o
  CC      drivers/acpi/acpica/dsargs.o
  CC      net/netfilter/nf_conntrack_proto_udp.o
  CC      arch/x86/kvm/vmx/main.o
  CC      mm/page_vma_mapped.o
  CC      fs/nullfs.o
  CC      kernel/power/main.o
  CC      drivers/tty/serial/8250/8250_pnp.o
  CC      drivers/base/dd.o
  CC      kernel/locking/percpu-rwsem.o
  CC      net/ethtool/eee.o
  AR      io_uring/built-in.a
  CC      drivers/misc/eeprom/eeprom_93cx6.o
  CC      net/core/netdev-genl-gen.o
  AR      net/sched/built-in.a
  CC      drivers/tty/serial/8250/8250_port.o
  CC      fs/buffer.o
  CC      kernel/locking/spinlock.o
  CC      crypto/asymmetric_keys/pkcs7_parser.o
  AR      drivers/iommu/intel/built-in.a
  CC      drivers/iommu/iommu-pages.o
  CC      drivers/iommu/iommu-traces.o
  CC      arch/x86/kernel/fpu/bugs.o
  CC      drivers/acpi/acpica/dscontrol.o
  CC      kernel/locking/osq_lock.o
  CC      drivers/tty/serial/8250/8250_dma.o
  CC      lib/bitmap-str.o
  CC      arch/x86/kernel/fpu/core.o
  CC      net/core/netdev_work.o
  CC      net/unix/af_unix.o
  AR      drivers/block/built-in.a
  CC      net/ipv6/af_inet6.o
  CC      net/unix/garbage.o
  CC      drivers/gpu/drm/drm_displayid.o
  CC      kernel/power/console.o
  CC      net/ipv6/anycast.o
  CC      net/unix/sysctl_net_unix.o
  AR      drivers/misc/eeprom/built-in.a
  AR      drivers/misc/cb710/built-in.a
  AR      drivers/misc/lis3lv02d/built-in.a
  CC      drivers/misc/mei/init.o
  CC      net/unix/unix_bpf.o
  CC      net/ipv6/ip6_output.o
  CC      drivers/tty/serial/8250/8250_dwlib.o
  CC      net/xfrm/xfrm_nat_keepalive.o
  AR      net/unix/built-in.a
  CC      net/ipv4/ip_sockglue.o
  CC      net/ipv6/ip6_input.o
  CC      kernel/printk/printk.o
  CC      net/ipv6/addrconf.o
  CC      mm/pagewalk.o
  CC      net/ipv6/addrlabel.o
  CC      kernel/locking/qspinlock.o
  CC      arch/x86/kvm/vmx/hyperv.o
  CC      drivers/acpi/acpica/dsdebug.o
  AR      crypto/asymmetric_keys/built-in.a
  CC      crypto/krb5/krb5_kdf.o
  CC      crypto/krb5/krb5_api.o
  CC      drivers/acpi/ac.o
  CC      arch/x86/kernel/fpu/regset.o
  CC      net/ethtool/tsinfo.o
  CC      drivers/base/syscore.o
  CC      kernel/power/process.o
  CC      lib/string_helpers.o
  CC      lib/hexdump.o
  AR      drivers/mfd/built-in.a
  CC      drivers/tty/serial/8250/8250_fintek.o
  CC      net/ipv4/inet_hashtables.o
  CC      net/netfilter/nf_conntrack_proto_icmp.o
  CC      drivers/acpi/button.o
  CC      net/netfilter/nf_conntrack_extend.o
  CC      net/ethtool/cabletest.o
  CC      fs/mpage.o
  CC      drivers/iommu/iommu-sysfs.o
  CC      drivers/acpi/acpica/dsfield.o
  CC      drivers/gpu/drm/drm_drv.o
  CC      kernel/locking/rtmutex_api.o
  CC      drivers/misc/mei/hbm.o
  CC      net/core/gso.o
  AR      drivers/misc/cardreader/built-in.a
  CC      drivers/base/driver.o
  CC      drivers/iommu/dma-iommu.o
  CC      arch/x86/kernel/fpu/signal.o
  CC      kernel/power/suspend.o
  CC      drivers/acpi/fan_core.o
  CC      lib/kstrtox.o
  CC      drivers/acpi/acpica/dsinit.o
  CC      arch/x86/kvm/vmx/hyperv_evmcs.o
  CC      kernel/locking/qrwlock.o
  CC      drivers/acpi/acpica/dsmethod.o
  CC      mm/pgtable-generic.o
  CC      arch/x86/kernel/fpu/xstate.o
  CC      crypto/krb5/rfc3961_simplified.o
  CC      net/packet/af_packet.o
  CC      kernel/printk/printk_safe.o
  CC      drivers/tty/serial/8250/8250_pcilib.o
  CC      net/xfrm/xfrm_proc.o
  CC      arch/x86/kernel/ptrace.o
  CC      drivers/iommu/iova.o
  AR      net/packet/built-in.a
  CC      arch/x86/kernel/tls.o
  CC      drivers/misc/mei/interrupt.o
  CC      kernel/printk/nbcon.o
  CC      fs/proc_namespace.o
  CC      net/bridge/br.o
  CC      net/xfrm/xfrm_algo.o
  AR      drivers/nfc/built-in.a
  CC      arch/x86/kernel/step.o
  CC      drivers/gpu/drm/drm_dumb_buffers.o
  CC      kernel/printk/printk_ringbuffer.o
  CC      net/ethtool/tunnels.o
  AR      lib/kunit/built-in.a
  CC      lib/math/div64.o
  CC      net/devlink/core.o
  CC      net/netfilter/nf_conntrack_acct.o
  CC      drivers/acpi/acpica/dsmthdat.o
  CC      lib/math/gcd.o
  CC      lib/crc/crc16.o
  CC      net/ipv6/route.o
  CC      drivers/base/class.o
  CC      lib/math/lcm.o
  AR      kernel/locking/built-in.a
  CC      drivers/tty/serial/8250/8250_rsa.o
  CC      lib/crc/crc-ccitt.o
  CC      lib/math/int_log.o
  CC      net/netfilter/nf_conntrack_seqadj.o
  CC      drivers/misc/mei/client.o
  CC      net/ipv4/inet_timewait_sock.o
  AR      drivers/misc/keba/built-in.a
  HOSTCC  lib/crc/gen_crc32table
  CC      kernel/printk/sysctl.o
  AR      drivers/misc/amd-sbi/built-in.a
  CC      fs/direct-io.o
  AR      arch/x86/kernel/fpu/built-in.a
  CC      drivers/iommu/irq_remapping.o
  CC      net/ethtool/fec.o
  CC      lib/math/int_pow.o
  CC      net/ethtool/eeprom.o
  CC      mm/rmap.o
  CC      lib/math/int_sqrt.o
  CC      drivers/dma-buf/dma-buf.o
  AR      drivers/dax/hmem/built-in.a
  AR      drivers/dax/built-in.a
  CC      net/ipv4/inet_connection_sock.o
  CC      drivers/tty/serial/8250/8250_early.o
  CC      net/ipv6/ip6_fib.o
  CC      drivers/acpi/acpica/dsobject.o
  CC      lib/math/reciprocal_div.o
  CC      kernel/power/hibernate.o
  CC      arch/x86/kernel/i8237.o
  CC      crypto/krb5/rfc3962_aes.o
  CC      drivers/gpu/drm/drm_edid.o
  CC      lib/math/rational.o
  CC      arch/x86/kvm/svm/svm.o
  CC      net/core/net-sysfs.o
  CC      lib/crypto/hash_info.o
  CC      drivers/misc/mei/main.o
  AS      lib/crc/x86/crc32-pclmul.o
  AR      kernel/printk/built-in.a
  CC      kernel/power/snapshot.o
  CC      drivers/base/platform.o
  CC      drivers/acpi/acpica/dsopcode.o
  AS      lib/crc/x86/crc32c-3way.o
  CC      arch/x86/kernel/stacktrace.o
  CC      net/bridge/br_device.o
  CC      arch/x86/kernel/cpu/cacheinfo.o
  AR      lib/crc/tests/built-in.a
  CC      net/core/hotdata.o
  CC      net/ipv6/ipv6_sockglue.o
  CC      net/xfrm/xfrm_user.o
  GEN     lib/crc/crc32table.h
  CC      lib/crc/crc32-main.o
  CC      fs/notify/fsnotify.o
  CC      drivers/iommu/iommu-sva.o
  CC      drivers/tty/serial/8250/8250_exar.o
  CC      crypto/krb5/rfc6803_camellia.o
  CC      net/ipv6/ndisc.o
  CC      mm/vmalloc.o
  AR      lib/math/tests/built-in.a
  AR      lib/math/built-in.a
  AR      net/dsa/built-in.a
  CC      net/ipv4/tcp.o
  CC      drivers/gpu/drm/drm_eld.o
  CC      drivers/dma-buf/dma-fence.o
  CC      drivers/acpi/acpica/dspkginit.o
  CC      net/ethtool/stats.o
  CC      drivers/base/cpu.o
  CC      lib/crypto/memneq.o
  CC      drivers/gpu/drm/drm_encoder.o
  CC      drivers/misc/mei/dma-ring.o
  CC      net/devlink/netlink.o
  CC      net/ethtool/phc_vclocks.o
  CC      drivers/acpi/acpica/dsutils.o
  AR      lib/crc/built-in.a
  CC      fs/eventpoll.o
  CC      net/netfilter/nf_conntrack_proto_icmpv6.o
  CC      arch/x86/kernel/cpu/scattered.o
  CC      net/ethtool/mm.o
  CC      net/ipv4/tcp_input.o
  CC      kernel/power/swap.o
  CC      drivers/iommu/io-pgfault.o
  CC      kernel/power/user.o
  CC      net/xfrm/xfrm_interface_core.o
  CC      crypto/krb5/rfc8009_aes2.o
  CC      fs/notify/notification.o
  CC      drivers/tty/serial/8250/8250_lpss.o
  CC      arch/x86/kernel/acpi/boot.o
  CC      drivers/base/firmware.o
  CC      arch/x86/kvm/svm/pmu.o
  CC      drivers/acpi/acpica/dswexec.o
  CC      lib/crypto/utils.o
  CC      drivers/tty/serial/8250/8250_mid.o
  CC      net/bridge/br_fdb.o
  CC      drivers/misc/mei/bus.o
  CC      net/core/netdev_config.o
  CC      kernel/irq/irqdesc.o
  CC      drivers/dma-buf/dma-fence-array.o
  CC      drivers/gpu/drm/drm_file.o
  CC      arch/x86/kernel/cpu/topology_common.o
  CC      mm/vma.o
  CC      net/ipv6/udp.o
  CC      drivers/acpi/acpica/dswload.o
  CC      arch/x86/kernel/cpu/topology_ext.o
  AR      crypto/krb5/built-in.a
  CC      crypto/rsapubkey.asn1.o
  CC      drivers/tty/serial/8250/8250_pci.o
  CC      crypto/rsaprivkey.asn1.o
  AR      drivers/iommu/built-in.a
  CC      arch/x86/kernel/cpu/topology_amd.o
  CC      drivers/acpi/acpica/dswload2.o
  AR      crypto/built-in.a
  CC      kernel/power/poweroff.o
  CC      arch/x86/kernel/cpu/cpuid_parser.o
  CC      drivers/base/init.o
  CC      fs/notify/group.o
  CC      lib/crypto/aes.o
  CC      fs/notify/mark.o
  CC      net/ethtool/module.o
  CC      drivers/dma-buf/dma-fence-chain.o
  CC      drivers/tty/serial/8250/8250_pericom.o
  CC      fs/notify/fdinfo.o
  CC      net/sunrpc/clnt.o
  CC      arch/x86/kernel/reboot.o
  CC      arch/x86/kernel/acpi/sleep.o
  CC      drivers/misc/mei/bus-fixup.o
  CC      kernel/irq/handle.o
  AR      kernel/power/built-in.a
  CC      mm/vma_exec.o
  CC      net/ipv4/tcp_output.o
  CC      net/devlink/netlink_gen.o
  AR      drivers/cxl/core/built-in.a
  AR      drivers/cxl/built-in.a
  AR      lib/tests/built-in.a
  CC      net/l2tp/l2tp_core.o
  CC      drivers/acpi/acpica/dswscope.o
  CC      arch/x86/kvm/svm/nested.o
  CC      net/netfilter/nf_conntrack_proto_sctp.o
  CC      net/ipv6/raw.o
  CC      drivers/base/map.o
  CC      arch/x86/kernel/cpu/common.o
  CC      drivers/base/devres.o
  AS      lib/crypto/x86/aes-aesni.o
  CC      drivers/dma-buf/dma-fence-unwrap.o
  CC      net/core/netdev_rx_queue.o
  CC      lib/crypto/arc4.o
  CC      net/bridge/br_forward.o
  CC      net/8021q/vlan_core.o
  CC      drivers/gpu/drm/drm_fourcc.o
  CC      drivers/dma-buf/dma-resv.o
  CC      net/ethtool/cmis_fw_update.o
  AR      net/xfrm/built-in.a
  CC      net/ipv4/tcp_timer.o
  CC      drivers/gpu/drm/drm_framebuffer.o
  CC      net/wireless/core.o
  CC      fs/notify/dnotify/dnotify.o
  CC      drivers/acpi/acpica/dswstate.o
  AR      drivers/tty/serial/8250/built-in.a
  AR      drivers/tty/serial/built-in.a
  AR      drivers/tty/built-in.a
  CC      net/8021q/vlan.o
  CC      kernel/irq/manage.o
  CC      drivers/misc/mei/debugfs.o
  AS      arch/x86/kernel/acpi/wakeup_64.o
  CC      arch/x86/kernel/acpi/cppc.o
  CC      drivers/acpi/fan_attr.o
  CC      drivers/acpi/acpica/evevent.o
  CC      lib/vdso/datastore.o
  CC      kernel/rcu/update.o
  CC      net/sunrpc/xprt.o
  CC      drivers/acpi/fan_hwmon.o
  CC      net/bridge/br_if.o
  CC      drivers/base/attribute_container.o
  CC      lib/crypto/blake2s.o
  CC      drivers/dma-buf/dma-buf-mapping.o
  CC      mm/process_vm_access.o
  CC      net/devlink/dev.o
  CC      net/netfilter/nf_conntrack_netlink.o
  CC      drivers/gpu/drm/drm_gem.o
  CC      fs/notify/inotify/inotify_fsnotify.o
  CC      net/ipv6/icmp.o
  CC      drivers/misc/mei/mei-trace.o
  AR      fs/notify/dnotify/built-in.a
  CC      net/ethtool/cmis_cdb.o
  CC      arch/x86/kvm/svm/avic.o
  CC      arch/x86/kernel/cpu/rdrand.o
  CC      kernel/irq/spurious.o
  CC      drivers/acpi/acpica/evgpe.o
  CC      net/core/netdev_queues.o
  CC      drivers/base/transport_class.o
  CC      net/devlink/port.o
  CC      arch/x86/kernel/cpu/match.o
  CC      arch/x86/kvm/svm/hyperv.o
  AR      lib/vdso/built-in.a
  CC      net/ethtool/pse-pd.o
  AS      lib/crypto/x86/blake2s-core.o
  CC      lib/crypto/chacha-block-generic.o
  CC      drivers/acpi/acpica/evgpeblk.o
  AR      fs/notify/fanotify/built-in.a
  CC      arch/x86/kernel/acpi/madt_wakeup.o
  AR      lib/raid/xor/tests/built-in.a
  CC      net/l2tp/l2tp_ppp.o
  AR      lib/raid/xor/built-in.a
  AR      lib/raid/raid6/built-in.a
  AR      lib/raid/built-in.a
  CC      net/wireless/sysfs.o
  CC      drivers/dma-buf/sync_file.o
  CC      net/8021q/vlan_dev.o
  CC      lib/crypto/chacha.o
  CC      arch/x86/kernel/cpu/bugs.o
  CC      drivers/base/topology.o
  CC      net/l2tp/l2tp_netlink.o
  CC      fs/notify/inotify/inotify_user.o
  CC      net/ipv4/tcp_ipv4.o
  CC      net/ipv4/tcp_minisocks.o
  CC      mm/mseal.o
  CC      kernel/rcu/sync.o
  CC      kernel/irq/resend.o
  AS      arch/x86/kernel/acpi/madt_playdead.o
  CC      drivers/acpi/acpica/evgpeinit.o
  CC      net/ipv4/tcp_cong.o
  CC      net/mac80211/main.o
  CC      drivers/gpu/drm/drm_ioctl.o
  CC      net/devlink/sb.o
  CC      drivers/misc/mei/pci-me.o
  CC      net/netfilter/nf_nat_core.o
  CC      net/bridge/br_input.o
  AR      drivers/dma-buf/built-in.a
  CC      drivers/base/container.o
  CC      kernel/rcu/srcutree.o
  AS      lib/crypto/x86/chacha-ssse3-x86_64.o
  CC      arch/x86/kernel/acpi/cstate.o
  CC      net/bridge/br_ioctl.o
  CC      arch/x86/kernel/cpu/aperfmperf.o
  AS      lib/crypto/x86/chacha-avx2-x86_64.o
  CC      net/sunrpc/socklib.o
  CC      drivers/acpi/acpica/evgpeutil.o
  CC      drivers/base/property.o
  CC      net/core/page_pool.o
  AS      lib/crypto/x86/chacha-avx512vl-x86_64.o
  CC      drivers/acpi/acpica/evglock.o
  CC      lib/crypto/chacha20poly1305.o
  CC      kernel/irq/chip.o
  CC      net/ethtool/plca.o
  CC      net/ipv6/mcast.o
  AR      fs/notify/inotify/built-in.a
  AR      fs/notify/built-in.a
  CC      fs/anon_inodes.o
  CC      mm/page_alloc.o
  CC      net/8021q/vlan_netlink.o
  CC      drivers/macintosh/mac_hid.o
  UPD     arch/x86/kvm/kvm-asm-offsets.h
  AS      arch/x86/kvm/vmx/vmenter.o
  AS      arch/x86/kvm/svm/vmenter.o
  CC      lib/crypto/curve25519.o
  CC      net/8021q/vlanproc.o
  AR      arch/x86/kvm/built-in.a
  CC      mm/page_frag_cache.o
  CC      net/ipv6/reassembly.o
  CC      drivers/base/cacheinfo.o
  CC      drivers/acpi/acpica/evhandler.o
  CC      drivers/gpu/drm/drm_lease.o
  CC      drivers/misc/mei/hw-me.o
  AR      net/l2tp/built-in.a
  CC      net/bridge/br_stp.o
  CC      kernel/rcu/tree.o
  CC      arch/x86/kernel/cpu/cpuid-deps.o
  AR      arch/x86/kernel/acpi/built-in.a
  CC      lib/crypto/curve25519-hacl64.o
  CC      net/wireless/radiotap.o
  CC      lib/iomap.o
  CC      lib/iomap_copy.o
  CC      kernel/irq/dummychip.o
  CC      lib/devres.o
  AR      drivers/macintosh/built-in.a
  CC      net/sunrpc/xprtsock.o
  CC      drivers/acpi/acpica/evmisc.o
  CC      net/ipv6/tcp_ipv6.o
  CC      fs/signalfd.o
  CC      net/mac80211/status.o
  CC      lib/crypto/gf128hash.o
  CC      fs/timerfd.o
  CC      net/core/page_pool_user.o
  CC      net/ipv4/tcp_metrics.o
  CC      net/netfilter/nf_nat_proto.o
  CC      net/netlabel/netlabel_user.o
  CC      net/devlink/dpipe.o
  AS      lib/crypto/x86/ghash-pclmul.o
  CC      drivers/acpi/acpica/evregion.o
  CC      net/netlabel/netlabel_kapi.o
  CC      arch/x86/kernel/cpu/cpuid_0x2_table.o
  CC      drivers/gpu/drm/drm_managed.o
  CC      net/wireless/util.o
  CC      net/rfkill/core.o
  AS      lib/crypto/x86/polyval-pclmul-avx.o
  CC      drivers/base/swnode.o
  AR      drivers/misc/mei/built-in.a
  AR      drivers/misc/built-in.a
  CC      mm/init-mm.o
  CC      mm/memblock.o
  CC      net/ethtool/phy.o
  CC      lib/crypto/md5.o
  CC      net/netfilter/nf_nat_helper.o
  CC      net/wireless/reg.o
  AR      net/8021q/built-in.a
  CC      drivers/acpi/acpi_video.o
  CC      kernel/irq/devres.o
  CC      net/ipv4/tcp_fastopen.o
  CC      kernel/rcu/rcu_segcblist.o
  CC      net/bridge/br_stp_bpdu.o
  CC      drivers/gpu/drm/drm_mm.o
  CC      lib/crypto/poly1305.o
  AR      kernel/livepatch/built-in.a
  CC      net/sunrpc/sched.o
  CC      net/sunrpc/auth.o
  CC      drivers/acpi/acpica/evrgnini.o
  CC      fs/eventfd.o
  CC      arch/x86/kernel/cpu/umwait.o
  CC      net/rfkill/input.o
  CC      drivers/base/faux.o
  CC      arch/x86/kernel/msr.o
  CC      lib/check_signature.o
  CC      kernel/irq/kexec.o
  CC      net/bridge/br_stp_if.o
  MKCAP   arch/x86/kernel/cpu/capflags.c
  CC      mm/slub.o
  CC      drivers/acpi/acpica/evsci.o
  AR      kernel/rcu/built-in.a
  CC      drivers/acpi/video_detect.o
  PERLASM lib/crypto/x86/poly1305-x86_64-cryptogams.S
  CC      lib/crypto/sha1.o
  AR      kernel/liveupdate/built-in.a
  AR      drivers/scsi/pcmcia/built-in.a
  CC      drivers/scsi/scsi.o
  AS      lib/crypto/x86/sha1-ssse3-and-avx.o
  CC      drivers/gpu/drm/drm_mode_config.o
  CC      drivers/base/auxiliary.o
  CC      net/devlink/resource.o
  CC      drivers/gpu/drm/drm_mode_object.o
  CC      net/ethtool/tsconfig.o
  CC      net/ipv6/ping.o
  AR      net/rfkill/built-in.a
  CC      drivers/acpi/processor_driver.o
  CC      net/core/net-procfs.o
  CC      net/netlabel/netlabel_domainhash.o
  CC      drivers/acpi/acpica/evxface.o
  CC      drivers/acpi/processor_thermal.o
  CC      kernel/irq/autoprobe.o
  CC      fs/aio.o
  CC      arch/x86/kernel/cpu/powerflags.o
  CC      net/ethtool/mse.o
  CC      net/netfilter/nf_nat_redirect.o
  CC      net/netlabel/netlabel_addrlist.o
  CC      drivers/gpu/drm/drm_modes.o
  CC      net/mac80211/driver-ops.o
  AS      lib/crypto/x86/sha1-avx2-asm.o
  CC      lib/interval_tree.o
  CC      drivers/acpi/acpica/evxfevnt.o
  CC      arch/x86/kernel/cpuid.o
  CC      arch/x86/kernel/cpu/topology.o
  AS      lib/crypto/x86/sha1-ni-asm.o
  CC      net/ipv4/tcp_recovery.o
  CC      drivers/base/devtmpfs.o
  CC      net/netfilter/nf_nat_masquerade.o
  CC      lib/crypto/sha256.o
  CC      net/netfilter/nf_tables_core.o
  AS      lib/crypto/x86/sha256-ssse3-asm.o
  CC      net/core/netpoll.o
  CC      mm/madvise.o
  CC      net/netlabel/netlabel_mgmt.o
  CC      kernel/irq/irqdomain.o
  CC      net/netlabel/netlabel_unlabeled.o
  AS      lib/crypto/x86/sha256-avx-asm.o
  CC      drivers/scsi/hosts.o
  CC      mm/page_io.o
  CC      net/bridge/br_stp_timer.o
  CC      drivers/acpi/acpica/evxfgpe.o
  AS      lib/crypto/x86/sha256-avx2-asm.o
  CC      mm/swap_state.o
  CC      mm/swapfile.o
  CC      net/wireless/scan.o
  CC      arch/x86/kernel/cpu/proc.o
  CC      net/sunrpc/auth_null.o
  CC      net/sunrpc/auth_tls.o
  CC      drivers/acpi/processor_idle.o
  CC      net/devlink/param.o
  CC      fs/locks.o
  AS      lib/crypto/x86/sha256-ni-asm.o
  CC      lib/crypto/sha512.o
  CC      net/sunrpc/auth_unix.o
  CC      drivers/scsi/scsi_ioctl.o
  CC      net/devlink/region.o
  CC      drivers/gpu/drm/drm_modeset_lock.o
  CC      drivers/acpi/acpica/evxfregn.o
  AR      net/ethtool/built-in.a
  CC      net/netfilter/nf_tables_api.o
  CC      drivers/base/power/sysfs.o
  CC      net/ipv6/exthdrs.o
  CC      kernel/irq/proc.o
  CC      net/wireless/nl80211.o
  CC      drivers/base/power/generic_ops.o
  CC      drivers/acpi/processor_throttling.o
  CC      arch/x86/kernel/cpu/feat_ctl.o
  CC      net/ipv6/datagram.o
  CC      lib/assoc_array.o
  CC      net/core/fib_rules.o
  CC      net/ipv6/ip6_flowlabel.o
  CC      drivers/acpi/acpica/exconcat.o
  AS      lib/crypto/x86/sha512-ssse3-asm.o
  CC      net/ipv4/tcp_ulp.o
  CC      mm/dmapool.o
  CC      net/mac80211/sta_info.o
  CC      arch/x86/kernel/early-quirks.o
  AS      lib/crypto/x86/sha512-avx-asm.o
  CC      drivers/base/power/common.o
  CC      net/netlabel/netlabel_cipso_v4.o
  CC      net/bridge/br_netlink.o
  CC      drivers/scsi/scsicam.o
  AS      lib/crypto/x86/sha512-avx2-asm.o
  CC      drivers/gpu/drm/drm_plane.o
  CC      net/wireless/mlme.o
  CC      lib/crypto/mpi/generic_mpih-lshift.o
  CC      drivers/base/power/qos.o
  CC      net/bridge/br_netlink_tunnel.o
  CC      net/core/net-traces.o
  CC      fs/binfmt_misc.o
  CC      net/netlabel/netlabel_calipso.o
  CC      fs/binfmt_script.o
  CC      drivers/gpu/drm/drm_prime.o
  CC      kernel/irq/migration.o
  CC      arch/x86/kernel/cpu/intel.o
  CC      drivers/acpi/acpica/exconfig.o
  CC      kernel/dma/mapping.o
  CC      net/sunrpc/svc.o
  CC      net/mac80211/wep.o
  CC      arch/x86/kernel/smp.o
  CC      mm/hugetlb.o
  CC      net/devlink/health.o
  CC      arch/x86/kernel/cpu/tsx.o
  CC      drivers/scsi/scsi_error.o
  CC      net/netfilter/nft_chain_filter.o
  CC      drivers/acpi/acpica/exconvrt.o
  CC      net/sunrpc/svcsock.o
  CC      net/sunrpc/svcauth.o
  CC      lib/crypto/mpi/generic_mpih-mul1.o
  CC      net/bridge/br_arp_nd_proxy.o
  CC      net/core/selftests.o
  CC      arch/x86/kernel/smpboot.o
  CC      kernel/irq/cpuhotplug.o
  CC      lib/bitrev.o
  CC      net/ipv6/inet6_connection_sock.o
  CC      drivers/base/firmware_loader/main.o
  CC      drivers/gpu/drm/drm_print.o
  CC      fs/binfmt_elf.o
  CC      drivers/base/power/runtime.o
  CC      net/wireless/ibss.o
  CC      drivers/gpu/drm/drm_property.o
  CC      drivers/acpi/acpica/excreate.o
  AR      net/netlabel/built-in.a
  CC      drivers/scsi/scsi_lib.o
  CC      net/ipv4/tcp_offload.o
  CC      arch/x86/kernel/cpu/intel_epb.o
  CC      kernel/dma/direct.o
  CC      lib/crypto/mpi/generic_mpih-mul2.o
  CC      mm/hugetlb_sysfs.o
  CC      drivers/base/power/wakeirq.o
  CC      drivers/acpi/processor_perflib.o
  CC      net/ipv4/tcp_plb.o
  CC      lib/crypto/mpi/generic_mpih-mul3.o
  CC      net/netfilter/nf_tables_trace.o
  CC      kernel/irq/pm.o
  CC      drivers/acpi/acpica/exdebug.o
  CC      net/sunrpc/svcauth_unix.o
  CC      lib/packing.o
  CC      net/mac80211/aead_api.o
  CC      arch/x86/kernel/tsc_sync.o
  CC      arch/x86/kernel/setup_percpu.o
  CC      arch/x86/kernel/cpu/amd.o
  CC      drivers/base/node.o
  CC      drivers/base/firmware_loader/builtin/main.o
  CC      drivers/acpi/container.o
  CC      drivers/gpu/drm/drm_rect.o
  CC      fs/compat_binfmt_elf.o
  CC      drivers/scsi/constants.o
  CC      drivers/acpi/acpica/exdump.o
  CC      net/devlink/trap.o
  CC      kernel/dma/ops_helpers.o
  CC      drivers/base/power/main.o
  CC      net/netfilter/nft_immediate.o
  CC      drivers/acpi/thermal_lib.o
  CC      drivers/scsi/scsi_lib_dma.o
  CC      kernel/dma/swiotlb.o
  CC      net/bridge/br_sysfs_if.o
  CC      mm/hugetlb_sysctl.o
  CC      net/netfilter/nft_cmp.o
  CC      lib/crypto/mpi/generic_mpih-rshift.o
  AR      drivers/base/firmware_loader/builtin/built-in.a
  AR      drivers/base/firmware_loader/built-in.a
  CC      net/netfilter/nft_range.o
  CC      kernel/dma/remap.o
  CC      net/mac80211/wpa.o
  CC      net/ipv6/udp_offload.o
  CC      net/9p/mod.o
  CC      kernel/irq/msi.o
  CC      lib/xxhash.o
  CC      drivers/acpi/acpica/exfield.o
  CC      drivers/gpu/drm/drm_syncobj.o
  CC      arch/x86/kernel/cpu/amd_cache_disable.o
  CC      drivers/gpu/drm/drm_sysfs.o
  CC      net/core/ptp_classifier.o
  CC      net/9p/client.o
  CC      net/sysctl_net.o
  CC      drivers/base/power/wakeup.o
  CC      net/wireless/sme.o
  CC      net/sunrpc/addr.o
  CC      net/sunrpc/rpcb_clnt.o
  CC      drivers/scsi/scsi_scan.o
  AR      drivers/nvme/common/built-in.a
  CC      drivers/base/module.o
  CC      drivers/nvme/host/core.o
  CC      drivers/ata/libata-core.o
  CC      drivers/acpi/acpica/exfldio.o
  AR      drivers/nvme/target/built-in.a
  CC      kernel/irq/affinity.o
  CC      lib/crypto/mpi/generic_mpih-sub1.o
  CC      fs/backing-file.o
  CC      mm/hugetlb_vmemmap.o
  CC      net/ipv4/datagram.o
  GEN     drivers/scsi/scsi_devinfo_tbl.c
  CC      lib/genalloc.o
  AR      kernel/dma/built-in.a
  CC      drivers/base/auxiliary_sysfs.o
  CC      drivers/scsi/scsi_devinfo.o
  CC      lib/zlib_inflate/inffast.o
  CC      net/dns_resolver/dns_key.o
  CC      lib/zlib_inflate/inflate.o
  CC      net/mpls/mpls_gso.o
  CC      arch/x86/kernel/cpu/hygon.o
  CC      lib/zlib_inflate/infutil.o
  CC      net/ipv6/seg6.o
  CC      lib/zlib_deflate/deflate.o
  CC      net/netfilter/nft_bitwise.o
  CC      net/bridge/br_sysfs_br.o
  CC      drivers/acpi/acpica/exmisc.o
  CC      drivers/gpu/drm/drm_trace_points.o
  CC      net/9p/error.o
  CC      net/mac80211/scan.o
  CC      net/devlink/rate.o
  CC      drivers/net/dummy.o
  CC      kernel/irq/matrix.o
  CC      lib/crypto/mpi/generic_mpih-add1.o
  CC      drivers/firewire/init_ohci1394_dma.o
  CC      drivers/base/power/wakeup_stats.o
  CC      net/core/netprio_cgroup.o
  CC      drivers/base/power/trace.o
  CC      lib/zlib_inflate/inftrees.o
  CC      net/mpls/af_mpls.o
  CC      net/dns_resolver/dns_query.o
  CC      fs/mbcache.o
  CC      net/mac80211/offchannel.o
  CC      net/core/netclassid_cgroup.o
  CC      mm/mempolicy.o
  CC      lib/zlib_inflate/inflate_syms.o
  CC      drivers/scsi/scsi_sysctl.o
  CC      drivers/acpi/acpica/exmutex.o
  CC      arch/x86/kernel/cpu/centaur.o
  CC      net/9p/protocol.o
  CC      drivers/acpi/thermal.o
  CC      lib/zlib_deflate/deftree.o
  CC      kernel/entry/common.o
  CC      drivers/nvme/host/ioctl.o
  CC      drivers/ata/libata-scsi.o
  CC      drivers/acpi/platform_profile.o
  CC      lib/zlib_deflate/deflate_syms.o
  CC      lib/crypto/mpi/mpicoder.o
  CC      net/wireless/chan.o
  CC      drivers/gpu/drm/drm_vblank.o
  CC      net/ipv4/raw.o
  AR      drivers/firewire/built-in.a
  CC      drivers/ata/libata-eh.o
  CC      net/sunrpc/timer.o
  CC      net/netfilter/nft_byteorder.o
  CC      net/ipv6/fib6_notifier.o
  CC      drivers/base/power/clock_ops.o
  CC      drivers/acpi/acpica/exnames.o
  AR      net/dns_resolver/built-in.a
  CC      lib/reed_solomon/reed_solomon.o
  AR      kernel/irq/built-in.a
  CC      arch/x86/kernel/mpparse.o
  CC      drivers/net/wireguard/main.o
  CC      fs/posix_acl.o
  AR      lib/zlib_inflate/built-in.a
  CC      drivers/gpu/drm/drm_vblank_work.o
  CC      net/bridge/br_multicast.o
  CC      arch/x86/kernel/cpu/zhaoxin.o
  CC      net/9p/trans_common.o
  CC      net/ipv4/udp.o
  CC      drivers/scsi/scsi_proc.o
  CC      drivers/nvme/host/sysfs.o
  AR      lib/zlib_deflate/built-in.a
  CC      net/mpls/mpls_iptunnel.o
  CC      lib/crypto/mpi/mpi-add.o
  CC      net/mac80211/ht.o
  CC      net/devlink/linecard.o
  CC      drivers/acpi/acpica/exoparg1.o
  CC      mm/sparse.o
  CC      kernel/entry/syscall-common.o
  CC      net/core/lwtunnel.o
  AR      drivers/base/power/built-in.a
  CC      net/ipv6/rpl.o
  CC      drivers/base/regmap/regmap.o
  CC      net/9p/trans_fd.o
  AR      lib/reed_solomon/built-in.a
  CC      arch/x86/kernel/apic/apic.o
  CC      drivers/nvme/host/pr.o
  CC      fs/nfs_common/nfsacl.o
  CC      lib/lzo/lzo1x_compress.o
  CC      net/wireless/ethtool.o
  CC      drivers/acpi/acpica/exoparg2.o
  CC      drivers/acpi/nhlt.o
  CC      arch/x86/kernel/cpu/mce/core.o
  CC      drivers/gpu/drm/drm_vma_manager.o
  CC      drivers/ata/libata-transport.o
  CC      net/ipv4/udp_offload.o
  CC      net/sunrpc/xdr.o
  CC      drivers/scsi/scsi_debugfs.o
  CC      net/netfilter/nft_payload.o
  CC      net/netfilter/nft_lookup.o
  CC      lib/crypto/mpi/mpi-bit.o
  CC      kernel/unwind/user.o
  CC      net/handshake/alert.o
  CC      lib/lzo/lzo1x_compress_safe.o
  CC      mm/sparse-vmemmap.o
  CC      fs/nfs_common/grace.o
  CC      lib/crypto/mpi/mpi-cmp.o
  CC      drivers/acpi/acpica/exoparg3.o
  CC      net/sunrpc/sunrpc_syms.o
  CC      drivers/net/wireguard/noise.o
  CC      kernel/entry/syscall_user_dispatch.o
  CC      drivers/nvme/host/trace.o
  CC      kernel/unwind/deferred.o
  CC      drivers/base/regmap/regcache.o
  CC      drivers/gpu/drm/drm_writeback.o
  CC      drivers/gpu/drm/drm_client.o
  AR      net/mpls/built-in.a
  CC      drivers/net/wireguard/device.o
  CC      net/ipv6/ioam6.o
  CC      net/core/lwt_bpf.o
  CC      net/core/dst_cache.o
  CC      net/9p/trans_virtio.o
  CC      drivers/scsi/scsi_trace.o
  CC      arch/x86/kernel/apic/apic_common.o
  CC      drivers/acpi/acpica/exoparg6.o
  CC      drivers/ata/libata-trace.o
  CC      arch/x86/kernel/cpu/mce/severity.o
  CC      drivers/nvme/host/multipath.o
  CC      net/bridge/br_mdb.o
  CC      net/devlink/sh_dev.o
  CC      lib/lzo/lzo1x_decompress_safe.o
  CC      lib/crypto/mpi/mpi-sub-ui.o
  CC      fs/nfs_common/common.o
  CC      mm/mmu_notifier.o
  CC      net/ipv4/arp.o
  CC      net/mac80211/agg-tx.o
  AR      kernel/unwind/built-in.a
  CC      mm/migrate.o
  CC      drivers/base/regmap/regcache-rbtree.o
  CC      lib/lz4/lz4_compress.o
  CC      lib/zstd/zstd_decompress_module.o
  CC      kernel/entry/virt.o
  CC      net/netfilter/nft_dynset.o
  CC      drivers/scsi/scsi_logging.o
  CC      drivers/gpu/drm/drm_client_event.o
  CC      drivers/acpi/acpica/exprep.o
  CC      lib/zstd/decompress/huf_decompress.o
  CC      net/wireless/mesh.o
  CC      net/sunrpc/cache.o
  CC      net/core/gro_cells.o
  CC      arch/x86/kernel/apic/apic_noop.o
  AR      lib/lzo/built-in.a
  CC      net/mac80211/agg-rx.o
  CC      net/handshake/genl.o
  CC      net/ipv4/icmp.o
  CC      lib/crypto/mpi/mpi-div.o
  CC      drivers/ata/libata-sata.o
  CC      drivers/net/macvlan.o
  CC      net/ipv6/sysctl_net_ipv6.o
  CC      drivers/base/regmap/regcache-flat.o
  CC      drivers/acpi/acpica/exregion.o
  AR      fs/nfs_common/built-in.a
  CC      fs/coredump.o
  CC      lib/xz/xz_dec_syms.o
  CC      lib/lz4/lz4_decompress.o
  CC      drivers/nvme/host/hwmon.o
  CC      arch/x86/kernel/cpu/mce/genpool.o
  CC      lib/zstd/decompress/zstd_ddict.o
  CC      drivers/net/wireguard/peer.o
  CC      net/ipv6/xfrm6_policy.o
  CC      lib/zstd/decompress/zstd_decompress.o
  AR      net/9p/built-in.a
  CC      net/sunrpc/rpc_pipe.o
  CC      drivers/scsi/scsi_pm.o
  CC      drivers/gpu/drm/drm_client_modeset.o
  CC      mm/memory-tiers.o
  CC      arch/x86/kernel/apic/ipi.o
  AR      kernel/entry/built-in.a
  CC      kernel/module/main.o
  CC      drivers/acpi/acpica/exresnte.o
  CC      lib/zstd/decompress/zstd_decompress_block.o
  CC      drivers/scsi/scsi_bsg.o
  CC      lib/crypto/mpi/mpi-mod.o
  AR      net/devlink/built-in.a
  CC      drivers/nvme/host/pci.o
  CC      net/netfilter/nft_meta.o
  CC      net/bridge/br_multicast_eht.o
  CC      lib/xz/xz_dec_stream.o
  CC      drivers/base/regmap/regcache-maple.o
  CC      lib/zstd/zstd_common_module.o
  AR      lib/lz4/built-in.a
  CC      net/mac80211/vht.o
  CC      net/handshake/netlink.o
  CC      drivers/ata/libata-sff.o
  CC      arch/x86/kernel/cpu/mce/intel.o
  CC      drivers/base/pinctrl.o
  CC      net/core/failover.o
  CC      lib/zstd/common/debug.o
  CC      drivers/acpi/acpica/exresolv.o
  CC      fs/drop_caches.o
  CC      lib/zstd/common/entropy_common.o
  CC      lib/xz/xz_dec_lzma2.o
  CC      lib/zstd/common/error_private.o
  CC      drivers/ata/libata-pmp.o
  CC      arch/x86/kernel/apic/vector.o
  CC      drivers/scsi/scsi_common.o
  CC      arch/x86/kernel/cpu/mtrr/mtrr.o
  CC      arch/x86/kernel/cpu/mce/amd.o
  CC      net/wireless/ap.o
  CC      lib/crypto/mpi/mpi-mul.o
  CC      drivers/gpu/drm/drm_client_sysrq.o
  CC      mm/page_counter.o
  CC      lib/zstd/common/fse_decompress.o
  CC      fs/sysctls.o
  CC      drivers/base/regmap/regmap-debugfs.o
  CC      mm/hugetlb_cgroup.o
  CC      drivers/acpi/numa/srat.o
  CC      lib/zstd/common/zstd_common.o
  CC      net/mac80211/he.o
  CC      kernel/module/strict_rwx.o
  CC      drivers/acpi/acpica/exresop.o
  CC      drivers/ata/libata-acpi.o
  CC      lib/crypto/mpi/mpih-cmp.o
  CC      drivers/net/wireguard/timers.o
  CC      net/ipv4/devinet.o
  CC      lib/xz/xz_dec_bcj.o
  AR      lib/zstd/built-in.a
  CC      drivers/ata/libata-pata-timings.o
  CC      lib/percpu_counter.o
  CC      net/sunrpc/sysfs.o
  CC      lib/syscall.o
  AR      drivers/nvme/host/built-in.a
  AR      drivers/nvme/built-in.a
  CC      arch/x86/kernel/cpu/mce/threshold.o
  CC      net/ipv6/xfrm6_state.o
  CC      net/ipv4/af_inet.o
  CC      fs/fhandle.o
  CC      drivers/scsi/scsi_transport_spi.o
  CC      net/core/skmsg.o
  CC      net/handshake/request.o
  AR      lib/xz/built-in.a
  CC      kernel/module/kmod.o
  CC      net/handshake/tlshd.o
  CC      drivers/acpi/acpica/exserial.o
  CC      arch/x86/kernel/cpu/mtrr/if.o
  CC      kernel/kcmp.o
  AR      drivers/base/regmap/built-in.a
  CC      drivers/base/platform-msi.o
  CC      drivers/gpu/drm/drm_ioc32.o
  AR      net/bridge/netfilter/built-in.a
  AR      net/bridge/built-in.a
  CC      drivers/acpi/acpi_memhotplug.o
  CC      lib/crypto/mpi/mpih-div.o
  CC      mm/early_ioremap.o
  AR      drivers/acpi/numa/built-in.a
  CC      arch/x86/kernel/cpu/microcode/core.o
  CC      drivers/scsi/virtio_scsi.o
  CC      arch/x86/kernel/apic/init.o
  CC      drivers/ata/ahci.o
  CC      net/netfilter/nft_rt.o
  CC      mm/numa.o
  CC      net/wireless/trace.o
  CC      kernel/module/tree_lookup.o
  CC      arch/x86/kernel/trace_clock.o
  CC      drivers/gpu/drm/drm_panel.o
  CC      drivers/acpi/acpica/exstore.o
  CC      arch/x86/kernel/cpu/mtrr/generic.o
  CC      arch/x86/kernel/cpu/perfctr-watchdog.o
  CC      net/core/sock_map.o
  CC      drivers/base/physical_location.o
  CC      fs/iomap/trace.o
  AR      arch/x86/kernel/cpu/mce/built-in.a
  CC      fs/iomap/iter.o
  CC      drivers/acpi/acpica/exstoren.o
  CC      lib/crypto/mpi/mpih-mul.o
  CC      drivers/ata/libahci.o
  CC      net/sunrpc/svc_xprt.o
  AR      drivers/base/test/built-in.a
  CC      lib/crypto/mpi/mpi-pow.o
  CC      drivers/net/wireguard/queueing.o
  CC      lib/dynamic_debug.o
  CC      drivers/net/wireguard/send.o
  CC      arch/x86/kernel/apic/hw_nmi.o
  CC      arch/x86/kernel/cpu/mtrr/cleanup.o
  CC      arch/x86/kernel/cpu/microcode/intel.o
  CC      drivers/base/trace.o
  CC      mm/numa_memblks.o
  CC      net/netfilter/nft_exthdr.o
  CC      net/netfilter/nft_last.o
  CC      drivers/scsi/sd.o
  CC      net/handshake/trace.o
  CC      net/mac80211/s1g.o
  CC      kernel/module/kallsyms.o
  CC      net/ipv6/xfrm6_input.o
  CC      drivers/gpu/drm/drm_pci.o
  CC      net/ipv6/xfrm6_output.o
  CC      drivers/acpi/acpica/exstorob.o
  CC      drivers/net/wireguard/receive.o
  CC      drivers/acpi/acpica/exsystem.o
  CC      net/ipv4/igmp.o
  CC      net/ipv6/xfrm6_protocol.o
  CC      drivers/net/wireguard/socket.o
  CC      lib/errname.o
  CC      lib/crypto/mpi/mpiutil.o
  CC      kernel/module/procfs.o
  CC      kernel/freezer.o
  CC      drivers/gpu/drm/drm_debugfs.o
  CC      mm/balloon.o
  CC      arch/x86/kernel/cpu/microcode/amd.o
  CC      fs/iomap/buffered-io.o
  CC      arch/x86/kernel/apic/io_apic.o
  AR      arch/x86/kernel/cpu/mtrr/built-in.a
  CC      net/wireless/ocb.o
  CC      lib/nlattr.o
  AS      lib/crypto/x86/poly1305-x86_64-cryptogams.o
  CC      drivers/ata/ata_piix.o
  CC      drivers/ata/pata_amd.o
  CC      drivers/acpi/acpica/extrace.o
  AR      drivers/base/built-in.a
  CC      drivers/ata/pata_oldpiix.o
  CC      drivers/scsi/sr.o
  CC      net/wireless/michael-mic.o
  CC      mm/secretmem.o
  AR      lib/crypto/mpi/built-in.a
  AR      lib/crypto/built-in.a
  CC      net/ipv6/netfilter.o
  CC      kernel/module/sysfs.o
  CC      net/core/bpf_sk_storage.o
  CC      lib/cpu_rmap.o
  AR      net/handshake/built-in.a
  CC      net/ipv6/fib6_rules.o
  CC      net/sunrpc/xprtmultipath.o
  CC      drivers/acpi/acpica/exutils.o
  CC      drivers/gpu/drm/drm_debugfs_crc.o
  CC      drivers/net/wireguard/peerlookup.o
  CC      fs/iomap/direct-io.o
  CC      net/mac80211/ibss.o
  CC      drivers/cdrom/cdrom.o
  CC      net/netfilter/nft_counter.o
  AR      arch/x86/kernel/cpu/microcode/built-in.a
  CC      arch/x86/kernel/cpu/vmware.o
  CC      arch/x86/kernel/apic/msi.o
  CC      drivers/gpu/drm/drm_panel_orientation_quirks.o
  CC      drivers/scsi/sr_ioctl.o
  CC      drivers/ata/pata_sch.o
  AR      drivers/auxdisplay/built-in.a
  CC      net/core/devmem.o
  CC      drivers/net/wireguard/allowedips.o
  CC      drivers/net/wireguard/ratelimiter.o
  CC      fs/quota/dquot.o
  CC      net/netfilter/nft_objref.o
  CC      lib/dynamic_queue_limits.o
  CC      drivers/scsi/sr_vendor.o
  CC      net/ipv6/proc.o
  CC      arch/x86/kernel/apic/x2apic_phys.o
  CC      arch/x86/kernel/cpu/hypervisor.o
  CC      drivers/acpi/acpica/hwacpi.o
  CC      fs/iomap/ioend.o
  CC      net/ipv4/fib_frontend.o
  AR      kernel/module/built-in.a
  CC      kernel/profile.o
  CC      mm/memfd.o
  CC      fs/iomap/fiemap.o
  CC      fs/iomap/seek.o
  CC      net/ipv6/syncookies.o
  CC      drivers/acpi/acpica/hwesleep.o
  CC      net/wireless/pmsr.o
  CC      arch/x86/kernel/cpu/mshyperv.o
  AR      drivers/cdrom/built-in.a
  CC      fs/iomap/bio.o
  CC      arch/x86/kernel/trace.o
  CC      drivers/gpu/drm/drm_buddy.o
  CC      lib/glob.o
  CC      net/ipv4/fib_semantics.o
  CC      net/sunrpc/netlink.o
  GEN     net/wireless/shipped-certs.c
  CC      net/ipv4/fib_trie.o
  CC      arch/x86/kernel/apic/x2apic_cluster.o
  CC      drivers/scsi/sg.o
  CC      net/netfilter/nft_inner.o
  AR      drivers/ata/built-in.a
  CC      fs/proc/task_mmu.o
  CC      fs/kernfs/mount.o
  CC      fs/quota/quota_v2.o
  CC      fs/sysfs/file.o
  CC      mm/ptdump.o
  CC      drivers/acpi/acpica/hwgpe.o
  CC      drivers/pcmcia/cs.o
  CC      kernel/stacktrace.o
  CC      fs/quota/quota_tree.o
  CC      net/ipv6/calipso.o
  CC      net/ipv4/fib_notifier.o
  CC      arch/x86/kernel/apic/apic_flat_64.o
  CC      arch/x86/kernel/cpu/debugfs.o
  CC      net/ipv4/inet_fragment.o
  CC      lib/dim/dim.o
  CC      drivers/net/wireguard/cookie.o
  CC      drivers/gpu/drm/drm_gem_shmem_helper.o
  CC      arch/x86/kernel/cpu/bus_lock.o
  CC      net/mac80211/iface.o
  CC      fs/iomap/swapfile.o
  CC      drivers/acpi/acpica/hwregs.o
  CC      fs/kernfs/inode.o
  CC      net/mac80211/link.o
  AR      net/core/built-in.a
  CC      arch/x86/kernel/apic/probe_64.o
  CC      net/netfilter/nft_chain_route.o
  CC      drivers/scsi/scsi_sysfs.o
  CC      fs/quota/quota.o
  CC      fs/proc/inode.o
  CC      drivers/pcmcia/socket_sysfs.o
  CC      mm/page_reporting.o
  CC      fs/sysfs/dir.o
  CC      fs/devpts/inode.o
  CC      net/sunrpc/backchannel_rqst.o
  CC      kernel/time/time.o
  CC      net/sunrpc/stats.o
  CC      net/mac80211/rate.o
  CC      drivers/usb/common/common.o
  CC      kernel/time/timer.o
  CC      lib/dim/net_dim.o
  CC      drivers/acpi/acpica/hwsleep.o
  CC      net/ipv4/ping.o
  AR      arch/x86/kernel/apic/built-in.a
  CC      kernel/time/hrtimer.o
  AR      net/wireless/tests/built-in.a
  CC      net/wireless/shipped-certs.o
  CC      net/ipv4/ip_tunnel_core.o
  AR      fs/iomap/built-in.a
  CC      drivers/pcmcia/cardbus.o
  CC      drivers/acpi/ioapic.o
  CC      drivers/gpu/drm/drm_fbdev_shmem.o
  CC      drivers/pcmcia/ds.o
  CC      arch/x86/kernel/cpu/capflags.o
  CC      fs/sysfs/symlink.o
  CC      fs/kernfs/dir.o
  CC      fs/quota/kqid.o
  CC      drivers/acpi/acpica/hwvalid.o
  AR      arch/x86/kernel/cpu/built-in.a
  CC      arch/x86/kernel/rethook.o
  CC      drivers/net/wireguard/netlink.o
  CC      fs/proc/root.o
  CC      net/netfilter/nf_tables_offload.o
  AR      drivers/scsi/built-in.a
  CC      drivers/net/mii.o
  CC      mm/execmem.o
  CC      net/ipv6/ah6.o
  CC      drivers/acpi/battery.o
  AR      fs/devpts/built-in.a
  CC      net/ipv4/gre_offload.o
  CC      drivers/usb/common/debug.o
  CC      drivers/input/serio/serio.o
  CC      drivers/input/serio/i8042.o
  AR      drivers/usb/common/built-in.a
  CC      drivers/usb/core/usb.o
  CC      drivers/acpi/acpica/hwxface.o
  CC      lib/dim/rdma_dim.o
  CC      drivers/acpi/acpica/hwxfsleep.o
  CC      arch/x86/kernel/vmcore_info_64.o
  CC      fs/quota/netlink.o
  CC      drivers/net/wireguard/generated/netlink.o
  CC      drivers/input/serio/serport.o
  CC      drivers/usb/core/hub.o
  CC      net/ipv6/esp6.o
  CC      drivers/pcmcia/pcmcia_resource.o
  CC      kernel/time/sleep_timeout.o
  CC      drivers/pcmcia/cistpl.o
  CC      drivers/pcmcia/pcmcia_cis.o
  CC      fs/sysfs/mount.o
  CC      fs/kernfs/file.o
  CC      drivers/gpu/drm/drm_atomic_helper.o
  CC      net/mac80211/tkip.o
  CC      net/sunrpc/sysctl.o
  AR      net/wireless/built-in.a
  CC      drivers/gpu/drm/drm_atomic_state_helper.o
  CC      fs/proc/base.o
  CC      drivers/pcmcia/rsrc_mgr.o
  CC      drivers/acpi/acpica/hwpci.o
  CC      drivers/acpi/acpica/nsaccess.o
  AR      mm/built-in.a
  CC      net/sunrpc/auth_gss/auth_gss.o
  CC      lib/strncpy_from_user.o
  AR      lib/dim/built-in.a
  CC      drivers/usb/core/hcd.o
  CC      drivers/acpi/acpica/nsalloc.o
  CC      drivers/acpi/acpica/nsarguments.o
  CC      arch/x86/kernel/machine_kexec_64.o
  CC      net/ipv6/tunnel6.o
  CC      drivers/gpu/drm/drm_bridge_helper.o
  CC      kernel/time/timekeeping.o
  CC      net/netfilter/nft_set_hash.o
  CC      net/sunrpc/auth_gss/gss_mech_switch.o
  CC      drivers/input/serio/libps2.o
  CC      drivers/gpu/drm/drm_crtc_helper.o
  AS      arch/x86/kernel/relocate_kernel_64.o
  CC      fs/proc/generic.o
  AR      fs/quota/built-in.a
  CC      drivers/net/loopback.o
  CC      kernel/time/ntp.o
  AR      drivers/net/wireguard/built-in.a
  CC      fs/netfs/buffered_read.o
  CC      fs/proc/array.o
  CC      drivers/gpu/drm/drm_damage_helper.o
  CC      kernel/futex/core.o
  CC      net/ipv4/metrics.o
  CC      drivers/acpi/acpica/nsconvert.o
  CC      fs/proc/fd.o
  CC      lib/strnlen_user.o
  CC      fs/proc/proc_tty.o
  CC      net/sunrpc/auth_gss/svcauth_gss.o
  CC      fs/kernfs/symlink.o
  CC      net/sunrpc/auth_gss/gss_rpc_upcall.o
  CC      fs/sysfs/group.o
  CC      drivers/usb/core/urb.o
  CC      drivers/pcmcia/rsrc_nonstatic.o
  CC      net/netfilter/nft_set_bitmap.o
  CC      drivers/net/netconsole.o
  CC      net/ipv6/netfilter/nf_defrag_ipv6_hooks.o
  CC      kernel/time/clocksource.o
  CC      arch/x86/kernel/kexec-bzimage64.o
  AR      drivers/input/serio/built-in.a
  CC      arch/x86/kernel/crash_dump_64.o
  CC      net/netfilter/nft_set_rbtree.o
  CC      drivers/acpi/acpica/nsdump.o
  CC      net/netfilter/nft_set_pipapo.o
  CC      net/netfilter/nft_set_pipapo_avx2.o
  CC      fs/netfs/buffered_write.o
  CC      drivers/pcmcia/yenta_socket.o
  CC      drivers/net/phy/stubs.o
  CC      lib/net_utils.o
  AR      fs/sysfs/built-in.a
  CC      net/sunrpc/auth_gss/gss_rpc_xdr.o
  CC      drivers/gpu/drm/drm_flip_work.o
  CC      drivers/usb/core/message.o
  CC      net/netfilter/nft_ct_fast.o
  CC      kernel/futex/syscalls.o
  CC      drivers/usb/core/driver.o
  CC      fs/proc/cmdline.o
  CC      net/mac80211/aes_cmac.o
  CC      drivers/net/phy/mdio_bus.o
  CC      net/ipv6/sit.o
  CC      arch/x86/kernel/crash.o
  CC      net/sunrpc/auth_gss/trace.o
  CC      fs/proc/consoles.o
  AR      fs/kernfs/built-in.a
  CC      kernel/time/jiffies.o
  CC      drivers/acpi/acpica/nseval.o
  CC      kernel/time/timer_list.o
  AR      drivers/net/pse-pd/built-in.a
  CC      drivers/input/input.o
  CC      kernel/time/timeconv.o
  CC      fs/ext4/balloc.o
  CC      drivers/net/mdio/acpi_mdio.o
  CC      fs/proc/cpuinfo.o
  AR      drivers/pcmcia/built-in.a
  CC      fs/proc/devices.o
  CC      fs/proc/loadavg.o
  CC      net/ipv4/netlink.o
  CC      drivers/acpi/acpica/nsinit.o
  CC      drivers/gpu/drm/drm_format_helper.o
  CC      fs/netfs/direct_read.o
  CC      net/mac80211/aes_gmac.o
  CC      lib/sg_pool.o
  CC      net/ipv6/ip6_tunnel.o
  CC      net/sunrpc/auth_gss/gss_krb5_mech.o
  CC      net/sunrpc/auth_gss/gss_krb5_seal.o
  AR      drivers/net/pcs/built-in.a
  CC      net/ipv4/nexthop.o
  CC      drivers/acpi/acpica/nsload.o
  CC      drivers/usb/core/config.o
  CC      kernel/futex/pi.o
  CC      drivers/acpi/bgrt.o
  CC      arch/x86/kernel/kprobes/core.o
  CC      drivers/acpi/cppc_acpi.o
  CC      drivers/gpu/drm/drm_gem_atomic_helper.o
  CC      net/ipv4/udp_tunnel_stub.o
  CC      drivers/input/input-compat.o
  CC      net/netfilter/nft_compat.o
  CC      net/ipv6/netfilter/nf_conntrack_reasm.o
  CC      kernel/time/timecounter.o
  CC      drivers/acpi/spcr.o
  AR      drivers/usb/phy/built-in.a
  CC      drivers/net/phy/phy.o
  CC      net/ipv4/ip_tunnel.o
  CC      lib/stackdepot.o
  CC      kernel/time/alarmtimer.o
  CC      drivers/usb/mon/mon_main.o
  CC      net/ipv6/netfilter/nf_reject_ipv6.o
  CC      net/ipv6/netfilter/nf_dup_ipv6.o
  CC      drivers/acpi/acpica/nsnames.o
  CC      net/ipv4/sysctl_net_ipv4.o
  CC      fs/proc/meminfo.o
  AR      drivers/acpi/pmic/built-in.a
  CC      drivers/rtc/lib.o
  CC      fs/netfs/direct_write.o
  CC      kernel/futex/requeue.o
  CC      drivers/net/phy/phy-c45.o
  CC      drivers/net/mdio/fwnode_mdio.o
  CC      fs/proc/stat.o
  CC      fs/ext4/bitmap.o
  CC      drivers/usb/core/file.o
  CC      drivers/input/input-mt.o
  CC      drivers/acpi/acpica/nsobject.o
  CC      arch/x86/kernel/kprobes/opt.o
  CC      net/mac80211/fils_aead.o
  CC      lib/asn1_decoder.o
  CC      drivers/usb/host/pci-quirks.o
  CC      fs/ext4/block_validity.o
  CC      drivers/i2c/i2c-boardinfo.o
  CC      drivers/gpu/drm/drm_gem_framebuffer_helper.o
  CC      net/sunrpc/auth_gss/gss_krb5_unseal.o
  CC      net/ipv6/ip6_gre.o
  CC      drivers/usb/mon/mon_stat.o
  CC      kernel/futex/waitwake.o
  CC      drivers/rtc/class.o
  CC      kernel/time/posix-timers.o
  CC      fs/jbd2/transaction.o
  CC      fs/proc/uptime.o
  CC      drivers/acpi/acpica/nsparse.o
  CC      fs/ext4/dir.o
  CC      fs/netfs/iterator.o
  CC      lib/fonts/fonts.o
  CC      fs/jbd2/commit.o
  CC      drivers/usb/core/buffer.o
  CC      drivers/input/input-poller.o
  CC      net/ipv6/netfilter/nft_reject_ipv6.o
  CC      fs/proc/util.o
  CC      net/ipv6/addrconf_core.o
  CC      drivers/net/phy/phy-core.o
  CC      drivers/usb/mon/mon_text.o
  CC      drivers/usb/host/ehci-hcd.o
  AR      drivers/net/mdio/built-in.a
  CC      fs/ext4/ext4_jbd2.o
  AR      drivers/i3c/built-in.a
  CC      drivers/i2c/i2c-core-base.o
  AR      arch/x86/kernel/kprobes/built-in.a
  CC      arch/x86/kernel/module.o
  CC      net/netfilter/nft_ct.o
  CC      kernel/time/posix-cpu-timers.o
  AR      kernel/futex/built-in.a
  CC      drivers/gpu/drm/drm_kms_helper_common.o
  CC      lib/fonts/font_8x8.o
  CC      drivers/acpi/acpica/nspredef.o
  CC      fs/squashfs/block.o
  CC      drivers/usb/host/ehci-pci.o
  CC      lib/fonts/font_8x16.o
  CC      fs/proc/version.o
  CC      drivers/rtc/interface.o
  GEN     lib/oid_registry_data.c
  CC      net/ipv4/proc.o
  CC      net/ipv4/fib_rules.o
  CC      fs/squashfs/cache.o
  CC      net/mac80211/cfg.o
  CC      drivers/rtc/nvmem.o
  CC      drivers/input/ff-core.o
  CC      drivers/acpi/acpica/nsprepkg.o
  CC      net/ipv4/ipmr.o
  CC      net/sunrpc/auth_gss/gss_krb5_wrap.o
  CC      fs/netfs/locking.o
  AR      drivers/media/i2c/built-in.a
  AR      drivers/media/tuners/built-in.a
  CC      drivers/usb/mon/mon_bin.o
  AR      drivers/media/rc/keymaps/built-in.a
  AR      drivers/media/rc/built-in.a
  AR      drivers/media/common/b2c2/built-in.a
  AR      drivers/media/common/saa7146/built-in.a
  AR      drivers/media/common/siano/built-in.a
  AR      drivers/media/common/v4l2-tpg/built-in.a
  AR      drivers/media/common/videobuf2/built-in.a
  AR      drivers/media/common/built-in.a
  AR      drivers/media/platform/allegro-dvt/built-in.a
  AR      drivers/media/platform/amd/isp4/built-in.a
  AR      drivers/media/platform/amd/built-in.a
  AR      drivers/media/platform/amlogic/c3/isp/built-in.a
  CC      drivers/usb/core/sysfs.o
  AR      drivers/media/platform/amlogic/c3/mipi-adapter/built-in.a
  AR      drivers/media/platform/amlogic/c3/mipi-csi2/built-in.a
  AR      drivers/media/platform/amlogic/c3/built-in.a
  AR      drivers/media/platform/amlogic/meson-ge2d/built-in.a
  AR      drivers/media/platform/amlogic/built-in.a
  AR      drivers/media/platform/amphion/built-in.a
  AR      drivers/media/platform/arm/mali-c55/built-in.a
  AR      drivers/media/platform/arm/built-in.a
  AR      drivers/media/platform/aspeed/built-in.a
  AR      drivers/media/platform/atmel/built-in.a
  AR      drivers/media/platform/broadcom/built-in.a
  AR      drivers/media/platform/cadence/built-in.a
  AR      drivers/media/platform/chips-media/coda/built-in.a
  AR      drivers/media/platform/chips-media/wave5/built-in.a
  AR      drivers/media/platform/chips-media/built-in.a
  AR      drivers/media/platform/imagination/built-in.a
  AR      drivers/media/platform/intel/built-in.a
  AR      drivers/media/platform/marvell/built-in.a
  AR      drivers/media/platform/mediatek/jpeg/built-in.a
  CC      fs/jbd2/recovery.o
  AR      drivers/media/platform/mediatek/mdp/built-in.a
  AR      drivers/media/platform/mediatek/vcodec/common/built-in.a
  AR      drivers/media/platform/mediatek/vcodec/encoder/built-in.a
  AR      drivers/media/platform/mediatek/vcodec/decoder/built-in.a
  AR      drivers/media/platform/mediatek/vcodec/built-in.a
  AR      drivers/media/platform/mediatek/vpu/built-in.a
  AR      drivers/media/platform/mediatek/mdp3/built-in.a
  AR      drivers/media/platform/mediatek/built-in.a
  AR      drivers/media/platform/microchip/built-in.a
  AR      drivers/media/platform/nuvoton/built-in.a
  AR      drivers/media/platform/nvidia/tegra-vde/built-in.a
  AR      drivers/media/platform/nvidia/built-in.a
  AR      drivers/media/platform/nxp/dw100/built-in.a
  AR      drivers/media/platform/nxp/imx-jpeg/built-in.a
  AR      drivers/media/platform/nxp/imx8-isi/built-in.a
  AR      drivers/media/platform/nxp/built-in.a
  AR      drivers/media/platform/qcom/camss/built-in.a
  AR      drivers/media/platform/qcom/iris/built-in.a
  CC      fs/netfs/main.o
  AR      drivers/media/platform/qcom/venus/built-in.a
  AR      drivers/media/platform/qcom/built-in.a
  AR      drivers/media/platform/raspberrypi/pisp_be/built-in.a
  AR      drivers/media/platform/raspberrypi/rp1-cfe/built-in.a
  AR      drivers/media/platform/raspberrypi/built-in.a
  AR      drivers/media/platform/renesas/rcar-isp/built-in.a
  AR      drivers/media/platform/renesas/rcar-vin/built-in.a
  AR      drivers/media/platform/renesas/rzg2l-cru/built-in.a
  AR      drivers/media/platform/renesas/rzv2h-ivc/built-in.a
  AR      drivers/media/platform/renesas/vsp1/built-in.a
  AR      drivers/media/platform/renesas/built-in.a
  AR      drivers/media/platform/rockchip/rga/built-in.a
  AR      drivers/media/platform/rockchip/rkcif/built-in.a
  AR      drivers/media/platform/rockchip/rkisp1/built-in.a
  AR      drivers/media/platform/rockchip/rkvdec/built-in.a
  AR      drivers/media/platform/rockchip/built-in.a
  AR      drivers/media/platform/samsung/exynos-gsc/built-in.a
  AR      drivers/media/platform/samsung/exynos4-is/built-in.a
  AR      drivers/media/platform/samsung/s3c-camif/built-in.a
  AR      drivers/media/platform/samsung/s5p-g2d/built-in.a
  AR      drivers/media/platform/samsung/s5p-jpeg/built-in.a
  AR      drivers/media/platform/samsung/s5p-mfc/built-in.a
  AR      drivers/media/platform/samsung/built-in.a
  AR      drivers/media/platform/st/sti/bdisp/built-in.a
  AR      drivers/media/platform/st/sti/delta/built-in.a
  AR      drivers/media/platform/st/sti/hva/built-in.a
  AR      drivers/media/platform/st/stm32/built-in.a
  AR      drivers/media/platform/st/built-in.a
  AR      drivers/media/platform/sunxi/sun4i-csi/built-in.a
  AR      drivers/media/platform/sunxi/sun6i-csi/built-in.a
  AR      drivers/media/platform/sunxi/sun6i-mipi-csi2/built-in.a
  AR      drivers/media/platform/sunxi/sun8i-a83t-mipi-csi2/built-in.a
  AR      drivers/media/platform/sunxi/sun8i-di/built-in.a
  AR      drivers/media/platform/sunxi/sun8i-rotate/built-in.a
  AR      drivers/media/platform/sunxi/built-in.a
  AR      drivers/media/platform/synopsys/hdmirx/built-in.a
  AR      drivers/media/platform/synopsys/built-in.a
  AR      drivers/media/platform/ti/am437x/built-in.a
  AR      drivers/media/platform/ti/cal/built-in.a
  AR      drivers/media/platform/ti/vpe/built-in.a
  AR      drivers/media/platform/ti/davinci/built-in.a
  AR      drivers/media/platform/ti/j721e-csi2rx/built-in.a
  AR      drivers/media/platform/ti/omap/built-in.a
  AR      drivers/media/platform/ti/omap3isp/built-in.a
  AR      drivers/media/platform/ti/built-in.a
  AR      drivers/media/platform/verisilicon/built-in.a
  AR      drivers/media/platform/via/built-in.a
  AR      drivers/media/platform/xilinx/built-in.a
  AR      drivers/media/platform/built-in.a
  AR      drivers/media/pci/ttpci/built-in.a
  AR      drivers/media/pci/b2c2/built-in.a
  AR      drivers/media/pci/pluto2/built-in.a
  AR      drivers/media/pci/dm1105/built-in.a
  AR      drivers/media/pci/pt1/built-in.a
  AR      drivers/media/pci/pt3/built-in.a
  AR      drivers/media/pci/mantis/built-in.a
  AR      drivers/media/pci/ngene/built-in.a
  AR      drivers/media/pci/ddbridge/built-in.a
  AR      drivers/media/pci/saa7146/built-in.a
  AR      drivers/media/pci/smipcie/built-in.a
  AR      drivers/media/pci/netup_unidvb/built-in.a
  AR      drivers/media/pci/intel/ipu3/built-in.a
  AR      drivers/media/pci/intel/ivsc/built-in.a
  AR      drivers/media/pci/intel/built-in.a
  AR      drivers/media/pci/built-in.a
  AR      drivers/media/usb/b2c2/built-in.a
  AR      drivers/media/usb/dvb-usb/built-in.a
  AR      drivers/media/usb/dvb-usb-v2/built-in.a
  AR      drivers/media/usb/s2255/built-in.a
  AR      drivers/media/usb/siano/built-in.a
  AR      drivers/media/usb/ttusb-budget/built-in.a
  AR      drivers/media/usb/ttusb-dec/built-in.a
  AR      drivers/media/usb/built-in.a
  AR      drivers/media/mmc/siano/built-in.a
  AR      drivers/media/mmc/built-in.a
  AR      drivers/media/firewire/built-in.a
  AR      drivers/media/spi/built-in.a
  AR      drivers/media/test-drivers/built-in.a
  AR      drivers/media/built-in.a
  CC      drivers/gpu/drm/drm_modeset_helper.o
  CC      kernel/time/posix-clock.o
  CC      fs/ramfs/inode.o
  AR      lib/fonts/built-in.a
  CC      lib/ucs2_string.o
  CC      arch/x86/kernel/early_printk.o
  CC      drivers/pps/pps.o
  CC      fs/proc/softirqs.o
  CC      net/sunrpc/auth_gss/gss_krb5_crypto.o
  CC      fs/netfs/misc.o
  CC      lib/sbitmap.o
  CC      drivers/usb/host/ohci-hcd.o
  CC      drivers/acpi/acpica/nsrepair.o
  CC      drivers/net/phy/phy_device.o
  CC      fs/squashfs/dir.o
  CC      net/ipv6/netfilter/nft_dup_ipv6.o
  CC      drivers/input/touchscreen.o
  CC      lib/group_cpus.o
  CC      drivers/i2c/i2c-core-smbus.o
  CC      fs/ext4/extents.o
  CC      drivers/rtc/dev.o
  CC      drivers/i2c/i2c-core-acpi.o
  AR      drivers/usb/mon/built-in.a
  CC      drivers/net/phy/linkmode.o
  CC      net/netfilter/nft_limit.o
  CC      drivers/acpi/acpica/nsrepair2.o
  CC      drivers/usb/host/ohci-pci.o
  CC      fs/jbd2/checkpoint.o
  CC      drivers/usb/core/endpoint.o
  CC      fs/squashfs/export.o
  CC      drivers/gpu/drm/drm_plane_helper.o
  CC      drivers/pps/kapi.o
  CC      fs/proc/namespaces.o
  CC      net/ipv4/ipmr_base.o
  CC      arch/x86/kernel/hpet.o
  CC      fs/ramfs/file-mmu.o
  CC      kernel/time/itimer.o
  CC      drivers/input/touch-overlay.o
  CC      kernel/dma.o
  CC      kernel/time/clockevents.o
  CC      drivers/gpu/drm/drm_probe_helper.o
  CC      lib/pldmfw/pldmfw.o
  CC      drivers/gpu/drm/drm_self_refresh_helper.o
  CC      fs/squashfs/file.o
  CC      fs/netfs/objects.o
  CC      drivers/net/phy/phy_link_topology.o
  CC      drivers/acpi/acpica/nssearch.o
  CC      drivers/rtc/proc.o
  CC      drivers/usb/host/uhci-hcd.o
  CC      drivers/pps/sysfs.o
  AR      net/sunrpc/auth_gss/built-in.a
  AR      net/sunrpc/built-in.a
  AR      drivers/acpi/dptf/built-in.a
  CC      drivers/net/tun.o
  CC      net/mac80211/ethtool.o
  CC      fs/netfs/read_collect.o
  CC      net/ipv6/netfilter/nft_fib_ipv6.o
  CC      drivers/usb/core/devio.o
  CC      lib/fw_table.o
  AR      lib/lib.a
  CC      fs/netfs/read_pgpriv2.o
  CC      arch/x86/kernel/amd_nb.o
  CC      drivers/ptp/ptp_clock.o
  CC      drivers/input/ff-memless.o
  CC      fs/jbd2/revoke.o
  CC      fs/squashfs/fragment.o
  CC      fs/squashfs/id.o
  CC      drivers/gpu/drm/drm_simple_kms_helper.o
  CC      drivers/i2c/i2c-smbus.o
  CC      drivers/acpi/acpica/nsutils.o
  CC      fs/proc/self.o
  CC      kernel/smp.o
  AR      fs/ramfs/built-in.a
  CC      drivers/i2c/algos/i2c-algo-bit.o
  CC      drivers/net/veth.o
  CC      net/netfilter/nft_nat.o
  CC      fs/ext4/extents_status.o
  AR      lib/pldmfw/built-in.a
  CC      drivers/input/sparse-keymap.o
  CC      fs/squashfs/inode.o
  CC      kernel/time/tick-common.o
  CC      drivers/usb/host/xhci.o
  CC      drivers/gpu/drm/drm_vblank_helper.o
  CC      drivers/rtc/sysfs.o
  AR      drivers/pps/clients/built-in.a
  AR      drivers/pps/built-in.a
  CC      drivers/gpu/drm/bridge/panel.o
  CC      net/ipv4/ipip.o
  CC      drivers/acpi/acpica/nswalk.o
  CC      net/ipv6/exthdrs_core.o
  CC      drivers/net/phy/phy_caps.o
  CC      net/mac80211/rx.o
  CC      lib/oid_registry.o
  CC      kernel/time/tick-broadcast.o
  CC      drivers/acpi/x86/apple.o
  CC      drivers/net/phy/mdio_bus_provider.o
  CC      arch/x86/kernel/amd_node.o
  CC      fs/proc/thread_self.o
  CC      fs/jbd2/journal.o
  CC      fs/netfs/read_retry.o
  CC      net/ipv6/netfilter/ip6t_ipv6header.o
  CC      drivers/usb/core/notify.o
  CC      drivers/input/vivaldi-fmap.o
  CC      drivers/input/input-leds.o
  CC      fs/squashfs/namei.o
  CC      drivers/ptp/ptp_chardev.o
  CC      drivers/acpi/acpica/nsxfeval.o
  CC      fs/hugetlbfs/inode.o
  AR      drivers/i2c/algos/built-in.a
  CC      drivers/i2c/busses/i2c-i801.o
  CC      drivers/rtc/rtc-mc146818-lib.o
  CC      drivers/net/virtio_net.o
  CC      kernel/time/tick-broadcast-hrtimer.o
  CC      drivers/gpu/drm/drm_fb_helper.o
  AR      lib/built-in.a
  CC      drivers/usb/class/usblp.o
  CC      drivers/usb/host/xhci-mem.o
  CC      drivers/usb/core/generic.o
  CC      drivers/acpi/x86/cmos_rtc.o
  CC      fs/ext4/file.o
  CC      fs/proc/proc_sysctl.o
  CC      drivers/net/phy/phy_port.o
  CC      net/ipv6/ip6_checksum.o
  CC      drivers/usb/host/xhci-ext-caps.o
  CC      arch/x86/kernel/kvm.o
  CC      drivers/acpi/acpica/nsxfname.o
  CC      drivers/acpi/acpica/nsxfobj.o
  CC      drivers/input/evdev.o
  CC      fs/squashfs/super.o
  CC      fs/netfs/read_single.o
  CC      fs/netfs/rolling_buffer.o
  CC      drivers/usb/storage/scsiglue.o
  CC      fs/proc/proc_net.o
  CC      net/netfilter/nft_reject.o
  CC      drivers/ptp/ptp_sysfs.o
  AR      drivers/gpu/drm/tests/built-in.a
  CC      drivers/usb/host/xhci-ring.o
  CC      fs/netfs/write_collect.o
  CC      drivers/rtc/rtc-cmos.o
  AR      fs/jbd2/built-in.a
  AR      drivers/i2c/muxes/built-in.a
  CC      drivers/power/supply/power_supply_core.o
  CC      net/ipv4/gre_demux.o
  CC      kernel/time/tick-oneshot.o
  AR      drivers/usb/class/built-in.a
  CC      drivers/power/supply/power_supply_sysfs.o
  AR      drivers/i2c/busses/built-in.a
  AR      drivers/i2c/built-in.a
  CC      drivers/acpi/acpica/psargs.o
  AR      fs/hugetlbfs/built-in.a
  AR      drivers/usb/misc/built-in.a
  CC      drivers/acpi/x86/lpss.o
  CC      drivers/ptp/ptp_vclock.o
  CC      kernel/uid16.o
  CC      drivers/gpu/drm/drm_mipi_dsi.o
  CC      drivers/usb/core/quirks.o
  CC      net/mac80211/spectmgmt.o
  CC      fs/squashfs/symlink.o
  CC      net/ipv4/ip_gre.o
  AR      net/ipv6/netfilter/built-in.a
  CC      drivers/ptp/ptp_kvm_x86.o
  CC      drivers/input/keyboard/atkbd.o
  CC      net/ipv4/udp_tunnel_core.o
  CC      fs/ext4/fsmap.o
  CC      drivers/acpi/acpica/psloop.o
  CC      drivers/ptp/ptp_kvm_common.o
  CC      drivers/usb/storage/protocol.o
  CC      fs/squashfs/decompressor.o
  CC      fs/ext4/fsync.o
  CC      fs/ext4/hash.o
  CC      net/ipv6/ip6_icmp.o
  CC      kernel/time/tick-sched.o
  CC      drivers/power/supply/power_supply_leds.o
  CC      drivers/net/phy/mdio_device.o
  CC      fs/netfs/write_issue.o
  AR      drivers/rtc/built-in.a
  CC      drivers/net/vxlan/vxlan_core.o
  CC      drivers/net/phy/mdio_devres.o
  CC      drivers/ptp/ptp_vmclock.o
  CC      arch/x86/kernel/kvmclock.o
  CC      fs/proc/kcore.o
  CC      drivers/usb/host/xhci-hub.o
  CC      net/ipv4/udp_tunnel_nic.o
  CC      fs/fat/cache.o
  AR      drivers/gpu/drm/arm/built-in.a
  CC      drivers/acpi/x86/s2idle.o
  CC      net/netfilter/nft_reject_inet.o
  CC      drivers/gpu/drm/clients/drm_client_setup.o
  CC      drivers/acpi/acpica/psobject.o
  CC      net/ipv6/output_core.o
  AR      drivers/net/ethernet/3com/built-in.a
  AR      drivers/net/ethernet/8390/built-in.a
  AR      drivers/net/ethernet/adaptec/built-in.a
  AR      drivers/net/ethernet/agere/built-in.a
  AR      drivers/net/ethernet/alacritech/built-in.a
  AR      drivers/net/ethernet/alibaba/built-in.a
  AR      drivers/net/ethernet/amazon/built-in.a
  AR      drivers/net/ethernet/amd/built-in.a
  AR      drivers/net/ethernet/aquantia/built-in.a
  AR      drivers/net/ethernet/arc/built-in.a
  AR      drivers/net/ethernet/asix/built-in.a
  AR      drivers/net/ethernet/atheros/built-in.a
  AR      drivers/net/ethernet/cadence/built-in.a
  CC      drivers/net/ethernet/broadcom/tg3.o
  CC      drivers/usb/core/devices.o
  AR      drivers/input/keyboard/built-in.a
  CC      drivers/input/mouse/psmouse-base.o
  CC      fs/proc/vmcore.o
  CC      drivers/power/supply/power_supply_hwmon.o
  CC      fs/squashfs/page_actor.o
  CC      drivers/usb/storage/transport.o
  CC      fs/netfs/write_retry.o
  CC      net/ipv4/syncookies.o
  CC      kernel/time/timer_migration.o
  CC      drivers/acpi/acpica/psopcode.o
  CC      arch/x86/kernel/paravirt.o
  CC      drivers/input/mouse/synaptics.o
  CC      kernel/time/vsyscall.o
  CC      net/mac80211/tx.o
  AR      drivers/ptp/built-in.a
  CC      net/mac80211/key.o
  CC      fs/squashfs/file_cache.o
  CC      drivers/gpu/drm/clients/drm_fbdev_client.o
  CC      drivers/hwmon/hwmon.o
  CC      kernel/time/timekeeping_debug.o
  CC      fs/ext4/ialloc.o
  CC      drivers/net/phy/phy_package.o
  CC      kernel/time/namespace.o
  CC      fs/proc/kmsg.o
  CC      drivers/usb/host/xhci-dbg.o
  CC      fs/proc/page.o
  AR      drivers/net/phy/mediatek/built-in.a
  CC      drivers/usb/host/xhci-trace.o
  CC      drivers/acpi/x86/utils.o
  CC      drivers/usb/core/phy.o
  CC      fs/fat/dir.o
  CC      drivers/acpi/acpica/psopinfo.o
  AR      drivers/net/phy/qcom/built-in.a
  CC      fs/fat/fatent.o
  AR      drivers/power/supply/built-in.a
  AR      drivers/power/built-in.a
  CC      kernel/time/namespace_vdso.o
  CC      fs/squashfs/decompressor_single.o
  CC      drivers/usb/host/xhci-debugfs.o
  CC      drivers/usb/storage/usb.o
  AR      fs/netfs/built-in.a
  CC      net/ipv4/ah4.o
  CC      net/netfilter/nft_log.o
  CC      net/mac80211/util.o
  CC      drivers/input/mouse/focaltech.o
  CC      drivers/thermal/thermal_core.o
  CC      arch/x86/kernel/paravirt-spinlocks.o
  CC      drivers/net/vxlan/vxlan_multicast.o
  CC      net/ipv6/protocol.o
  AR      drivers/input/joystick/built-in.a
  CC      drivers/acpi/acpica/psparse.o
  CC      drivers/acpi/acpica/psscope.o
  CC      drivers/watchdog/watchdog_core.o
  CC      drivers/hwmon/corsair-cpro.o
  CC      drivers/net/phy/realtek/realtek_main.o
  CC      drivers/acpi/x86/blacklist.o
  CC      fs/ext4/indirect.o
  AR      fs/proc/built-in.a
  CC      drivers/md/md.o
  CC      drivers/usb/core/port.o
  AR      drivers/gpu/drm/clients/built-in.a
  CC      drivers/gpu/drm/display/drm_display_helper_mod.o
  AR      kernel/time/built-in.a
  CC      kernel/kallsyms.o
  CC      drivers/gpu/drm/ttm/ttm_tt.o
  CC      arch/x86/kernel/pvclock.o
  CC      net/ipv4/esp4.o
  CC      fs/squashfs/xz_wrapper.o
  CC      net/ipv4/tunnel4.o
  CC      drivers/watchdog/watchdog_dev.o
  CC      fs/fat/file.o
  AR      drivers/net/ethernet/brocade/built-in.a
  CC      drivers/gpu/drm/i915/i915_config.o
  CC      drivers/usb/host/xhci-pci.o
  CC      drivers/gpu/drm/display/drm_dp_dual_mode_helper.o
  CC      drivers/acpi/acpica/pstree.o
  CC      drivers/usb/storage/initializers.o
  CC      drivers/net/ppp/ppp_generic.o
  CC      net/ipv6/ip6_offload.o
  CC      drivers/gpu/drm/i915/i915_driver.o
  CC      drivers/input/mouse/alps.o
  CC      net/ipv6/exthdrs_offload.o
  AR      drivers/acpi/x86/built-in.a
  CC      drivers/usb/core/trace.o
  AR      drivers/input/tablet/built-in.a
  CC      fs/ext4/inline.o
  CC      arch/x86/kernel/pcspeaker.o
  CC      drivers/hwmon/k10temp.o
  CC      drivers/acpi/acpica/psutils.o
  CC      net/mac80211/parse.o
  CC      drivers/thermal/thermal_sysfs.o
  CC      drivers/net/vxlan/vxlan_vnifilter.o
  CC      fs/squashfs/zlib_wrapper.o
  CC      drivers/watchdog/sp5100_tco.o
  CC      drivers/net/ethernet/broadcom/bnxt/bnxt.o
  CC      drivers/gpu/drm/ttm/ttm_bo.o
  CC      drivers/md/md-bitmap.o
  CC      drivers/gpu/drm/display/drm_dp_helper.o
  CC      drivers/net/vxlan/vxlan_mdb.o
  AR      drivers/net/phy/realtek/built-in.a
  AR      drivers/net/phy/built-in.a
  CC      drivers/md/md-autodetect.o
  CC      kernel/acct.o
  CC      drivers/usb/storage/sierra_ms.o
  CC      fs/fat/inode.o
  CC      drivers/input/mouse/byd.o
  CC      net/netfilter/nft_masq.o
  CC      drivers/gpu/drm/display/drm_dp_mst_topology.o
  CC      drivers/usb/core/hcd-pci.o
  CC      fs/fat/misc.o
  CC      drivers/acpi/acpica/pswalk.o
  CC      arch/x86/kernel/check.o
  AR      drivers/usb/host/built-in.a
  CC      drivers/md/dm.o
  CC      drivers/thermal/thermal_trip.o
  AR      fs/squashfs/built-in.a
  CC      arch/x86/kernel/uprobes.o
  CC      net/netfilter/nft_redir.o
  CC      net/ipv4/ipconfig.o
  CC      fs/ext4/inode.o
  CC      drivers/hwmon/nct6683.o
  AR      drivers/gpu/drm/renesas/rcar-du/built-in.a
  AR      drivers/gpu/drm/renesas/rz-du/built-in.a
  AR      drivers/gpu/drm/renesas/built-in.a
  CC      net/ipv4/netfilter.o
  CC      drivers/watchdog/i6300esb.o
  CC      drivers/net/ppp/pppox.o
  CC      drivers/md/dm-table.o
  CC      fs/isofs/namei.o
  CC      drivers/gpu/drm/ttm/ttm_bo_util.o
  CC      drivers/gpu/drm/i915/i915_drm_client.o
  CC      drivers/acpi/acpica/psxface.o
  CC      drivers/net/ethernet/broadcom/bnxt/bnxt_hwrm.o
  CC      drivers/md/dm-target.o
  CC      drivers/input/mouse/logips2pp.o
  CC      net/ipv6/inet6_hashtables.o
  CC      drivers/usb/core/usb-acpi.o
  CC      drivers/usb/storage/option_ms.o
  CC      drivers/net/ethernet/broadcom/bnxt/bnxt_sriov.o
  CC      kernel/vmcore_info.o
  CC      drivers/gpu/drm/ttm/ttm_bo_vm.o
  CC      drivers/thermal/thermal_helpers.o
  CC      fs/nfs/client.o
  CC      fs/fat/nfs.o
  CC      net/netfilter/nft_hash.o
  CC      drivers/acpi/acpica/rsaddr.o
  AR      drivers/hwmon/built-in.a
  CC      drivers/net/slip/slhc.o
  AR      drivers/watchdog/built-in.a
  CC      net/netfilter/nft_fib.o
  CC      drivers/acpi/acpica/rscalc.o
  CC      drivers/gpu/drm/display/drm_dsc_helper.o
  CC      fs/isofs/inode.o
  CC      drivers/cpufreq/cpufreq.o
  CC      net/mac80211/wme.o
  CC      arch/x86/kernel/perf_regs.o
  CC      drivers/cpufreq/freq_table.o
  CC      drivers/input/mouse/lifebook.o
  CC      net/ipv4/netfilter/nf_defrag_ipv4.o
  CC      drivers/usb/storage/usual-tables.o
  CC      drivers/net/ppp/pppoe.o
  AR      drivers/net/vxlan/built-in.a
  AR      drivers/gpu/drm/omapdrm/built-in.a
  CC      drivers/gpu/drm/display/drm_hdcp_helper.o
  CC      drivers/thermal/thermal_thresholds.o
  CC      kernel/elfcorehdr.o
  CC      drivers/gpu/drm/i915/i915_edram.o
  CC      fs/ext4/ioctl.o
  CC      fs/ext4/mballoc.o
  CC      arch/x86/kernel/itmt.o
  CC      drivers/acpi/acpica/rscreate.o
  CC      drivers/gpu/drm/ttm/ttm_module.o
  CC      drivers/md/dm-linear.o
  AR      drivers/gpu/drm/tilcdc/built-in.a
  CC      fs/nfs/dir.o
  AR      drivers/usb/core/built-in.a
  CC      fs/nfs/file.o
  AR      drivers/net/ethernet/cavium/common/built-in.a
  AR      drivers/net/ethernet/cavium/thunder/built-in.a
  AR      drivers/net/ethernet/cavium/liquidio/built-in.a
  AR      drivers/net/ethernet/cavium/octeon/built-in.a
  AR      drivers/net/ethernet/cavium/built-in.a
  CC      net/netfilter/nft_chain_nat.o
  CC      fs/fat/namei_vfat.o
  CC      fs/isofs/dir.o
  CC      drivers/input/mouse/trackpoint.o
  CC      net/ipv4/netfilter/nf_reject_ipv4.o
  CC      fs/exportfs/expfs.o
  CC      net/ipv4/inet_diag.o
  AR      drivers/usb/storage/built-in.a
  CC      drivers/usb/early/ehci-dbgp.o
  CC      arch/x86/kernel/umip.o
  CC      fs/fat/namei_msdos.o
  AR      drivers/net/ethernet/chelsio/built-in.a
  CC      net/ipv4/tcp_diag.o
  CC      drivers/net/ethernet/broadcom/bnxt/bnxt_ethtool.o
  CC      drivers/acpi/acpica/rsdumpinfo.o
  CC      net/ipv6/ip6_udp_tunnel.o
  CC      net/ipv4/netfilter/nft_reject_ipv4.o
  CC      drivers/cpufreq/cpufreq_performance.o
  CC      drivers/gpu/drm/ttm/ttm_execbuf_util.o
  CC      drivers/acpi/acpica/rsinfo.o
  CC      drivers/thermal/thermal_netlink.o
  CC      drivers/gpu/drm/display/drm_hdmi_helper.o
  CC      kernel/crash_reserve.o
  CC      fs/ext4/migrate.o
  CC      drivers/md/dm-stripe.o
  AR      drivers/net/slip/built-in.a
  AR      drivers/net/ethernet/cisco/built-in.a
  CC      net/netfilter/x_tables.o
  CC      drivers/gpu/drm/display/drm_scdc_helper.o
  AR      fs/exportfs/built-in.a
  CC      kernel/kexec_core.o
  CC      drivers/input/mouse/cypress_ps2.o
  CC      drivers/cpufreq/cpufreq_powersave.o
  CC      fs/isofs/util.o
  CC      net/mac80211/chan.o
  CC      drivers/gpu/drm/i915/i915_freq.o
  CC      drivers/acpi/acpica/rsio.o
  CC      fs/lockd/clntlock.o
  AR      drivers/usb/early/built-in.a
  AR      drivers/usb/built-in.a
  CC      net/ipv4/netfilter/nft_fib_ipv4.o
  CC      fs/nls/nls_base.o
  CC      fs/nfs/getroot.o
  CC      kernel/crash_core.o
  AR      drivers/net/ppp/built-in.a
  CC      drivers/thermal/thermal_hwmon.o
  AR      fs/fat/built-in.a
  CC      drivers/md/dm-ioctl.o
  CC      arch/x86/kernel/unwind_orc.o
  CC      drivers/gpu/drm/ttm/ttm_range_manager.o
  CC      net/ipv4/netfilter/nft_dup_ipv4.o
  CC      fs/ext4/mmp.o
  CC      net/ipv4/netfilter/nf_dup_ipv4.o
  CC      drivers/md/dm-io.o
  CC      drivers/cpuidle/cpuidle.o
  AR      drivers/input/touchscreen/built-in.a
  CC      fs/nls/nls_cp437.o
  CC      drivers/acpi/acpica/rsirq.o
  CC      arch/x86/kernel/callthunks.o
  CC      drivers/input/mouse/psmouse-smbus.o
  CC      drivers/cpufreq/cpufreq_userspace.o
  AR      drivers/mmc/built-in.a
  CC      drivers/net/ethernet/broadcom/bnxt/bnxt_dcb.o
  CC      fs/isofs/rock.o
  CC      net/ipv4/tcp_bbr.o
  AR      drivers/net/wireless/admtek/built-in.a
  AR      drivers/net/wireless/ath/built-in.a
  AR      drivers/net/wireless/atmel/built-in.a
  AR      drivers/net/wireless/broadcom/built-in.a
  AR      drivers/net/wireless/intel/built-in.a
  AR      drivers/net/wireless/intersil/built-in.a
  AR      drivers/net/wireless/marvell/built-in.a
  AR      drivers/net/wireless/mediatek/built-in.a
  AR      drivers/net/wireless/microchip/built-in.a
  AR      drivers/net/wireless/purelifi/built-in.a
  AR      drivers/net/wireless/quantenna/built-in.a
  AR      drivers/net/wireless/ralink/built-in.a
  AR      drivers/net/wireless/realtek/built-in.a
  AR      drivers/net/wireless/rsi/built-in.a
  AR      drivers/net/wireless/silabs/built-in.a
  AR      drivers/net/wireless/st/built-in.a
  AR      drivers/net/wireless/ti/built-in.a
  AR      drivers/gpu/drm/display/built-in.a
  CC      net/mac80211/ap.o
  AR      drivers/net/wireless/zydas/built-in.a
  AR      drivers/net/wireless/virtual/built-in.a
  AR      drivers/net/wireless/built-in.a
  CC      drivers/cpuidle/driver.o
  CC      net/ipv6/mcast_snoop.o
  CC      drivers/gpu/drm/i915/i915_getparam.o
  CC      drivers/gpu/drm/i915/i915_gmch.o
  CC      drivers/gpu/drm/i915/i915_ioctl.o
  CC      drivers/cpuidle/governor.o
  CC      drivers/thermal/gov_step_wise.o
  CC      drivers/acpi/acpica/rslist.o
  CC      kernel/kexec.o
  CC      net/ipv4/tcp_cubic.o
  CC      drivers/gpu/drm/ttm/ttm_resource.o
  CC      fs/nls/nls_ascii.o
  CC      fs/lockd/clntproc.o
  CC      drivers/cpufreq/cpufreq_ondemand.o
  CC      fs/isofs/export.o
  CC      fs/ext4/move_extent.o
  CC      arch/x86/kernel/cet.o
  CC      drivers/net/ethernet/broadcom/bnxt/bnxt_ulp.o
  CC      drivers/cpuidle/sysfs.o
  CC      drivers/md/dm-kcopyd.o
  CC      net/netfilter/xt_tcpudp.o
  CC      fs/nfs/inode.o
  CC      drivers/acpi/acpica/rsmemory.o
  AR      drivers/input/mouse/built-in.a
  AR      drivers/input/misc/built-in.a
  AR      drivers/input/built-in.a
  AR      fs/unicode/built-in.a
  AR      drivers/ufs/built-in.a
  CC      net/mac80211/trace.o
  CC      arch/x86/kernel/audit_64.o
  CC      fs/nfs/super.o
  CC      drivers/cpufreq/cpufreq_governor.o
  CC      drivers/gpu/drm/ttm/ttm_pool.o
  CC      drivers/gpu/drm/ttm/ttm_device.o
  CC      fs/isofs/joliet.o
  CC      drivers/cpuidle/governors/menu.o
  CC      drivers/acpi/acpica/rsmisc.o
  CC      fs/nls/nls_iso8859-1.o
  AR      drivers/thermal/broadcom/built-in.a
  CC      drivers/gpu/drm/virtio/virtgpu_drv.o
  AR      drivers/thermal/renesas/built-in.a
  AR      drivers/thermal/samsung/built-in.a
  CC      drivers/thermal/intel/intel_tcc.o
  CC      drivers/cpuidle/poll_state.o
  CC      kernel/kexec_file.o
  CC      drivers/thermal/intel/therm_throt.o
  CC      fs/lockd/clntxdr.o
  CC      fs/lockd/host.o
  CC      fs/lockd/svc.o
  CC      drivers/gpu/drm/i915/i915_irq.o
  AR      net/ipv4/netfilter/built-in.a
  CC      fs/lockd/svclock.o
  CC      drivers/md/dm-sysfs.o
  AR      net/ipv6/built-in.a
  CC      drivers/md/dm-stats.o
  CC      drivers/net/ethernet/broadcom/bnxt/bnxt_xdp.o
  CC      drivers/md/dm-rq.o
  AR      drivers/net/usb/built-in.a
  CC      net/mac80211/mlme.o
  CC      drivers/gpu/drm/virtio/virtgpu_kms.o
  CC      fs/nls/nls_utf8.o
  CC      drivers/cpuidle/cpuidle-haltpoll.o
  CC      fs/ext4/namei.o
  CC      drivers/cpuidle/governors/haltpoll.o
  CC      drivers/acpi/acpica/rsserial.o
  CC      fs/isofs/compress.o
  CC      net/ipv4/tcp_bpf.o
  CC      arch/x86/kernel/mmconf-fam10h_64.o
  CC      drivers/cpufreq/cpufreq_governor_attr_set.o
  CC      arch/x86/kernel/vsmp_64.o
  CC      drivers/gpu/drm/virtio/virtgpu_gem.o
  CC      net/netfilter/xt_mark.o
  CC      drivers/gpu/drm/ttm/ttm_sys_manager.o
  CC      drivers/net/net_failover.o
  CC      drivers/cpufreq/acpi-cpufreq.o
  CC      drivers/gpu/drm/virtio/virtgpu_vram.o
  CC      drivers/gpu/drm/virtio/virtgpu_display.o
  CC      drivers/acpi/acpica/rsutils.o
  AR      fs/nls/built-in.a
  CC      drivers/gpu/drm/virtio/virtgpu_vq.o
  CC      kernel/compat.o
  CC      drivers/cpufreq/amd-pstate.o
  CC [M]  drivers/thermal/intel/x86_pkg_temp_thermal.o
  CC      drivers/net/ethernet/broadcom/bnxt/bnxt_ptp.o
  CC      drivers/gpu/drm/i915/i915_mitigations.o
  CC      fs/nfs/io.o
  CC      net/mac80211/tdls.o
  CC      drivers/md/dm-io-rewind.o
  AR      drivers/net/ethernet/cortina/built-in.a
  CC      net/netfilter/xt_nat.o
  CC      fs/nfs/direct.o
  CC      fs/autofs/init.o
  AR      fs/isofs/built-in.a
  CC      drivers/firmware/dmi_scan.o
  CC      fs/autofs/inode.o
  CC      fs/lockd/svcshare.o
  CC      drivers/gpu/drm/virtio/virtgpu_fence.o
  CC      drivers/gpu/drm/ttm/ttm_backup.o
  CC      drivers/acpi/acpica/rsxface.o
  AR      drivers/cpuidle/governors/built-in.a
  AR      drivers/cpuidle/built-in.a
  CC      drivers/cpufreq/amd-pstate-trace.o
  LDS     arch/x86/kernel/vmlinux.lds
  CC      fs/ext4/page-io.o
  AR      arch/x86/kernel/built-in.a
  AR      arch/x86/built-in.a
  CC      fs/lockd/svcproc.o
  CC      fs/lockd/svcsubs.o
  CC      drivers/gpu/drm/virtio/virtgpu_object.o
  AR      drivers/thermal/intel/built-in.a
  AR      drivers/thermal/st/built-in.a
  AR      drivers/thermal/qcom/built-in.a
  AR      drivers/thermal/tegra/built-in.a
  AR      drivers/thermal/mediatek/built-in.a
  AR      drivers/thermal/spacemit/built-in.a
  AR      drivers/thermal/built-in.a
  CC      drivers/gpu/drm/virtio/virtgpu_debugfs.o
  CC      fs/fuse/trace.o
  CC      fs/overlayfs/super.o
  CC      drivers/net/ethernet/broadcom/bnxt/bnxt_vfr.o
  CC      fs/fuse/dev.o
  CC      drivers/acpi/acpica/tbdata.o
  CC      drivers/gpu/drm/virtio/virtgpu_plane.o
  AR      drivers/crypto/stm32/built-in.a
  AR      drivers/crypto/inside-secure/eip93/built-in.a
  AR      drivers/crypto/inside-secure/built-in.a
  AR      drivers/crypto/xilinx/built-in.a
  AR      drivers/crypto/hisilicon/built-in.a
  AR      drivers/crypto/intel/keembay/built-in.a
  AR      drivers/crypto/intel/ixp4xx/built-in.a
  AR      drivers/crypto/intel/built-in.a
  AR      drivers/crypto/starfive/built-in.a
  AR      drivers/crypto/cavium/built-in.a
  AR      drivers/crypto/ti/built-in.a
  AR      drivers/crypto/built-in.a
  CC      drivers/cpufreq/powernow-k8.o
  CC      kernel/cgroup/cgroup.o
  CC      drivers/firmware/dmi-id.o
  CC      net/ipv4/udp_bpf.o
  CC      drivers/md/dm-builtin.o
  CC      drivers/acpi/acpica/tbfadt.o
  AR      drivers/net/ethernet/dec/tulip/built-in.a
  AR      drivers/net/ethernet/dec/built-in.a
  CC      net/netfilter/xt_CONNSECMARK.o
  CC      drivers/gpu/drm/ttm/ttm_agp_backend.o
  CC      drivers/clocksource/acpi_pm.o
  CC      fs/9p/vfs_super.o
  CC      drivers/gpu/drm/virtio/virtgpu_ioctl.o
  CC      fs/autofs/root.o
  CC      fs/overlayfs/namei.o
  CC      drivers/gpu/drm/i915/i915_mmio_range.o
  CC      drivers/firmware/memmap.o
  CC      fs/9p/vfs_inode.o
  CC      drivers/cpufreq/intel_pstate.o
  CC      net/netfilter/xt_NFLOG.o
  CC      drivers/md/dm-raid1.o
  CC      fs/ext4/readpage.o
  CC      kernel/cgroup/rstat.o
  CC      net/mac80211/ocb.o
  CC      drivers/gpu/drm/i915/i915_module.o
  CC      fs/fuse/dir.o
  CC      drivers/md/dm-log.o
  AR      fs/hostfs/built-in.a
  CC      drivers/net/ethernet/broadcom/bnxt/bnxt_devlink.o
  CC      drivers/md/dm-region-hash.o
  CC      drivers/gpu/drm/i915/i915_params.o
  CC      drivers/cpufreq/amd_freq_sensitivity.o
  AR      drivers/net/ethernet/dlink/built-in.a
  CC      fs/lockd/mon.o
  CC      fs/overlayfs/util.o
  CC      fs/overlayfs/inode.o
  CC      fs/nfs/pagelist.o
  CC      fs/9p/vfs_inode_dotl.o
  CC      net/mac80211/airtime.o
  CC      drivers/acpi/acpica/tbfind.o
  CC      drivers/md/dm-zero.o
  CC      fs/debugfs/inode.o
  CC      net/ipv4/cipso_ipv4.o
  AR      drivers/gpu/drm/ttm/built-in.a
  CC      fs/fuse/file.o
  CC      drivers/clocksource/i8253.o
  AR      drivers/gpu/drm/imx/built-in.a
  CC      fs/tracefs/inode.o
  CC      drivers/firmware/sysfb.o
  CC      drivers/acpi/acpica/tbinstal.o
  CC      fs/lockd/trace.o
  CC      kernel/cgroup/namespace.o
  CC      fs/autofs/symlink.o
  CC      fs/pstore/inode.o
  CC      drivers/gpu/drm/virtio/virtgpu_prime.o
  CC      fs/pstore/platform.o
  CC      fs/pstore/ram.o
  CC      drivers/gpu/drm/virtio/virtgpu_trace_points.o
  CC      fs/nfs/read.o
  CC      fs/pstore/ram_core.o
  CC      fs/autofs/waitq.o
  CC      fs/overlayfs/file.o
  CC      drivers/gpu/drm/virtio/virtgpu_submit.o
  CC      fs/9p/vfs_addr.o
  AR      drivers/md/built-in.a
  CC      drivers/net/ethernet/broadcom/bnxt/bnxt_dim.o
  CC      fs/ext4/resize.o
  CC      net/netfilter/xt_MASQUERADE.o
  CC      net/netfilter/xt_SECMARK.o
  CC      drivers/gpu/drm/i915/i915_pci.o
  CC      drivers/acpi/acpica/tbprint.o
  AR      drivers/clocksource/built-in.a
  CC      fs/9p/vfs_file.o
  CC      fs/debugfs/file.o
  CC      drivers/acpi/acpica/tbutils.o
  CC      fs/fuse/inode.o
  AR      drivers/cpufreq/built-in.a
  AR      drivers/firmware/arm_ffa/built-in.a
  CC      kernel/cgroup/cgroup-v1.o
  CC      fs/tracefs/event_inode.o
  CC      kernel/cgroup/freezer.o
  AR      drivers/firmware/arm_scmi/built-in.a
  AR      drivers/firmware/broadcom/built-in.a
  AR      drivers/firmware/cirrus/test/built-in.a
  AR      drivers/firmware/cirrus/built-in.a
  AR      drivers/firmware/meson/built-in.a
  AR      drivers/firmware/microchip/built-in.a
  CC      drivers/firmware/efi/efi-bgrt.o
  AR      drivers/net/ethernet/emulex/built-in.a
  AR      drivers/net/ethernet/engleder/built-in.a
  CC      fs/lockd/netlink.o
  CC      drivers/net/ethernet/broadcom/bnxt/bnxt_coredump.o
  AR      drivers/net/ethernet/ezchip/built-in.a
  CC      drivers/gpu/drm/i915/i915_scatterlist.o
  CC      fs/lockd/nlm3xdr_gen.o
  CC      drivers/firmware/efi/efi.o
  CC      net/netfilter/xt_TCPMSS.o
  CC      fs/autofs/expire.o
  CC      net/ipv4/xfrm4_policy.o
  AR      fs/pstore/built-in.a
  CC      kernel/cgroup/legacy_freezer.o
  CC      fs/lockd/clnt4xdr.o
  CC      fs/9p/vfs_dir.o
  CC      fs/overlayfs/dir.o
  CC      fs/overlayfs/readdir.o
  CC      drivers/acpi/acpica/tbxface.o
  CC      fs/overlayfs/copy_up.o
  AR      drivers/gpu/drm/virtio/built-in.a
  CC      drivers/acpi/acpica/tbxfload.o
  CC      fs/fuse/control.o
  CC      fs/ext4/super.o
  AR      drivers/gpu/drm/panel/built-in.a
  CC      fs/efivarfs/inode.o
  CC      drivers/firmware/efi/vars.o
  AR      fs/debugfs/built-in.a
  AR      drivers/net/ethernet/fungible/built-in.a
  CC      kernel/utsname.o
  CC      drivers/firmware/efi/reboot.o
  CC      fs/overlayfs/export.o
  CC      fs/fuse/xattr.o
  CC      net/ipv4/xfrm4_state.o
  CC      fs/nfs/symlink.o
  CC      fs/overlayfs/params.o
  CC      net/netfilter/xt_comment.o
  AR      fs/tracefs/built-in.a
  CC      drivers/firmware/efi/memattr.o
  CC      fs/overlayfs/xattrs.o
  CC      fs/nfs/unlink.o
  CC      drivers/gpu/drm/i915/i915_switcheroo.o
  CC      kernel/cgroup/pids.o
  CC      fs/autofs/dev-ioctl.o
  CC      drivers/acpi/acpica/tbxfroot.o
  CC      kernel/cgroup/rdma.o
  CC      drivers/hid/hid-core.o
  CC      fs/9p/vfs_dentry.o
  CC      kernel/pid_namespace.o
  AR      drivers/firmware/imx/built-in.a
  CC      drivers/gpu/drm/i915/i915_sysfs.o
  CC      drivers/platform/x86/wmi-bmof.o
  UPD     kernel/config_data
  CC      drivers/mailbox/mailbox.o
  AR      drivers/virt/vboxguest/built-in.a
  AR      drivers/virt/coco/built-in.a
  AR      drivers/virt/built-in.a
  AR      drivers/net/ethernet/google/built-in.a
  CC      fs/efivarfs/file.o
  AR      drivers/net/ethernet/hisilicon/built-in.a
  CC      fs/9p/v9fs.o
  CC      net/mac80211/eht.o
  CC      drivers/net/ethernet/broadcom/bnxt/bnxt_gso.o
  CC      drivers/gpu/drm/i915/i915_timer_util.o
  CC      drivers/acpi/acpica/utaddress.o
  AR      drivers/platform/surface/built-in.a
  CC      fs/9p/fid.o
  CC      fs/lockd/svc4proc.o
  AR      drivers/net/ethernet/huawei/built-in.a
  CC      kernel/cgroup/cpuset.o
  CC      drivers/gpu/drm/i915/i915_utils.o
  CC      fs/fuse/acl.o
  CC      fs/lockd/nlm4xdr_gen.o
  CC      drivers/hid/hid-input.o
  CC      drivers/firmware/efi/tpm.o
  CC      kernel/cgroup/misc.o
  CC      net/mac80211/uhr.o
  AR      drivers/firmware/psci/built-in.a
  CC      fs/9p/xattr.o
  CC      net/mac80211/nan.o
  AR      fs/overlayfs/built-in.a
  AR      drivers/perf/built-in.a
  CC      net/netfilter/xt_conntrack.o
  CC      fs/lockd/procfs.o
  CC      drivers/net/ethernet/intel/libeth/rx.o
  AR      fs/autofs/built-in.a
  CC      fs/fuse/readdir.o
  CC      drivers/acpi/acpica/utalloc.o
  CC      kernel/cgroup/debug.o
  CC      fs/efivarfs/super.o
  CC      drivers/firmware/efi/memmap.o
  CC      drivers/firmware/efi/esrt.o
  CC      drivers/net/ethernet/intel/libeth/tx.o
  CC      net/ipv4/xfrm4_input.o
  CC      drivers/mailbox/pcc.o
  AR      drivers/platform/x86/amd/built-in.a
  CC      drivers/platform/x86/eeepc-laptop.o
  CC      net/mac80211/led.o
  CC      net/mac80211/pm.o
  CC      net/mac80211/rc80211_minstrel_ht.o
  CC      fs/nfs/write.o
  CC      fs/fuse/ioctl.o
  CC      fs/ext4/symlink.o
  CC      drivers/hid/hid-quirks.o
  CC      fs/ext4/sysfs.o
  CC      fs/efivarfs/vars.o
  CC      drivers/acpi/acpica/utascii.o
  CC      drivers/acpi/acpica/utbuffer.o
  CC      drivers/net/ethernet/intel/libeth/xdp.o
  CC      fs/9p/acl.o
  CC      drivers/gpu/drm/i915/intel_clock_gating.o
  CC      drivers/acpi/acpica/utcksum.o
  CC      drivers/net/ethernet/intel/libie/rx.o
  CC      drivers/hid/hid-debug.o
  AR      fs/lockd/built-in.a
  AR      drivers/platform/x86/lenovo/built-in.a
  CC      fs/fuse/req_timeout.o
  CC      fs/ext4/xattr.o
  AR      drivers/firmware/qcom/built-in.a
  AR      kernel/cgroup/built-in.a
  CC      drivers/gpu/drm/i915/intel_cpu_info.o
  CC      kernel/stop_machine.o
  CC      drivers/firmware/efi/efi-pstore.o
  CC      kernel/audit.o
  AR      drivers/platform/x86/intel/built-in.a
  CC      fs/fuse/req.o
  CC      net/netfilter/xt_l2tp.o
  AR      drivers/mailbox/built-in.a
  CC      drivers/gpu/drm/i915/intel_device_info.o
  CC      drivers/net/ethernet/intel/e100.o
  CC      drivers/gpu/drm/i915/intel_memory_region.o
  AR      drivers/platform/x86/uniwill/built-in.a
  CC      drivers/platform/x86/p2sb.o
  CC      drivers/acpi/acpica/utcopy.o
  CC      drivers/net/ethernet/broadcom/bnxt/bnxt_tc.o
  CC      drivers/net/ethernet/intel/e1000/e1000_main.o
  AR      drivers/hwtracing/intel_th/built-in.a
  CC      net/mac80211/wbrf.o
  AR      fs/efivarfs/built-in.a
  AR      drivers/platform/x86/tuxedo/nb04/built-in.a
  AR      drivers/platform/x86/tuxedo/built-in.a
  CC      fs/ext4/xattr_hurd.o
  AR      drivers/firmware/samsung/built-in.a
  CC      drivers/net/ethernet/broadcom/bnxt/bnxt_debugfs.o
  AR      drivers/firmware/smccc/built-in.a
  CC      drivers/gpu/drm/i915/intel_pcode.o
  CC      drivers/platform/wmi/core.o
  CC      drivers/net/ethernet/broadcom/bnxt/bnxt_hwmon.o
  CC      drivers/hid/hidraw.o
  AR      drivers/android/built-in.a
  CC      drivers/net/ethernet/intel/e1000e/82571.o
  CC      drivers/net/ethernet/intel/e1000/e1000_hw.o
  AR      fs/9p/built-in.a
  CC      fs/nfs/namespace.o
  CC      net/ipv4/xfrm4_output.o
  CC      drivers/hid/hid-generic.o
  CC      drivers/acpi/acpica/utexcep.o
  CC      drivers/firmware/efi/runtime-wrappers.o
  AR      drivers/net/ethernet/i825xx/built-in.a
  CC      drivers/acpi/acpica/utdebug.o
  CC      drivers/firmware/efi/sysfb_efi.o
  CC      drivers/net/ethernet/intel/libeth/xsk.o
  CC      fs/fuse/poll.o
  AR      drivers/platform/x86/built-in.a
  CC      drivers/acpi/acpica/utdecode.o
  CC      drivers/net/ethernet/intel/libie/adminq.o
  CC      drivers/acpi/acpica/utdelete.o
  CC      drivers/net/ethernet/intel/libie/fwlog.o
  CC      fs/fuse/notify.o
  AR      drivers/net/ethernet/microsoft/built-in.a
  CC      drivers/net/ethernet/intel/e1000/e1000_ethtool.o
  CC      drivers/platform/wmi/marshalling.o
  CC      drivers/net/ethernet/intel/e1000/e1000_param.o
  CC      drivers/net/ethernet/intel/igb/igb_main.o
  CC      fs/ext4/xattr_trusted.o
  CC      drivers/nvmem/core.o
  CC      drivers/platform/wmi/string.o
  CC      fs/nfs/mount_clnt.o
  AR      drivers/net/ethernet/litex/built-in.a
  AR      drivers/gpu/drm/bridge/analogix/built-in.a
  CC      drivers/acpi/acpica/uterror.o
  AR      drivers/nvmem/layouts/built-in.a
  AR      drivers/gpu/drm/bridge/cadence/built-in.a
  CC      drivers/gpu/drm/i915/intel_region_ttm.o
  CC      drivers/net/ethernet/intel/igc/igc_main.o
  CC      drivers/net/ethernet/intel/igb/igb_ethtool.o
  AR      drivers/gpu/drm/bridge/imx/built-in.a
  AR      net/mac80211/tests/built-in.a
  CC      drivers/hid/hid-gyration.o
  AR      net/mac80211/built-in.a
  AR      drivers/gpu/drm/bridge/synopsys/built-in.a
  AR      drivers/gpu/drm/bridge/built-in.a
  CC      drivers/net/ethernet/intel/igc/igc_mac.o
  CC      drivers/dpll/dpll_core.o
  CC      fs/ext4/xattr_user.o
  CC      drivers/firmware/efi/earlycon.o
  CC      kernel/auditfilter.o
  CC      kernel/auditsc.o
  CC      net/netfilter/xt_multiport.o
  CC      drivers/net/ethernet/intel/e1000e/ich8lan.o
  AR      drivers/net/ethernet/intel/libie/built-in.a
  CC      drivers/net/ethernet/marvell/sky2.o
  CC      fs/fuse/iomode.o
  CC      drivers/dpll/dpll_netlink.o
  CC      drivers/net/ethernet/mellanox/mlx5/core/main.o
  AR      drivers/net/ethernet/meta/built-in.a
  CC      drivers/net/ethernet/intel/i40e/i40e_main.o
  CC      net/netfilter/xt_policy.o
  AR      drivers/nvmem/built-in.a
  AR      drivers/firmware/tegra/built-in.a
  AR      drivers/net/ethernet/marvell/octeon_ep/built-in.a
  CC      drivers/net/ethernet/intel/i40e/i40e_ethtool.o
  CC      drivers/net/ethernet/intel/igb/e1000_82575.o
  AR      drivers/platform/wmi/tests/built-in.a
  AR      drivers/platform/wmi/built-in.a
  AR      drivers/platform/built-in.a
  CC      drivers/hid/hid-ntrig.o
  CC      drivers/hid/hid-pl.o
  AR      drivers/resctrl/built-in.a
  CC      drivers/dpll/dpll_nl.o
  AR      drivers/net/ethernet/broadcom/bnxt/built-in.a
  AR      drivers/net/ethernet/broadcom/built-in.a
  CC      drivers/acpi/acpica/uteval.o
  CC      net/ipv4/xfrm4_protocol.o
  CC      drivers/net/ethernet/mellanox/mlx5/core/cmd.o
  AR      drivers/gpu/drm/hisilicon/built-in.a
  CC      drivers/net/ethernet/intel/ice/ice_main.o
  AR      drivers/net/ethernet/intel/libeth/built-in.a
  CC      drivers/gpu/drm/i915/intel_runtime_pm.o
  CC      drivers/acpi/acpica/utglobal.o
  AR      drivers/net/ethernet/intel/e1000/built-in.a
  AR      drivers/net/ethernet/micrel/built-in.a
  AR      drivers/gpu/drm/mxsfb/built-in.a
  CC      drivers/acpi/acpica/uthex.o
  CC      kernel/audit_watch.o
  CC      fs/ext4/fast_commit.o
  CC      net/netfilter/xt_state.o
  CC      fs/fuse/passthrough.o
  CC      drivers/firmware/efi/libstub/alignedmem.o
  AR      drivers/firmware/efi/built-in.a
  CC      fs/nfs/nfstrace.o
  CC      fs/fuse/backing.o
  CC      drivers/hid/hid-petalynx.o
  CC      fs/fuse/sysctl.o
  AR      drivers/net/ethernet/microchip/built-in.a
  CC      fs/ext4/orphan.o
  CC      drivers/net/ethernet/intel/igc/igc_i225.o
  CC      fs/ext4/acl.o
  CC      drivers/net/ethernet/intel/i40e/i40e_adminq.o
  CC      drivers/acpi/acpica/utids.o
  CC      drivers/net/ethernet/intel/e1000e/80003es2lan.o
  CC      fs/fuse/dev_uring.o
  AR      drivers/dpll/built-in.a
  CC      net/netfilter/nf_hooks_lwtunnel.o
  CC      drivers/net/ethernet/intel/e1000e/mac.o
  CC      drivers/firmware/efi/libstub/efi-stub-helper.o
  CC      drivers/firmware/efi/libstub/file.o
  CC      fs/nfs/export.o
  CC      drivers/hid/hid-samsung.o
  CC      drivers/gpu/drm/i915/intel_step.o
  CC      fs/ext4/xattr_security.o
  CC [M]  net/netfilter/nf_log_syslog.o
  CC      net/ipv4/bpf_tcp_ca.o
  CC      drivers/net/ethernet/intel/igb/e1000_mac.o
  CC      kernel/audit_fsnotify.o
  AR      drivers/net/ethernet/mscc/built-in.a
  CC      drivers/net/ethernet/intel/igb/e1000_nvm.o
  AR      drivers/net/ethernet/marvell/octeon_ep_vf/built-in.a
  AR      drivers/net/ethernet/marvell/octeontx2/built-in.a
  AR      drivers/net/ethernet/marvell/prestera/built-in.a
  AR      drivers/net/ethernet/marvell/built-in.a
  CC      drivers/net/ethernet/intel/igb/e1000_phy.o
  CC      drivers/net/ethernet/intel/igb/e1000_mbx.o
  CC      drivers/acpi/acpica/utinit.o
  AR      drivers/net/ethernet/mucse/built-in.a
  CC      drivers/acpi/acpica/utlock.o
  CC [M]  net/netfilter/xt_LOG.o
  CC      drivers/acpi/acpica/utmath.o
  CC      drivers/hid/hid-sony.o
  CC [M]  net/netfilter/xt_addrtype.o
  CC      drivers/net/ethernet/mellanox/mlx5/core/debugfs.o
  CC      drivers/net/ethernet/intel/e1000e/manage.o
  CC      drivers/net/ethernet/intel/i40e/i40e_common.o
  CC      drivers/hid/hid-sunplus.o
  AR      fs/fuse/built-in.a
  AR      drivers/firmware/xilinx/built-in.a
  CC      kernel/audit_tree.o
  CC      drivers/net/ethernet/intel/ice/ice_controlq.o
  CC      drivers/net/ethernet/intel/i40e/i40e_hmc.o
  CC      drivers/firmware/efi/libstub/gop.o
  CC      kernel/kprobes.o
  CC      drivers/net/ethernet/intel/igc/igc_base.o
  CC      drivers/acpi/acpica/utmisc.o
  CC      drivers/net/ethernet/intel/igc/igc_nvm.o
  CC      drivers/net/ethernet/intel/e1000e/nvm.o
  CC      drivers/net/ethernet/intel/igc/igc_phy.o
  AR      fs/ext4/built-in.a
  CC      drivers/net/ethernet/intel/igc/igc_diag.o
  CC      drivers/net/ethernet/intel/igb/e1000_i210.o
  CC      drivers/acpi/acpica/utmutex.o
  AR      drivers/net/ethernet/myricom/built-in.a
  CC      drivers/hid/hid-topseed.o
  CC      drivers/firmware/efi/libstub/lib-cmdline.o
  CC      drivers/acpi/acpica/utnonansi.o
  AR      drivers/net/ethernet/natsemi/built-in.a
  CC      fs/nfs/sysfs.o
  CC      drivers/gpu/drm/i915/intel_uncore.o
  CC      drivers/net/ethernet/intel/igb/igb_ptp.o
  CC      drivers/net/ethernet/intel/ice/ice_common.o
  CC      drivers/acpi/acpica/utobject.o
  CC      drivers/net/ethernet/intel/e1000e/phy.o
  CC      fs/nfs/fs_context.o
  CC      kernel/seccomp.o
  CC      drivers/gpu/drm/i915/intel_uncore_trace.o
  CC      drivers/net/ethernet/intel/e1000e/param.o
  CC      drivers/net/ethernet/intel/igb/igb_hwmon.o
  CC      drivers/acpi/acpica/utosi.o
  CC      drivers/firmware/efi/libstub/lib-ctype.o
  AR      net/ipv4/built-in.a
  CC      drivers/net/ethernet/intel/igc/igc_ethtool.o
  CC      drivers/net/ethernet/intel/igc/igc_ptp.o
  CC      drivers/net/ethernet/intel/ice/ice_nvm.o
  CC      fs/nfs/nfsroot.o
  CC      drivers/firmware/efi/libstub/mem.o
  CC      drivers/firmware/efi/libstub/pci.o
  CC      drivers/firmware/efi/libstub/printk.o
  CC      drivers/net/ethernet/intel/igc/igc_dump.o
  CC      drivers/net/ethernet/intel/igc/igc_tsn.o
  CC      drivers/net/ethernet/intel/igb/igb_xsk.o
  CC      drivers/net/ethernet/intel/i40e/i40e_lan_hmc.o
  CC      drivers/hid/usbhid/hid-core.o
  CC      drivers/gpu/drm/i915/intel_wakeref.o
  CC      drivers/acpi/acpica/utownerid.o
  AR      drivers/net/ethernet/netronome/built-in.a
  CC      drivers/net/ethernet/intel/e1000e/ethtool.o
  AR      net/netfilter/built-in.a
  AR      net/built-in.a
  CC      fs/nfs/sysctl.o
  CC      drivers/net/ethernet/intel/ice/ice_switch.o
  AR      drivers/net/ethernet/ni/built-in.a
  CC      drivers/net/ethernet/intel/ice/ice_sched.o
  CC      drivers/net/ethernet/mellanox/mlx5/core/fw.o
  CC      drivers/net/ethernet/intel/i40e/i40e_nvm.o
  CC      drivers/gpu/drm/sysfb/drm_sysfb.o
  CC      drivers/net/ethernet/intel/ice/ice_base.o
  CC      drivers/net/ethernet/intel/ice/ice_lib.o
  CC      drivers/net/ethernet/intel/igc/igc_xdp.o
  CC      drivers/acpi/acpica/utpredef.o
  CC      drivers/firmware/efi/libstub/random.o
  CC      fs/nfs/nfs3super.o
  CC      drivers/net/ethernet/mellanox/mlx5/core/eq.o
  CC      fs/nfs/nfs3client.o
  CC      drivers/hid/usbhid/hiddev.o
  CC      drivers/net/ethernet/intel/i40e/i40e_debugfs.o
  CC      kernel/relay.o
  CC      drivers/gpu/drm/sysfb/drm_sysfb_modeset.o
  CC      drivers/firmware/efi/libstub/randomalloc.o
  CC      drivers/acpi/acpica/utresdecode.o
  CC      drivers/net/ethernet/intel/e1000e/netdev.o
  CC      drivers/net/ethernet/mellanox/mlx5/core/uar.o
  CC      drivers/gpu/drm/i915/vlv_iosf_sb.o
  CC      drivers/gpu/drm/i915/vlv_suspend.o
  CC      drivers/gpu/drm/sysfb/drm_sysfb_screen_info.o
  CC      kernel/utsname_sysctl.o
  CC      kernel/delayacct.o
  CC      kernel/taskstats.o
  CC      drivers/firmware/efi/libstub/secureboot.o
  CC      drivers/gpu/drm/sysfb/simpledrm.o
  AR      drivers/net/ethernet/intel/igb/built-in.a
  CC      drivers/net/ethernet/mellanox/mlx5/core/pagealloc.o
  CC      drivers/net/ethernet/mellanox/mlx5/core/health.o
  CC      drivers/firmware/efi/libstub/skip_spaces.o
  CC      drivers/hid/usbhid/hid-pidff.o
  CC      kernel/tsacct.o
  CC      drivers/net/ethernet/mellanox/mlx5/core/mcg.o
  AR      drivers/gpu/drm/tiny/built-in.a
  CC      kernel/tracepoint.o
  CC      drivers/acpi/acpica/utresrc.o
  AR      drivers/net/ethernet/intel/igc/built-in.a
  CC      drivers/firmware/efi/libstub/smbios.o
  AR      drivers/gpu/drm/xlnx/built-in.a
  CC      drivers/net/ethernet/intel/e1000e/ptp.o
  CC      drivers/net/ethernet/intel/ice/ice_txrx_lib.o
  CC      drivers/net/ethernet/intel/i40e/i40e_diag.o
  AR      drivers/gpu/drm/gud/built-in.a
  CC      drivers/gpu/drm/i915/i915_memcpy.o
  CC      drivers/net/ethernet/intel/i40e/i40e_txrx.o
  AR      drivers/gpu/drm/sitronix/built-in.a
  CC      drivers/acpi/acpica/utstate.o
  CC      drivers/net/ethernet/nvidia/forcedeth.o
  CC      drivers/firmware/efi/libstub/tpm.o
  CC      drivers/firmware/efi/libstub/vsprintf.o
  CC      drivers/firmware/efi/libstub/x86-5lvl.o
  CC      kernel/trace/trace_clock.o
  AR      drivers/net/ethernet/oki-semi/built-in.a
  CC      fs/nfs/nfs3proc.o
  CC      drivers/net/ethernet/intel/i40e/i40e_ptp.o
  AR      drivers/net/ethernet/qlogic/built-in.a
  CC      kernel/trace/ring_buffer.o
  AR      drivers/net/ethernet/qualcomm/emac/built-in.a
  AR      drivers/net/ethernet/qualcomm/built-in.a
  CC      kernel/irq_work.o
  CC      drivers/net/ethernet/realtek/8139too.o
  AR      drivers/hid/usbhid/built-in.a
  AR      drivers/hid/built-in.a
  AR      drivers/net/ethernet/renesas/built-in.a
  CC      drivers/acpi/acpica/utstring.o
  CC      drivers/acpi/acpica/utstrsuppt.o
  AR      drivers/gpu/drm/solomon/built-in.a
  CC      kernel/bpf/core.o
  AR      drivers/gpu/drm/sysfb/built-in.a
  CC      drivers/net/ethernet/realtek/r8169_main.o
  CC      drivers/net/ethernet/realtek/r8169_firmware.o
  CC      drivers/acpi/acpica/utstrtoul64.o
  CC      drivers/firmware/efi/libstub/x86-stub.o
  CC      kernel/bpf/syscall.o
  CC      kernel/static_call.o
  CC      drivers/net/ethernet/realtek/r8169_phy_config.o
  CC      drivers/gpu/drm/i915/i915_mm.o
  CC      drivers/net/ethernet/intel/i40e/i40e_ddp.o
  STUBCPY drivers/firmware/efi/libstub/alignedmem.stub.o
  CC      kernel/static_call_inline.o
  STUBCPY drivers/firmware/efi/libstub/efi-stub-helper.stub.o
  CC      drivers/net/ethernet/mellanox/mlx5/core/cq.o
  CC      kernel/events/core.o
  CC      kernel/trace/trace.o
  CC      kernel/events/ring_buffer.o
  CC      kernel/trace/trace_output.o
  CC      drivers/net/ethernet/intel/ice/ice_txrx.o
  AR      drivers/net/ethernet/rdc/built-in.a
  CC      drivers/net/ethernet/intel/ice/ice_fltr.o
  CC      drivers/net/ethernet/intel/ice/ice_irq.o
  CC      drivers/acpi/acpica/utxface.o
  CC      kernel/events/callchain.o
  STUBCPY drivers/firmware/efi/libstub/file.stub.o
  CC      drivers/net/ethernet/intel/ice/ice_pf_vsi_vlan_ops.o
  CC      drivers/net/ethernet/intel/i40e/i40e_client.o
  CC      kernel/events/hw_breakpoint.o
  AR      drivers/net/ethernet/nvidia/built-in.a
  STUBCPY drivers/firmware/efi/libstub/gop.stub.o
  CC      kernel/events/uprobes.o
  CC      drivers/net/ethernet/intel/ice/ice_vsi_vlan_ops.o
  CC      drivers/acpi/acpica/utxfinit.o
  AR      drivers/net/ethernet/intel/e1000e/built-in.a
  STUBCPY drivers/firmware/efi/libstub/lib-cmdline.stub.o
  CC      kernel/bpf/verifier.o
  CC      drivers/net/ethernet/intel/ice/ice_vsi_vlan_lib.o
  CC      drivers/net/ethernet/intel/ice/ice_fdir.o
  CC      fs/nfs/nfs3xdr.o
  CC      drivers/net/ethernet/mellanox/mlx5/core/alloc.o
  STUBCPY drivers/firmware/efi/libstub/lib-ctype.stub.o
  STUBCPY drivers/firmware/efi/libstub/mem.stub.o
  STUBCPY drivers/firmware/efi/libstub/pci.stub.o
  STUBCPY drivers/firmware/efi/libstub/printk.stub.o
  STUBCPY drivers/firmware/efi/libstub/random.stub.o
  STUBCPY drivers/firmware/efi/libstub/randomalloc.stub.o
  STUBCPY drivers/firmware/efi/libstub/secureboot.stub.o
  STUBCPY drivers/firmware/efi/libstub/skip_spaces.stub.o
  STUBCPY drivers/firmware/efi/libstub/smbios.stub.o
  STUBCPY drivers/firmware/efi/libstub/tpm.stub.o
  STUBCPY drivers/firmware/efi/libstub/vsprintf.stub.o
  STUBCPY drivers/firmware/efi/libstub/x86-5lvl.stub.o
  STUBCPY drivers/firmware/efi/libstub/x86-stub.stub.o
  AR      drivers/firmware/efi/libstub/lib.a
  AR      drivers/firmware/built-in.a
  CC      drivers/acpi/acpica/utxferror.o
  CC      kernel/bpf/inode.o
  CC      drivers/net/ethernet/mellanox/mlx5/core/port.o
  CC      kernel/bpf/helpers.o
  CC      fs/nfs/nfs3acl.o
  CC      drivers/gpu/drm/i915/i915_sw_fence.o
  CC      kernel/bpf/tnum.o
  CC      fs/nfs/nfs4proc.o
  CC      kernel/bpf/cnum.o
  CC      drivers/net/ethernet/intel/ice/ice_ethtool_fdir.o
  CC      kernel/bpf/log.o
  CC      drivers/net/ethernet/mellanox/mlx5/core/mr.o
  CC      fs/nfs/nfs4xdr.o
  CC      drivers/net/ethernet/intel/i40e/i40e_virtchnl_pf.o
  CC      drivers/net/ethernet/intel/i40e/i40e_xsk.o
  CC      drivers/acpi/acpica/utxfmutex.o
  CC      kernel/bpf/token.o
  CC      fs/nfs/nfs4state.o
  CC      kernel/trace/trace_seq.o
  AR      drivers/net/ethernet/realtek/built-in.a
  CC      drivers/net/ethernet/mellanox/mlx5/core/pd.o
  AR      kernel/events/built-in.a
  CC      drivers/net/ethernet/mellanox/mlx5/core/transobj.o
  CC      drivers/gpu/drm/i915/i915_sw_fence_work.o
  AR      drivers/acpi/acpica/built-in.a
  AR      drivers/acpi/built-in.a
  CC      drivers/net/ethernet/mellanox/mlx5/core/vport.o
  CC      kernel/trace/trace_stat.o
  CC      kernel/bpf/liveness.o
  CC      kernel/trace/trace_printk.o
  CC      drivers/net/ethernet/intel/i40e/i40e_devlink.o
  AR      drivers/net/ethernet/rocker/built-in.a
  CC      drivers/net/ethernet/mellanox/mlx5/core/sriov.o
  CC      fs/nfs/nfs4renewd.o
  CC      kernel/trace/trace_pid.o
  CC      kernel/bpf/const_fold.o
  CC      fs/nfs/nfs4super.o
  CC      kernel/trace/pid_list.o
  CC      drivers/gpu/drm/i915/i915_syncmap.o
  CC      drivers/net/ethernet/intel/ice/ice_vlan_mode.o
  CC      drivers/gpu/drm/i915/i915_user_extensions.o
  CC      drivers/net/ethernet/intel/ice/ice_flex_pipe.o
  CC      kernel/trace/trace_sched_switch.o
  CC      fs/nfs/nfs4file.o
  CC      kernel/bpf/bpf_iter.o
  CC      drivers/gpu/drm/i915/i915_ioc32.o
  CC      fs/nfs/delegation.o
  CC      kernel/trace/trace_nop.o
  CC      kernel/bpf/map_iter.o
  CC      kernel/trace/blktrace.o
  CC      drivers/net/ethernet/mellanox/mlx5/core/fs_cmd.o
  CC      drivers/net/ethernet/intel/ice/ice_flow.o
  CC      kernel/trace/trace_events.o
  CC      drivers/gpu/drm/i915/i915_debugfs.o
  CC      kernel/bpf/task_iter.o
  CC      fs/nfs/nfs4idmap.o
  CC      fs/nfs/callback.o
  CC      drivers/gpu/drm/i915/i915_debugfs_params.o
  CC      kernel/trace/trace_export.o
  CC      kernel/user-return-notifier.o
  CC      drivers/gpu/drm/i915/i915_pmu.o
  CC      drivers/gpu/drm/i915/i915_bo.o
  CC      drivers/gpu/drm/i915/i915_display_pc8.o
  CC      drivers/net/ethernet/mellanox/mlx5/core/fs_core.o
  CC      drivers/net/ethernet/mellanox/mlx5/core/pci_irq.o
  CC      kernel/bpf/prog_iter.o
  CC      drivers/gpu/drm/i915/i915_dpt.o
  CC      drivers/gpu/drm/i915/i915_dsb_buffer.o
  CC      drivers/net/ethernet/mellanox/mlx5/core/fs_counters.o
  CC      drivers/net/ethernet/mellanox/mlx5/core/fs_ft_pool.o
  CC      drivers/net/ethernet/mellanox/mlx5/core/rl.o
  CC      drivers/gpu/drm/i915/i915_fb_pin.o
  CC      drivers/net/ethernet/mellanox/mlx5/core/lag/debugfs.o
  AR      drivers/net/ethernet/intel/i40e/built-in.a
  CC      kernel/padata.o
  CC      kernel/jump_label.o
  CC      kernel/context_tracking.o
  CC      kernel/bpf/link_iter.o
  CC      drivers/net/ethernet/mellanox/mlx5/core/lag/lag.o
  CC      drivers/net/ethernet/mellanox/mlx5/core/dev.o
  CC      kernel/trace/trace_event_perf.o
  CC      fs/nfs/callback_xdr.o
  CC      drivers/net/ethernet/intel/ice/ice_parser.o
  CC      kernel/trace/trace_events_filter.o
  CC      kernel/bpf/hashtab.o
  CC      kernel/trace/trace_events_trigger.o
  CC      drivers/net/ethernet/intel/ice/ice_parser_rt.o
  CC      kernel/trace/trace_eprobe.o
  CC      drivers/net/ethernet/mellanox/mlx5/core/events.o
  CC      kernel/bpf/arraymap.o
  CC      drivers/gpu/drm/i915/i915_hdcp_gsc.o
  CC      drivers/net/ethernet/intel/ice/ice_idc.o
  CC      drivers/gpu/drm/i915/i915_initial_plane.o
  CC      fs/nfs/callback_proc.o
  CC      fs/nfs/nfs4namespace.o
  CC      drivers/net/ethernet/intel/ice/devlink/devlink.o
  CC      kernel/bpf/percpu_freelist.o
  CC      drivers/net/ethernet/mellanox/mlx5/core/wq.o
  CC      drivers/net/ethernet/intel/ice/devlink/health.o
  CC      drivers/gpu/drm/i915/i915_overlay.o
  CC      kernel/trace/bpf_trace.o
  CC      kernel/bpf/bpf_lru_list.o
  CC      drivers/net/ethernet/mellanox/mlx5/core/lib/gid.o
  CC      drivers/net/ethernet/intel/ice/devlink/port.o
  CC      drivers/net/ethernet/intel/ice/ice_sf_eth.o
  CC      fs/nfs/nfs4getroot.o
  CC      fs/nfs/nfs4client.o
  CC      kernel/bpf/lpm_trie.o
  CC      drivers/gpu/drm/i915/i915_panic.o
  CC      drivers/net/ethernet/intel/ice/ice_sf_vsi_vlan_ops.o
  AR      drivers/net/ethernet/samsung/built-in.a
  CC      drivers/net/ethernet/intel/ice/ice_ddp.o
  CC      drivers/net/ethernet/intel/ice/ice_fw_update.o
  CC      kernel/bpf/map_in_map.o
  CC      drivers/gpu/drm/i915/gt/gen2_engine_cs.o
  CC      fs/nfs/nfs4session.o
  CC      drivers/net/ethernet/mellanox/mlx5/core/lib/devcom.o
  CC      kernel/bpf/bloom_filter.o
  AR      drivers/net/ethernet/seeq/built-in.a
  CC      kernel/bpf/local_storage.o
  CC      kernel/bpf/queue_stack_maps.o
  AR      drivers/net/ethernet/silan/built-in.a
  CC      kernel/bpf/ringbuf.o
  AR      drivers/net/ethernet/sis/built-in.a
  CC      drivers/net/ethernet/mellanox/mlx5/core/lib/pci_vsc.o
  AR      drivers/net/ethernet/sfc/built-in.a
  CC      drivers/net/ethernet/mellanox/mlx5/core/lib/dm.o
  CC      drivers/net/ethernet/intel/ice/ice_lag.o
  CC      drivers/net/ethernet/intel/ice/ice_ethtool.o
  CC      fs/nfs/dns_resolve.o
  CC      drivers/net/ethernet/mellanox/mlx5/core/lib/fs_ttc.o
  CC      drivers/net/ethernet/mellanox/mlx5/core/diag/fs_tracepoint.o
  CC      kernel/trace/trace_kprobe.o
  CC      kernel/bpf/bpf_insn_array.o
  CC      kernel/bpf/bpf_local_storage.o
  CC      fs/nfs/nfs4trace.o
  AR      drivers/net/ethernet/smsc/built-in.a
  CC      drivers/net/ethernet/mellanox/mlx5/core/diag/fw_tracer.o
  CC      kernel/trace/error_report-traces.o
  CC      drivers/gpu/drm/i915/gt/gen6_engine_cs.o
  CC      kernel/trace/power-traces.o
  CC      fs/nfs/pnfs.o
  CC      drivers/net/ethernet/intel/ice/ice_repr.o
  CC      kernel/bpf/bpf_task_storage.o
  CC      fs/nfs/pnfs_dev.o
  AR      drivers/net/ethernet/socionext/built-in.a
  CC      drivers/net/ethernet/mellanox/mlx5/core/diag/crdump.o
  CC      kernel/bpf/fixups.o
  CC      kernel/bpf/cfg.o
  CC      fs/nfs/pnfs_nfs.o
  CC      drivers/gpu/drm/i915/gt/gen6_ppgtt.o
  CC      fs/nfs/nfs4sysctl.o
  CC      drivers/gpu/drm/i915/gt/gen7_renderclear.o
  CC      kernel/bpf/states.o
  CC      fs/nfs/nfs40client.o
  CC      kernel/trace/rpm-traces.o
  CC      kernel/trace/trace_dynevent.o
  CC      drivers/net/ethernet/intel/ice/ice_tc_lib.o
  CC      drivers/net/ethernet/intel/ice/ice_debugfs.o
  CC      drivers/net/ethernet/intel/ice/ice_adapter.o
  CC      drivers/net/ethernet/intel/ice/ice_ptp.o
  CC      drivers/net/ethernet/mellanox/mlx5/core/devlink.o
  CC      kernel/bpf/backtrack.o
  CC      kernel/bpf/check_btf.o
  CC      kernel/trace/trace_probe.o
  CC      kernel/trace/trace_uprobe.o
  AR      drivers/net/ethernet/stmicro/built-in.a
  CC      kernel/bpf/disasm.o
  CC      drivers/net/ethernet/intel/ice/ice_ptp_hw.o
  CC      drivers/gpu/drm/i915/gt/gen8_engine_cs.o
  CC      drivers/gpu/drm/i915/gt/gen8_ppgtt.o
  CC      drivers/gpu/drm/i915/gt/intel_breadcrumbs.o
  CC      fs/nfs/nfs40proc.o
  CC      kernel/bpf/mprog.o
  CC      kernel/bpf/trampoline.o
  CC      drivers/net/ethernet/mellanox/mlx5/core/sh_devlink.o
  CC      drivers/gpu/drm/i915/gt/intel_context.o
  AR      drivers/net/ethernet/sun/built-in.a
  CC      kernel/trace/rethook.o
  CC      kernel/bpf/btf.o
  CC      drivers/net/ethernet/mellanox/mlx5/core/diag/rsc_dump.o
  CC      drivers/net/ethernet/mellanox/mlx5/core/diag/reporter_vnic.o
  CC      drivers/net/ethernet/mellanox/mlx5/core/fw_reset.o
  AR      drivers/net/ethernet/tehuti/built-in.a
  CC      kernel/bpf/memalloc.o
  CC      kernel/bpf/rqspinlock.o
  CC      drivers/net/ethernet/intel/ice/ice_dpll.o
  CC      drivers/gpu/drm/i915/gt/intel_context_sseu.o
  CC      drivers/net/ethernet/mellanox/mlx5/core/qos.o
  CC      drivers/net/ethernet/mellanox/mlx5/core/lib/tout.o
  CC      kernel/bpf/stream.o
  CC      drivers/net/ethernet/intel/ice/ice_tspll.o
  CC      fs/nfs/filelayout/filelayout.o
  CC      drivers/gpu/drm/i915/gt/intel_engine_cs.o
  CC      kernel/bpf/arena.o
  CC      drivers/net/ethernet/mellanox/mlx5/core/lib/aso.o
  CC      drivers/gpu/drm/i915/gt/intel_engine_heartbeat.o
  AR      kernel/trace/built-in.a
  CC      fs/nfs/filelayout/filelayoutdev.o
  AR      drivers/net/ethernet/ti/built-in.a
  CC      kernel/iomem.o
  CC      kernel/bpf/range_tree.o
  CC      drivers/net/ethernet/mellanox/mlx5/core/wc.o
  CC      kernel/bpf/dispatcher.o
  CC      kernel/rseq.o
  GZIP    kernel/config_data.gz
  CC      drivers/net/ethernet/mellanox/mlx5/core/fs_pool.o
  CC      kernel/configs.o
  CC      drivers/net/ethernet/mellanox/mlx5/core/lib/nv_param.o
  CC      kernel/bpf/devmap.o
  CC      drivers/gpu/drm/i915/gt/intel_engine_pm.o
  CC      drivers/gpu/drm/i915/gt/intel_engine_user.o
  CC      drivers/gpu/drm/i915/gt/intel_execlists_submission.o
  CC      drivers/gpu/drm/i915/gt/intel_ggtt.o
  CC      kernel/bpf/cpumap.o
  CC      drivers/net/ethernet/intel/ice/ice_cpi.o
  CC      drivers/net/ethernet/intel/ice/ice_txclk.o
  AR      drivers/net/ethernet/vertexcom/built-in.a
  CC      drivers/net/ethernet/mellanox/mlx5/core/en/rqt.o
  CC      drivers/net/ethernet/mellanox/mlx5/core/en/tir.o
  CC      drivers/net/ethernet/mellanox/mlx5/core/en/rss.o
  CC      drivers/net/ethernet/mellanox/mlx5/core/en/rx_res.o
  CC      drivers/gpu/drm/i915/gt/intel_ggtt_fencing.o
  CC      fs/nfs/blocklayout/blocklayout.o
  CC      drivers/net/ethernet/mellanox/mlx5/core/en/channels.o
  CC      drivers/net/ethernet/intel/ice/ice_arfs.o
  CC      drivers/net/ethernet/intel/ice/ice_hwmon.o
  CC      drivers/net/ethernet/mellanox/mlx5/core/en_main.o
  CC      drivers/gpu/drm/i915/gt/intel_gt.o
  CC      fs/nfs/flexfilelayout/flexfilelayout.o
  CC      kernel/bpf/offload.o
  AR      fs/nfs/filelayout/built-in.a
  CC      drivers/net/ethernet/mellanox/mlx5/core/en_common.o
  CC      kernel/bpf/net_namespace.o
  CC      drivers/net/ethernet/mellanox/mlx5/core/en_fs.o
  AR      drivers/net/ethernet/via/built-in.a
  CC      drivers/net/ethernet/mellanox/mlx5/core/en_ethtool.o
  AR      drivers/net/ethernet/wangxun/built-in.a
  CC      kernel/bpf/tcx.o
  CC      kernel/bpf/stackmap.o
  CC      drivers/net/ethernet/mellanox/mlx5/core/en_tx.o
  AR      drivers/net/ethernet/wiznet/built-in.a
  CC      kernel/bpf/cgroup_iter.o
  AR      drivers/net/ethernet/xilinx/built-in.a
  CC      fs/nfs/flexfilelayout/flexfilelayoutdev.o
  AR      drivers/net/ethernet/xircom/built-in.a
  CC      drivers/gpu/drm/i915/gt/intel_gt_buffer_pool.o
  AR      drivers/net/ethernet/synopsys/built-in.a
  CC      drivers/gpu/drm/i915/gt/intel_gt_ccs_mode.o
  CC      drivers/gpu/drm/i915/gt/intel_gt_clock_utils.o
  CC      kernel/bpf/bpf_cgrp_storage.o
  CC      kernel/bpf/cgroup.o
  CC      kernel/bpf/reuseport_array.o
  AR      drivers/net/ethernet/pensando/built-in.a
  CC      drivers/gpu/drm/i915/gt/intel_gt_debugfs.o
  CC      kernel/bpf/bpf_struct_ops.o
  CC      drivers/gpu/drm/i915/gt/intel_gt_engines_debugfs.o
  CC      drivers/gpu/drm/i915/gt/intel_gt_irq.o
  CC      fs/nfs/blocklayout/dev.o
  CC      fs/nfs/blocklayout/extent_tree.o
  CC      drivers/gpu/drm/i915/gt/intel_gt_mcr.o
  CC      drivers/gpu/drm/i915/gt/intel_gt_pm.o
  CC      drivers/gpu/drm/i915/gt/intel_gt_pm_debugfs.o
  CC      drivers/gpu/drm/i915/gt/intel_gt_pm_irq.o
  AR      fs/nfs/flexfilelayout/built-in.a
  CC      kernel/bpf/cpumask.o
  CC      kernel/bpf/crypto.o
  CC      kernel/bpf/relo_core.o
  CC      kernel/bpf/btf_iter.o
  CC      kernel/bpf/btf_relocate.o
  CC      kernel/bpf/kmem_cache_iter.o
  CC      kernel/bpf/dmabuf_iter.o
  CC      drivers/net/ethernet/mellanox/mlx5/core/en_rx.o
  CC      drivers/gpu/drm/i915/gt/intel_gt_requests.o
  CC      drivers/gpu/drm/i915/gt/intel_gt_sysfs.o
  CC      drivers/gpu/drm/i915/gt/intel_gt_sysfs_pm.o
  CC      drivers/net/ethernet/mellanox/mlx5/core/en_dim.o
  AR      drivers/net/ethernet/intel/ice/built-in.a
  AR      drivers/net/ethernet/intel/built-in.a
  CC      drivers/net/ethernet/mellanox/mlx5/core/en_txrx.o
  CC      drivers/gpu/drm/i915/gt/intel_gtt.o
  CC      drivers/net/ethernet/mellanox/mlx5/core/en/xdp.o
  CC      drivers/gpu/drm/i915/gt/intel_llc.o
  CC      drivers/gpu/drm/i915/gt/intel_lrc.o
  CC      drivers/gpu/drm/i915/gt/intel_migrate.o
  CC      drivers/net/ethernet/mellanox/mlx5/core/en_stats.o
  CC      drivers/net/ethernet/mellanox/mlx5/core/en_selftest.o
  CC      drivers/net/ethernet/mellanox/mlx5/core/en/port.o
  CC      drivers/net/ethernet/mellanox/mlx5/core/en/monitor_stats.o
  CC      drivers/net/ethernet/mellanox/mlx5/core/en/health.o
  CC      drivers/net/ethernet/mellanox/mlx5/core/en/reporter_tx.o
  CC      drivers/gpu/drm/i915/gt/intel_mocs.o
  CC      drivers/gpu/drm/i915/gt/intel_ppgtt.o
  CC      drivers/net/ethernet/mellanox/mlx5/core/en/reporter_rx.o
  CC      drivers/net/ethernet/mellanox/mlx5/core/en/params.o
  CC      drivers/net/ethernet/mellanox/mlx5/core/en/xsk/pool.o
  CC      drivers/gpu/drm/i915/gt/intel_rc6.o
  CC      drivers/gpu/drm/i915/gt/intel_region_lmem.o
  CC      drivers/gpu/drm/i915/gt/intel_renderstate.o
  CC      drivers/net/ethernet/mellanox/mlx5/core/en/xsk/setup.o
  CC      drivers/net/ethernet/mellanox/mlx5/core/en/xsk/rx.o
  CC      drivers/net/ethernet/mellanox/mlx5/core/en/xsk/tx.o
  CC      drivers/net/ethernet/mellanox/mlx5/core/en/devlink.o
  CC      drivers/net/ethernet/mellanox/mlx5/core/en/ptp.o
  CC      drivers/gpu/drm/i915/gt/intel_reset.o
  CC      drivers/net/ethernet/mellanox/mlx5/core/en/qos.o
  AR      kernel/bpf/built-in.a
  AR      kernel/built-in.a
  CC      fs/nfs/blocklayout/rpc_pipefs.o
  CC      drivers/gpu/drm/i915/gt/intel_ring.o
  CC      drivers/gpu/drm/i915/gt/intel_ring_submission.o
  CC      drivers/net/ethernet/mellanox/mlx5/core/en/htb.o
  CC      drivers/net/ethernet/mellanox/mlx5/core/en/trap.o
  CC      drivers/net/ethernet/mellanox/mlx5/core/en/fs_tt_redirect.o
  CC      drivers/net/ethernet/mellanox/mlx5/core/en/selq.o
  CC      drivers/net/ethernet/mellanox/mlx5/core/lib/crypto.o
  CC      drivers/gpu/drm/i915/gt/intel_rps.o
  CC      drivers/net/ethernet/mellanox/mlx5/core/lib/sd.o
  CC      drivers/gpu/drm/i915/gt/intel_sa_media.o
  CC      drivers/net/ethernet/mellanox/mlx5/core/en/pcie_cong_event.o
  CC      drivers/gpu/drm/i915/gt/intel_sseu.o
  CC      drivers/net/ethernet/mellanox/mlx5/core/en_arfs.o
  CC      drivers/net/ethernet/mellanox/mlx5/core/en_fs_ethtool.o
  CC      drivers/gpu/drm/i915/gt/intel_sseu_debugfs.o
  CC      drivers/gpu/drm/i915/gt/intel_timeline.o
  AR      fs/nfs/blocklayout/built-in.a
  AR      fs/nfs/built-in.a
  AR      fs/built-in.a
  CC      drivers/gpu/drm/i915/gt/intel_tlb.o
  CC      drivers/net/ethernet/mellanox/mlx5/core/hwmon.o
  CC      drivers/gpu/drm/i915/gt/intel_wopcm.o
  CC      drivers/net/ethernet/mellanox/mlx5/core/lib/mpfs.o
  CC      drivers/gpu/drm/i915/gt/intel_workarounds.o
  CC      drivers/net/ethernet/mellanox/mlx5/core/lib/vxlan.o
  CC      drivers/net/ethernet/mellanox/mlx5/core/lib/clock.o
  CC      drivers/gpu/drm/i915/gt/shmem_utils.o
  CC      drivers/gpu/drm/i915/gt/sysfs_engines.o
  CC      drivers/gpu/drm/i915/gt/intel_ggtt_gmch.o
  CC      drivers/gpu/drm/i915/gt/gen6_renderstate.o
  CC      drivers/gpu/drm/i915/gt/gen7_renderstate.o
  CC      drivers/gpu/drm/i915/gt/gen8_renderstate.o
  CC      drivers/gpu/drm/i915/gt/gen9_renderstate.o
  CC      drivers/gpu/drm/i915/gem/i915_gem_busy.o
  CC      drivers/gpu/drm/i915/gem/i915_gem_clflush.o
  CC      drivers/gpu/drm/i915/gem/i915_gem_context.o
  CC      drivers/gpu/drm/i915/gem/i915_gem_create.o
  CC      drivers/gpu/drm/i915/gem/i915_gem_dmabuf.o
  CC      drivers/gpu/drm/i915/gem/i915_gem_domain.o
  CC      drivers/gpu/drm/i915/gem/i915_gem_execbuffer.o
  CC      drivers/gpu/drm/i915/gem/i915_gem_internal.o
  CC      drivers/gpu/drm/i915/gem/i915_gem_lmem.o
  CC      drivers/gpu/drm/i915/gem/i915_gem_mman.o
  CC      drivers/gpu/drm/i915/gem/i915_gem_object.o
  CC      drivers/gpu/drm/i915/gem/i915_gem_object_frontbuffer.o
  CC      drivers/gpu/drm/i915/gem/i915_gem_pages.o
  CC      drivers/gpu/drm/i915/gem/i915_gem_phys.o
  CC      drivers/gpu/drm/i915/gem/i915_gem_pm.o
  CC      drivers/gpu/drm/i915/gem/i915_gem_region.o
  CC      drivers/gpu/drm/i915/gem/i915_gem_shmem.o
  CC      drivers/gpu/drm/i915/gem/i915_gem_shrinker.o
  CC      drivers/gpu/drm/i915/gem/i915_gem_stolen.o
  CC      drivers/gpu/drm/i915/gem/i915_gem_throttle.o
  CC      drivers/gpu/drm/i915/gem/i915_gem_tiling.o
  CC      drivers/gpu/drm/i915/gem/i915_gem_ttm.o
  CC      drivers/gpu/drm/i915/gem/i915_gem_ttm_move.o
  CC      drivers/gpu/drm/i915/gem/i915_gem_ttm_pm.o
  CC      drivers/gpu/drm/i915/gem/i915_gem_userptr.o
  CC      drivers/gpu/drm/i915/gem/i915_gem_wait.o
  CC      drivers/gpu/drm/i915/i915_active.o
  CC      drivers/gpu/drm/i915/i915_cmd_parser.o
  CC      drivers/gpu/drm/i915/i915_deps.o
  CC      drivers/gpu/drm/i915/i915_gem.o
  CC      drivers/gpu/drm/i915/i915_gem_evict.o
  CC      drivers/gpu/drm/i915/i915_gem_gtt.o
  CC      drivers/gpu/drm/i915/i915_gem_ww.o
  CC      drivers/gpu/drm/i915/i915_query.o
  CC      drivers/gpu/drm/i915/i915_request.o
  CC      drivers/gpu/drm/i915/i915_scheduler.o
  CC      drivers/gpu/drm/i915/i915_trace_points.o
  CC      drivers/gpu/drm/i915/i915_ttm_buddy_manager.o
  CC      drivers/gpu/drm/i915/i915_vma.o
  CC      drivers/gpu/drm/i915/i915_vma_resource.o
  CC      drivers/gpu/drm/i915/gt/uc/intel_gsc_fw.o
  AR      drivers/net/ethernet/mellanox/mlx5/core/built-in.a
  AR      drivers/net/ethernet/mellanox/built-in.a
  AR      drivers/net/ethernet/built-in.a
  AR      drivers/net/built-in.a
  CC      drivers/gpu/drm/i915/gt/uc/intel_gsc_proxy.o
  CC      drivers/gpu/drm/i915/gt/uc/intel_gsc_uc.o
  CC      drivers/gpu/drm/i915/gt/uc/intel_gsc_uc_debugfs.o
  CC      drivers/gpu/drm/i915/gt/uc/intel_gsc_uc_heci_cmd_submit.o
  CC      drivers/gpu/drm/i915/gt/uc/intel_guc.o
  CC      drivers/gpu/drm/i915/gt/uc/intel_guc_ads.o
  CC      drivers/gpu/drm/i915/gt/uc/intel_guc_capture.o
  CC      drivers/gpu/drm/i915/gt/uc/intel_guc_ct.o
  CC      drivers/gpu/drm/i915/gt/uc/intel_guc_debugfs.o
  CC      drivers/gpu/drm/i915/gt/uc/intel_guc_fw.o
  CC      drivers/gpu/drm/i915/gt/uc/intel_guc_hwconfig.o
  CC      drivers/gpu/drm/i915/gt/uc/intel_guc_log.o
  CC      drivers/gpu/drm/i915/gt/uc/intel_guc_log_debugfs.o
  CC      drivers/gpu/drm/i915/gt/uc/intel_guc_rc.o
  CC      drivers/gpu/drm/i915/gt/uc/intel_guc_slpc.o
  CC      drivers/gpu/drm/i915/gt/uc/intel_guc_submission.o
  CC      drivers/gpu/drm/i915/gt/uc/intel_huc.o
  CC      drivers/gpu/drm/i915/gt/uc/intel_huc_debugfs.o
  CC      drivers/gpu/drm/i915/gt/uc/intel_huc_fw.o
  CC      drivers/gpu/drm/i915/gt/uc/intel_uc.o
  CC      drivers/gpu/drm/i915/gt/uc/intel_uc_debugfs.o
  CC      drivers/gpu/drm/i915/gt/uc/intel_uc_fw.o
  CC      drivers/gpu/drm/i915/gt/intel_gsc.o
  CC      drivers/gpu/drm/i915/i915_hwmon.o
  CC      drivers/gpu/drm/i915/display/hsw_ips.o
  CC      drivers/gpu/drm/i915/display/i9xx_display_sr.o
  CC      drivers/gpu/drm/i915/display/i9xx_plane.o
  CC      drivers/gpu/drm/i915/display/i9xx_wm.o
  CC      drivers/gpu/drm/i915/display/intel_alpm.o
  CC      drivers/gpu/drm/i915/display/intel_atomic.o
  CC      drivers/gpu/drm/i915/display/intel_audio.o
  CC      drivers/gpu/drm/i915/display/intel_bios.o
  CC      drivers/gpu/drm/i915/display/intel_bo.o
  CC      drivers/gpu/drm/i915/display/intel_bw.o
  CC      drivers/gpu/drm/i915/display/intel_casf.o
  CC      drivers/gpu/drm/i915/display/intel_cdclk.o
  CC      drivers/gpu/drm/i915/display/intel_cmtg.o
  CC      drivers/gpu/drm/i915/display/intel_color.o
  CC      drivers/gpu/drm/i915/display/intel_colorop.o
  CC      drivers/gpu/drm/i915/display/intel_color_pipeline.o
  CC      drivers/gpu/drm/i915/display/intel_combo_phy.o
  CC      drivers/gpu/drm/i915/display/intel_connector.o
  CC      drivers/gpu/drm/i915/display/intel_crtc.o
  CC      drivers/gpu/drm/i915/display/intel_crtc_state_dump.o
  CC      drivers/gpu/drm/i915/display/intel_cursor.o
  CC      drivers/gpu/drm/i915/display/intel_dbuf_bw.o
  CC      drivers/gpu/drm/i915/display/intel_de.o
  CC      drivers/gpu/drm/i915/display/intel_display_clock_gating.o
  CC      drivers/gpu/drm/i915/display/intel_display.o
  CC      drivers/gpu/drm/i915/display/intel_display_conversion.o
  CC      drivers/gpu/drm/i915/display/intel_display_driver.o
  CC      drivers/gpu/drm/i915/display/intel_display_irq.o
  CC      drivers/gpu/drm/i915/display/intel_display_params.o
  CC      drivers/gpu/drm/i915/display/intel_display_power.o
  CC      drivers/gpu/drm/i915/display/intel_display_power_map.o
  CC      drivers/gpu/drm/i915/display/intel_display_power_well.o
  CC      drivers/gpu/drm/i915/display/intel_display_reset.o
  CC      drivers/gpu/drm/i915/display/intel_display_rpm.o
  CC      drivers/gpu/drm/i915/display/intel_display_rps.o
  CC      drivers/gpu/drm/i915/display/intel_display_snapshot.o
  CC      drivers/gpu/drm/i915/display/intel_display_utils.o
  CC      drivers/gpu/drm/i915/display/intel_display_wa.o
  CC      drivers/gpu/drm/i915/display/intel_dmc.o
  CC      drivers/gpu/drm/i915/display/intel_dmc_wl.o
  CC      drivers/gpu/drm/i915/display/intel_dpio_phy.o
  CC      drivers/gpu/drm/i915/display/intel_dpll.o
  CC      drivers/gpu/drm/i915/display/intel_dpll_mgr.o
  CC      drivers/gpu/drm/i915/display/intel_dpt.o
  CC      drivers/gpu/drm/i915/display/intel_dram.o
  CC      drivers/gpu/drm/i915/display/intel_drrs.o
  CC      drivers/gpu/drm/i915/display/intel_dsb.o
  CC      drivers/gpu/drm/i915/display/intel_fb.o
  CC      drivers/gpu/drm/i915/display/intel_fbc.o
  CC      drivers/gpu/drm/i915/display/intel_fdi.o
  CC      drivers/gpu/drm/i915/display/intel_fifo_underrun.o
  CC      drivers/gpu/drm/i915/display/intel_flipq.o
  CC      drivers/gpu/drm/i915/display/intel_frontbuffer.o
  CC      drivers/gpu/drm/i915/display/intel_global_state.o
  CC      drivers/gpu/drm/i915/display/intel_hdcp.o
  CC      drivers/gpu/drm/i915/display/intel_hdcp_gsc_message.o
  CC      drivers/gpu/drm/i915/display/intel_hotplug.o
  CC      drivers/gpu/drm/i915/display/intel_hotplug_irq.o
  CC      drivers/gpu/drm/i915/display/intel_hti.o
  CC      drivers/gpu/drm/i915/display/intel_initial_plane.o
  CC      drivers/gpu/drm/i915/display/intel_link_bw.o
  CC      drivers/gpu/drm/i915/display/intel_load_detect.o
  CC      drivers/gpu/drm/i915/display/intel_lpe_audio.o
  CC      drivers/gpu/drm/i915/display/intel_mchbar.o
  CC      drivers/gpu/drm/i915/display/intel_modeset_lock.o
  CC      drivers/gpu/drm/i915/display/intel_modeset_setup.o
  CC      drivers/gpu/drm/i915/display/intel_modeset_verify.o
  CC      drivers/gpu/drm/i915/display/intel_overlay.o
  CC      drivers/gpu/drm/i915/display/intel_parent.o
  CC      drivers/gpu/drm/i915/display/intel_pch.o
  CC      drivers/gpu/drm/i915/display/intel_pch_display.o
  CC      drivers/gpu/drm/i915/display/intel_pch_refclk.o
  CC      drivers/gpu/drm/i915/display/intel_plane.o
  CC      drivers/gpu/drm/i915/display/intel_pmdemand.o
  CC      drivers/gpu/drm/i915/display/intel_psr.o
  CC      drivers/gpu/drm/i915/display/intel_quirks.o
  CC      drivers/gpu/drm/i915/display/intel_rom.o
  CC      drivers/gpu/drm/i915/display/intel_sbi.o
  CC      drivers/gpu/drm/i915/display/intel_sprite.o
  CC      drivers/gpu/drm/i915/display/intel_sprite_uapi.o
  CC      drivers/gpu/drm/i915/display/intel_tc.o
  CC      drivers/gpu/drm/i915/display/intel_vblank.o
  CC      drivers/gpu/drm/i915/display/intel_vga.o
  CC      drivers/gpu/drm/i915/display/intel_wm.o
  CC      drivers/gpu/drm/i915/display/skl_prefill.o
  CC      drivers/gpu/drm/i915/display/skl_scaler.o
  CC      drivers/gpu/drm/i915/display/skl_universal_plane.o
  CC      drivers/gpu/drm/i915/display/skl_watermark.o
  CC      drivers/gpu/drm/i915/display/vlv_clock.o
  CC      drivers/gpu/drm/i915/display/vlv_sideband.o
  CC      drivers/gpu/drm/i915/display/intel_acpi.o
  CC      drivers/gpu/drm/i915/display/intel_opregion.o
  CC      drivers/gpu/drm/i915/display/intel_fbdev.o
  CC      drivers/gpu/drm/i915/display/intel_display_debugfs.o
  CC      drivers/gpu/drm/i915/display/intel_display_debugfs_params.o
  CC      drivers/gpu/drm/i915/display/intel_pipe_crc.o
  CC      drivers/gpu/drm/i915/display/dvo_ch7017.o
  CC      drivers/gpu/drm/i915/display/dvo_ch7xxx.o
  CC      drivers/gpu/drm/i915/display/dvo_ivch.o
  CC      drivers/gpu/drm/i915/display/dvo_ns2501.o
  CC      drivers/gpu/drm/i915/display/dvo_sil164.o
  CC      drivers/gpu/drm/i915/display/dvo_tfp410.o
  CC      drivers/gpu/drm/i915/display/g4x_dp.o
  CC      drivers/gpu/drm/i915/display/g4x_hdmi.o
  CC      drivers/gpu/drm/i915/display/icl_dsi.o
  CC      drivers/gpu/drm/i915/display/intel_backlight.o
  CC      drivers/gpu/drm/i915/display/intel_crt.o
  CC      drivers/gpu/drm/i915/display/intel_cx0_phy.o
  CC      drivers/gpu/drm/i915/display/intel_ddi.o
  CC      drivers/gpu/drm/i915/display/intel_ddi_buf_trans.o
  CC      drivers/gpu/drm/i915/display/intel_display_device.o
  CC      drivers/gpu/drm/i915/display/intel_display_trace.o
  CC      drivers/gpu/drm/i915/display/intel_dkl_phy.o
  CC      drivers/gpu/drm/i915/display/intel_dp.o
  CC      drivers/gpu/drm/i915/display/intel_dp_aux.o
  CC      drivers/gpu/drm/i915/display/intel_dp_aux_backlight.o
  CC      drivers/gpu/drm/i915/display/intel_dp_hdcp.o
  CC      drivers/gpu/drm/i915/display/intel_dp_link_training.o
  CC      drivers/gpu/drm/i915/display/intel_dp_mst.o
  CC      drivers/gpu/drm/i915/display/intel_dp_test.o
  CC      drivers/gpu/drm/i915/display/intel_dsi.o
  CC      drivers/gpu/drm/i915/display/intel_dsi_dcs_backlight.o
  CC      drivers/gpu/drm/i915/display/intel_dsi_vbt.o
  CC      drivers/gpu/drm/i915/display/intel_dvo.o
  CC      drivers/gpu/drm/i915/display/intel_encoder.o
  CC      drivers/gpu/drm/i915/display/intel_gmbus.o
  CC      drivers/gpu/drm/i915/display/intel_hdmi.o
  CC      drivers/gpu/drm/i915/display/intel_lspcon.o
  CC      drivers/gpu/drm/i915/display/intel_lt_phy.o
  CC      drivers/gpu/drm/i915/display/intel_lvds.o
  CC      drivers/gpu/drm/i915/display/intel_panel.o
  CC      drivers/gpu/drm/i915/display/intel_pfit.o
  CC      drivers/gpu/drm/i915/display/intel_pps.o
  CC      drivers/gpu/drm/i915/display/intel_qp_tables.o
  CC      drivers/gpu/drm/i915/display/intel_sdvo.o
  CC      drivers/gpu/drm/i915/display/intel_snps_hdmi_pll.o
  CC      drivers/gpu/drm/i915/display/intel_snps_phy.o
  CC      drivers/gpu/drm/i915/display/intel_tv.o
  CC      drivers/gpu/drm/i915/display/intel_vdsc.o
  CC      drivers/gpu/drm/i915/display/intel_vrr.o
  CC      drivers/gpu/drm/i915/display/vlv_dsi.o
  CC      drivers/gpu/drm/i915/display/vlv_dsi_pll.o
  CC      drivers/gpu/drm/i915/i915_perf.o
  CC      drivers/gpu/drm/i915/pxp/intel_pxp.o
  CC      drivers/gpu/drm/i915/pxp/intel_pxp_huc.o
  CC      drivers/gpu/drm/i915/pxp/intel_pxp_tee.o
  CC      drivers/gpu/drm/i915/i915_gpu_error.o
  CC      drivers/gpu/drm/i915/i915_vgpu.o
  AR      drivers/gpu/drm/i915/built-in.a
  AR      drivers/gpu/drm/built-in.a
  AR      drivers/gpu/built-in.a
  AR      drivers/built-in.a
  AR      built-in.a
  AR      built-in-fixup.a
  COPY    vmlinux.a
  LD      vmlinux.o
vmlinux.o: warning: objtool: .export_symbol+0x38418: data relocation to !ENDBR: stpcpy+0x0
  MODPOST Module.symvers
  CC      .vmlinux.export.o
  CC [M]  drivers/thermal/intel/x86_pkg_temp_thermal.mod.o
  CC [M]  .module-common.o
  CC [M]  net/netfilter/nf_log_syslog.mod.o
  CC [M]  net/netfilter/xt_LOG.mod.o
  CC [M]  net/netfilter/xt_addrtype.mod.o
  LD [M]  net/netfilter/nf_log_syslog.ko
  LD [M]  net/netfilter/xt_LOG.ko
  LD [M]  net/netfilter/xt_addrtype.ko
  LD [M]  drivers/thermal/intel/x86_pkg_temp_thermal.ko
  UPD     include/generated/utsversion.h
  CC      init/version-timestamp.o
  KSYMS   .tmp_vmlinux0.kallsyms.S
  AS      .tmp_vmlinux0.kallsyms.o
  LD      .tmp_vmlinux1
  NM      .tmp_vmlinux1.syms
  KSYMS   .tmp_vmlinux1.kallsyms.S
  AS      .tmp_vmlinux1.kallsyms.o
  LD      .tmp_vmlinux2
  NM      .tmp_vmlinux2.syms
  KSYMS   .tmp_vmlinux2.kallsyms.S
  AS      .tmp_vmlinux2.kallsyms.o
  LD      vmlinux.unstripped
  NM      System.map
  SORTTAB vmlinux.unstripped
  OBJCOPY vmlinux
  GEN     modules.builtin.modinfo
  GEN     modules.builtin
  CC      arch/x86/boot/a20.o
  AS      arch/x86/boot/bioscall.o
  CC      arch/x86/boot/cmdline.o
  AS      arch/x86/boot/copy.o
  HOSTCC  arch/x86/boot/mkcpustr
  CC      arch/x86/boot/cpuflags.o
  CC      arch/x86/boot/cpucheck.o
  CC      arch/x86/boot/early_serial_console.o
  CC      arch/x86/boot/edd.o
  CC      arch/x86/boot/main.o
  CC      arch/x86/boot/memory.o
  CC      arch/x86/boot/pm.o
  AS      arch/x86/boot/pmjump.o
  CC      arch/x86/boot/printf.o
  CC      arch/x86/boot/regs.o
  CC      arch/x86/boot/string.o
  CC      arch/x86/boot/tty.o
  CC      arch/x86/boot/video.o
  CC      arch/x86/boot/video-mode.o
  CC      arch/x86/boot/version.o
  CC      arch/x86/boot/video-vga.o
  CC      arch/x86/boot/video-vesa.o
  CC      arch/x86/boot/video-bios.o
  CPUSTR  arch/x86/boot/cpustr.h
  CC      arch/x86/boot/cpu.o
  LDS     arch/x86/boot/compressed/vmlinux.lds
  AS      arch/x86/boot/compressed/kernel_info.o
  AS      arch/x86/boot/compressed/head_64.o
  VOFFSET arch/x86/boot/compressed/../voffset.h
  CC      arch/x86/boot/compressed/string.o
  CC      arch/x86/boot/compressed/cmdline.o
  CC      arch/x86/boot/compressed/error.o
  OBJCOPY arch/x86/boot/compressed/vmlinux.bin
  RELOCS  arch/x86/boot/compressed/vmlinux.relocs
  HOSTCC  arch/x86/boot/compressed/mkpiggy
  CC      arch/x86/boot/compressed/cpuflags.o
  CC      arch/x86/boot/compressed/early_serial_console.o
  CC      arch/x86/boot/compressed/kaslr.o
  CC      arch/x86/boot/compressed/ident_map_64.o
  CC      arch/x86/boot/compressed/idt_64.o
  AS      arch/x86/boot/compressed/idt_handlers_64.o
  CC      arch/x86/boot/compressed/pgtable_64.o
  CC      arch/x86/boot/compressed/acpi.o
  CC      arch/x86/boot/compressed/efi.o
  ZSTD22  arch/x86/boot/compressed/vmlinux.bin.zst
  CC      arch/x86/boot/compressed/misc.o
  MKPIGGY arch/x86/boot/compressed/piggy.S
  AS      arch/x86/boot/compressed/piggy.o
  LD      arch/x86/boot/compressed/vmlinux
  ZOFFSET arch/x86/boot/zoffset.h
  OBJCOPY arch/x86/boot/vmlinux.bin
  AS      arch/x86/boot/header.o
  LD      arch/x86/boot/setup.elf
  OBJCOPY arch/x86/boot/setup.bin
  BUILD   arch/x86/boot/bzImage
Kernel: arch/x86/boot/bzImage is ready  (#1)
  SYMLINK /workspace/tmp/kernel/build/lib/modules/7.2.0/build
  INSTALL /workspace/tmp/kernel/build/lib/modules/7.2.0/modules.order
  INSTALL /workspace/tmp/kernel/build/lib/modules/7.2.0/modules.builtin
  INSTALL /workspace/tmp/kernel/build/lib/modules/7.2.0/modules.builtin.modinfo
  INSTALL /workspace/tmp/kernel/build/lib/modules/7.2.0/kernel/drivers/thermal/intel/x86_pkg_temp_thermal.ko
  INSTALL /workspace/tmp/kernel/build/lib/modules/7.2.0/kernel/net/netfilter/nf_log_syslog.ko
  INSTALL /workspace/tmp/kernel/build/lib/modules/7.2.0/kernel/net/netfilter/xt_LOG.ko
  INSTALL /workspace/tmp/kernel/build/lib/modules/7.2.0/kernel/net/netfilter/xt_addrtype.ko
  DEPMOD  /workspace/tmp/kernel/build/lib/modules/7.2.0
>>> done: /workspace/tmp/kernel/build/vmlinuz
>>> kernel build complete
>>> runtime kernel ready (version=7.2, target=runtime, profile=runtime)
kernel ready: /home/thomas/.cache/ze/runtime-kernel/7.2-runtime-amd64-runtime-c587e7e0-c1a12eb3 (target=runtime, profile=runtime, version=7.2)
